assetID,lat,lon,vs30,value,vulnModel,censusTract,occType,occupancy,strType,designLevel,occ,designlevel
35,38.2949139,-122.0506429,360,8444.96,W1-m-RES1-DF,06095252311,RES,RES1,W1,MC,RES1,m
63,33.6806028,-117.2811199,360,52678.0,W1-m-RES1-DF,06065042748,RES,RES1,W1,MC,RES1,m
151,39.2634436,-121.5062545,360,299836.8,W1-m-RES1-DF,06115041001,RES,RES1,W1,MC,RES1,m
272,37.5814599,-122.3897966,360,1281359.0,W1-m-RES1-DF,06081605000,RES,RES1,W1,MC,RES1,m
339,34.2638082,-119.2056347,360,56869.8,W1-m-RES1-DF,06111001511,RES,RES1,W1,MC,RES1,m
392,36.921837,-121.7774079,360,14001.57,W1-m-RES1-DF,06087110506,RES,RES1,W1,MC,RES1,m
421,34.0145285,-118.2980282,360,26052.79,W1-m-RES1-DF,06037231210,RES,RES1,W1,MC,RES1,m
489,35.3024984,-119.0250417,360,32188.28,W1-m-RES1-DF,06029003137,RES,RES1,W1,MC,RES1,m
561,33.6638248,-117.6150118,360,100111.0,W1-m-RES1-DF,06059032049,RES,RES1,W1,MC,RES1,m
720,36.6523126,-119.8133073,360,270706.6,W1-m-RES1-DF,06019001800,RES,RES1,W1,MC,RES1,m
757,37.5773823,-122.0746665,360,367315.5,W1-m-RES1-DF,06001440305,RES,RES1,W1,MC,RES1,m
803,33.797319,-116.403939,360,8556.41,W1-m-RES1-DF,06065044921,RES,RES1,W1,MC,RES1,m
848,33.8432785,-118.1162992,360,485533.0,W1-m-RES1-DF,06037571101,RES,RES1,W1,MC,RES1,m
927,34.1029152,-117.8678976,360,320603.9,W1-m-RES1-DF,06037403801,RES,RES1,W1,MC,RES1,m
1047,37.6969031,-121.8651217,360,328616.3,W1-m-RES1-DF,06001450744,RES,RES1,W1,MC,RES1,m
1092,37.3835982,-121.8497624,360,180485.4,W1-m-RES1-DF,06085503803,RES,RES1,W1,MC,RES1,m
1179,34.2206887,-118.2400494,360,228367.2,W1-m-RES1-DF,06037300501,RES,RES1,W1,MC,RES1,m
1362,34.1623874,-118.2865467,360,69173.35,W1-m-RES1-DF,06037301601,RES,RES1,W1,MC,RES1,m
1504,39.3331714,-122.898708,360,206861.1,W1-m-RES1-DF,06033000100,RES,RES1,W1,MC,RES1,m
1596,37.7054323,-121.8611962,360,56007.6,W1-m-RES1-DF,06001450750,RES,RES1,W1,MC,RES1,m
1684,38.2692695,-122.30278,360,234882.4,W1-m-RES1-DF,06055200802,RES,RES1,W1,MC,RES1,m
1775,38.4777349,-121.432773,360,135797.0,W1-m-RES1-DF,06067004909,RES,RES1,W1,MC,RES1,m
2003,37.3584207,-122.0797124,360,1159975.0,W1-m-RES1-DF,06085510001,RES,RES1,W1,MC,RES1,m
2074,34.0663578,-117.9188723,360,415618.2,W1-m-RES1-DF,06037406500,RES,RES1,W1,MC,RES1,m
2146,32.8465129,-116.8973197,360,175499.8,W1-m-RES1-DF,06073016811,RES,RES1,W1,MC,RES1,m
2362,32.8149599,-116.9711545,360,86212.82,W1-m-RES1-DF,06073016202,RES,RES1,W1,MC,RES1,m
2417,34.2699733,-118.753251,360,307469.9,W1-m-RES1-DF,06111008001,RES,RES1,W1,MC,RES1,m
2493,37.8866878,-122.2949826,360,164432.2,W1-m-RES1-DF,06001420500,RES,RES1,W1,MC,RES1,m
2611,37.8819398,-122.2701842,360,148157.8,W1-m-RES1-DF,06001421700,RES,RES1,W1,MC,RES1,m
2727,34.028274,-118.1114285,360,269762.1,W1-m-RES1-DF,06037530005,RES,RES1,W1,MC,RES1,m
2765,38.3417498,-121.9660442,360,98370.0,W1-m-RES1-DF,06095253106,RES,RES1,W1,MC,RES1,m
2829,33.8569402,-118.1809849,360,113876.0,W1-m-RES1-DF,06037570601,RES,RES1,W1,MC,RES1,m
2875,33.9440441,-118.1559843,360,149850.4,W1-m-RES1-DF,06037551401,RES,RES1,W1,MC,RES1,m
2919,33.0785891,-117.0160101,360,38123.28,W1-m-RES1-DF,06073020710,RES,RES1,W1,MC,RES1,m
2944,33.549813,-117.1642747,360,47067.23,W1-m-RES1-DF,06065050502,RES,RES1,W1,MC,RES1,m
3067,33.5727476,-117.6651142,360,303615.2,W1-m-RES1-DF,06059032013,RES,RES1,W1,MC,RES1,m
3157,33.9864059,-118.2520926,360,35370.16,W1-m-RES1-DF,06037532800,RES,RES1,W1,MC,RES1,m
3212,33.7975374,-117.9020092,360,51409.92,W1-m-RES1-DF,06059087504,RES,RES1,W1,MC,RES1,m
3341,32.5996071,-117.0958443,360,134827.6,W1-m-RES1-DF,06073010103,RES,RES1,W1,MC,RES1,m
3437,32.6067804,-117.0642137,360,65361.83,W1-m-RES1-DF,06073013203,RES,RES1,W1,MC,RES1,m
3509,33.0084433,-117.116997,360,9260.42,W1-m-RES1-DF,06073017070,RES,RES1,W1,MC,RES1,m
3549,33.971185,-118.2216728,360,74724.21,W1-m-RES1-DF,06037534802,RES,RES1,W1,MC,RES1,m
3607,33.9393795,-118.0348881,360,216313.8,W1-m-RES1-DF,06037503202,RES,RES1,W1,MC,RES1,m
3636,38.6775795,-121.500568,360,711206.0,W1-m-RES1-DF,06067007105,RES,RES1,W1,MC,RES1,m
3768,32.8433039,-115.5795365,360,567972.3,W1-m-RES1-DF,06025011002,RES,RES1,W1,MC,RES1,m
3887,33.9044712,-117.8756618,360,267354.9,W1-m-RES1-DF,06059011707,RES,RES1,W1,MC,RES1,m
4027,37.7843303,-122.4683869,360,224344.0,W1-m-RES1-DF,06075040200,RES,RES1,W1,MC,RES1,m
4111,33.1162454,-117.054913,360,422589.8,W1-m-RES1-DF,06073020705,RES,RES1,W1,MC,RES1,m
4195,34.1414149,-118.8411541,360,457923.0,W1-m-RES1-DF,06111005907,RES,RES1,W1,MC,RES1,m
4248,34.0145548,-118.3129995,360,92750.14,W1-m-RES1-DF,06037231400,RES,RES1,W1,MC,RES1,m
4366,37.680912,-118.5531055,360,147105.3,W1-m-RES1-DF,06051000101,RES,RES1,W1,MC,RES1,m
4439,33.9554592,-117.0006491,360,155215.6,W1-m-RES1-DF,06065043810,RES,RES1,W1,MC,RES1,m
4490,34.1826183,-119.1747494,360,98624.0,W1-m-RES1-DF,06111003901,RES,RES1,W1,MC,RES1,m
4623,34.2066365,-118.4596472,360,124391.3,W1-m-RES1-DF,06037127210,RES,RES1,W1,MC,RES1,m
4703,40.1890259,-124.0091092,360,39913.5,W1-m-RES1-DF,06023011502,RES,RES1,W1,MC,RES1,m
4850,36.8479717,-121.4052567,360,427486.5,W1-m-RES1-DF,06069000400,RES,RES1,W1,MC,RES1,m
4899,38.0327016,-121.287041,360,207099.5,W1-m-RES1-DF,06077003404,RES,RES1,W1,MC,RES1,m
4953,34.1860972,-119.1833977,360,129263.2,W1-m-RES1-DF,06111003801,RES,RES1,W1,MC,RES1,m
5052,38.0264788,-121.8917588,360,227447.1,W1-m-RES1-DF,06013310000,RES,RES1,W1,MC,RES1,m
5134,37.3759697,-120.7149837,360,167213.0,W1-m-RES1-DF,06047000306,RES,RES1,W1,MC,RES1,m
5193,35.3286242,-119.0301956,360,150818.2,W1-m-RES1-DF,06029002902,RES,RES1,W1,MC,RES1,m
5277,35.3743302,-118.9580398,360,61139.26,W1-m-RES1-DF,06029001107,RES,RES1,W1,MC,RES1,m
5352,37.7281305,-122.4057589,360,225829.2,W1-m-RES1-DF,06075025702,RES,RES1,W1,MC,RES1,m
5418,37.3083189,-121.908379,360,207726.8,W1-m-RES1-DF,06085502302,RES,RES1,W1,MC,RES1,m
5482,33.6069475,-117.7160991,360,25527.06,W1-m-RES1-DF,06059062646,RES,RES1,W1,MC,RES1,m
5555,38.5333374,-122.6225737,360,121480.2,W1-m-RES1-DF,06097152602,RES,RES1,W1,MC,RES1,m
5605,34.2594737,-118.2929869,360,209181.2,W1-m-RES1-DF,06037101110,RES,RES1,W1,MC,RES1,m
5671,35.3974718,-120.8633847,360,185395.3,W1-m-RES1-DF,06079010506,RES,RES1,W1,MC,RES1,m
5716,36.5887994,-119.5492976,360,129185.6,W1-m-RES1-DF,06019008501,RES,RES1,W1,MC,RES1,m
5785,34.4140887,-119.7460689,360,329716.6,W1-m-RES1-DF,06083001306,RES,RES1,W1,MC,RES1,m
5892,37.7735446,-122.4249292,360,47971.56,W1-m-RES1-DF,06075016802,RES,RES1,W1,MC,RES1,m
6059,33.9933332,-117.836974,360,217403.5,W1-m-RES1-DF,06037403328,RES,RES1,W1,MC,RES1,m
6211,34.1519687,-118.3457252,360,186088.3,W1-m-RES1-DF,06037311602,RES,RES1,W1,MC,RES1,m
6316,34.1120694,-117.23417,360,62172.75,W1-m-RES1-DF,06071007606,RES,RES1,W1,MC,RES1,m
6422,32.7523973,-117.1051018,360,24523.13,W1-m-RES1-DF,06073002202,RES,RES1,W1,MC,RES1,m
6513,34.1160806,-118.2602407,360,127255.7,W1-m-RES1-DF,06037187101,RES,RES1,W1,MC,RES1,m
6595,37.8773391,-122.2602611,360,87680.19,W1-m-RES1-DF,06001422500,RES,RES1,W1,MC,RES1,m
6725,38.5854811,-121.4916773,360,45111.33,W1-m-RES1-DF,06067000600,RES,RES1,W1,MC,RES1,m
6803,40.5226145,-122.3699237,360,401402.4,W1-m-RES1-DF,06089011100,RES,RES1,W1,MC,RES1,m
6863,37.7855854,-122.4514018,360,197009.3,W1-m-RES1-DF,06075015402,RES,RES1,W1,MC,RES1,m
6940,34.1233292,-117.4327227,360,25859.49,W1-m-RES1-DF,06071002309,RES,RES1,W1,MC,RES1,m
7060,33.8037516,-117.7802613,360,304743.2,W1-m-RES1-DF,06059021917,RES,RES1,W1,MC,RES1,m
7139,33.7525713,-118.1586796,360,202820.8,W1-m-RES1-DF,06037577200,RES,RES1,W1,MC,RES1,m
7244,33.9311761,-118.0970125,360,365071.4,W1-m-RES1-DF,06037577800,RES,RES1,W1,MC,RES1,m
7307,36.1028669,-119.5738328,360,296062.0,W1-m-RES1-DF,06031001500,RES,RES1,W1,MC,RES1,m
7346,34.2301059,-118.4703116,360,3949.12,W1-m-RES1-DF,06037117407,RES,RES1,W1,MC,RES1,m
7421,38.6894181,-121.2669973,360,259145.0,W1-m-RES1-DF,06067008120,RES,RES1,W1,MC,RES1,m
7583,37.1283275,-121.6632475,360,238828.4,W1-m-RES1-DF,06085512314,RES,RES1,W1,MC,RES1,m
7649,39.7357415,-121.8574038,360,62562.42,W1-m-RES1-DF,06007000604,RES,RES1,W1,MC,RES1,m
7695,33.8338634,-117.1933153,360,12550.04,W1-m-RES1-DF,06065042630,RES,RES1,W1,MC,RES1,m
7757,33.7785595,-115.3687419,360,65482.3,W1-m-RES1-DF,06065046900,RES,RES1,W1,MC,RES1,m
7814,33.7090748,-117.8928567,360,373039.9,W1-m-RES1-DF,06059074111,RES,RES1,W1,MC,RES1,m
7860,37.6765026,-121.0216421,360,383016.0,W1-m-RES1-DF,06099000805,RES,RES1,W1,MC,RES1,m
7919,33.936494,-118.2716976,360,45503.04,W1-m-RES1-DF,06037241110,RES,RES1,W1,MC,RES1,m
8061,34.0892427,-117.6959221,360,86566.58,W1-m-RES1-DF,06071000201,RES,RES1,W1,MC,RES1,m
8182,37.4229973,-122.2028024,360,479952.2,W1-m-RES1-DF,06081613000,RES,RES1,W1,MC,RES1,m
8256,38.4158537,-121.412217,360,480566.0,W1-m-RES1-DF,06067009612,RES,RES1,W1,MC,RES1,m
8323,38.5448312,-121.4973382,360,795220.5,W1-m-RES1-DF,06067002400,RES,RES1,W1,MC,RES1,m
8422,33.9841925,-117.2208111,360,105113.7,W1-m-RES1-DF,06065042412,RES,RES1,W1,MC,RES1,m
8519,39.7820115,-121.6117463,360,55583.71,W1-m-RES1-DF,06007001800,RES,RES1,W1,MC,RES1,m
8615,37.7833409,-122.4293428,360,1606.955,W1-m-RES1-DF,06075015900,RES,RES1,W1,MC,RES1,m
8742,37.7468911,-121.4305154,360,30523.09,W1-m-RES1-DF,06077005303,RES,RES1,W1,MC,RES1,m
8829,36.603441,-119.4363789,360,166841.0,W1-m-RES1-DF,06019006606,RES,RES1,W1,MC,RES1,m
8951,37.662764,-121.020101,360,341667.0,W1-m-RES1-DF,06099001400,RES,RES1,W1,MC,RES1,m
9024,37.909175,-120.6163033,360,672498.8,W1-m-RES1-DF,06009000123,RES,RES1,W1,MC,RES1,m
9192,34.0902917,-118.3807073,360,194733.6,W1-m-RES1-DF,06037700502,RES,RES1,W1,MC,RES1,m
9306,36.6097599,-121.913178,360,219199.8,W1-m-RES1-DF,06053012503,RES,RES1,W1,MC,RES1,m
9425,34.1647644,-118.1815624,360,760911.8,W1-m-RES1-DF,06037460800,RES,RES1,W1,MC,RES1,m
9563,36.1944979,-119.0941664,360,80590.0,W1-m-RES1-DF,06107002800,RES,RES1,W1,MC,RES1,m
9625,34.6988264,-118.1946323,360,6967.35,W1-m-RES1-DF,06037901014,RES,RES1,W1,MC,RES1,m
9664,33.7558674,-118.4075895,360,586185.8,W1-m-RES1-DF,06037670416,RES,RES1,W1,MC,RES1,m
9732,37.9649027,-121.9701248,360,383934.6,W1-m-RES1-DF,06013333101,RES,RES1,W1,MC,RES1,m
9785,33.6636513,-117.9506384,360,371601.6,W1-m-RES1-DF,06059099217,RES,RES1,W1,MC,RES1,m
9879,34.0592132,-118.183977,360,40126.1,W1-m-RES1-DF,06037530700,RES,RES1,W1,MC,RES1,m
9919,34.4524557,-118.5384383,360,74467.8,W1-m-RES1-DF,06037920111,RES,RES1,W1,MC,RES1,m
10153,33.8118256,-117.8907963,360,229131.5,W1-m-RES1-DF,06059086303,RES,RES1,W1,MC,RES1,m
10247,34.5534723,-117.9994644,360,26042.6,W1-m-RES1-DF,06037910706,RES,RES1,W1,MC,RES1,m
10279,37.3276407,-121.7892747,360,4023.1,W1-m-RES1-DF,06085503324,RES,RES1,W1,MC,RES1,m
10328,34.2266028,-118.6502378,360,297390.4,W1-m-RES1-DF,06037113231,RES,RES1,W1,MC,RES1,m
10424,34.0923345,-118.2865853,360,13939.87,W1-m-RES1-DF,06037191301,RES,RES1,W1,MC,RES1,m
10501,36.7843832,-119.8119506,360,164469.0,W1-m-RES1-DF,06019004801,RES,RES1,W1,MC,RES1,m
10651,34.1490512,-118.126802,360,85757.34,W1-m-RES1-DF,06037462302,RES,RES1,W1,MC,RES1,m
10743,34.1689704,-117.3017644,360,125410.3,W1-m-RES1-DF,06071004507,RES,RES1,W1,MC,RES1,m
10811,33.8623366,-118.0548905,360,420263.8,W1-m-RES1-DF,06037554517,RES,RES1,W1,MC,RES1,m
10839,34.6799338,-118.0894795,360,2133.84,W1-m-RES1-DF,06037900509,RES,RES1,W1,MC,RES1,m
10903,34.2146599,-118.5229633,360,262804.0,W1-m-RES1-DF,06037131300,RES,RES1,W1,MC,RES1,m
11073,35.1222342,-120.6245239,360,242057.2,W1-m-RES1-DF,06079012102,RES,RES1,W1,MC,RES1,m
11140,37.4347438,-120.7885133,360,215913.0,W1-m-RES1-DF,06047000205,RES,RES1,W1,MC,RES1,m
11187,33.3454799,-117.1787965,360,161854.5,W1-m-RES1-DF,06073018805,RES,RES1,W1,MC,RES1,m
11271,37.669152,-122.0708563,360,146290.4,W1-m-RES1-DF,06001436403,RES,RES1,W1,MC,RES1,m
11340,38.2579938,-121.9778293,360,5335.39,W1-m-RES1-DF,06095252706,RES,RES1,W1,MC,RES1,m
11438,37.6551094,-122.4115181,360,47973.7,W1-m-RES1-DF,06081602202,RES,RES1,W1,MC,RES1,m
11614,34.0800545,-118.2197173,360,51248.3,W1-m-RES1-DF,06037199002,RES,RES1,W1,MC,RES1,m
11686,34.0150028,-117.0304418,360,282096.7,W1-m-RES1-DF,06071008708,RES,RES1,W1,MC,RES1,m
11807,38.7210871,-121.6242347,360,91154.56,W1-m-RES1-DF,06113010102,RES,RES1,W1,MC,RES1,m
12075,37.7299594,-122.2164979,360,151578.2,W1-m-RES1-DF,06001409000,RES,RES1,W1,MC,RES1,m
12191,33.9417307,-117.4200459,360,272209.2,W1-m-RES1-DF,06065031402,RES,RES1,W1,MC,RES1,m
12252,33.7396064,-118.1387839,360,85458.05,W1-m-RES1-DF,06037577504,RES,RES1,W1,MC,RES1,m
12325,38.6718265,-121.3628015,360,65699.0,W1-m-RES1-DF,06067007423,RES,RES1,W1,MC,RES1,m
12420,36.5617472,-119.3857146,360,399368.0,W1-m-RES1-DF,06107000401,RES,RES1,W1,MC,RES1,m
12461,33.0391538,-117.0823363,360,54726.96,W1-m-RES1-DF,06073017063,RES,RES1,W1,MC,RES1,m
12569,34.4232883,-119.6764178,360,76867.38,W1-m-RES1-DF,06083000806,RES,RES1,W1,MC,RES1,m
12676,34.1021372,-117.7522686,360,136529.5,W1-m-RES1-DF,06037401706,RES,RES1,W1,MC,RES1,m
12773,34.116688,-117.2960942,360,65991.72,W1-m-RES1-DF,06071005601,RES,RES1,W1,MC,RES1,m
12855,32.9425014,-116.6067743,360,155656.0,W1-m-RES1-DF,06073020902,RES,RES1,W1,MC,RES1,m
13181,37.3702943,-121.9606672,360,184005.3,W1-m-RES1-DF,06085505202,RES,RES1,W1,MC,RES1,m
13267,34.1105983,-117.9120723,360,100163.7,W1-m-RES1-DF,06037404503,RES,RES1,W1,MC,RES1,m
13319,40.7886072,-124.1501286,360,505099.6,W1-m-RES1-DF,06023000600,RES,RES1,W1,MC,RES1,m
13387,33.7262689,-116.8640681,360,56921.18,W1-m-RES1-DF,06065043701,RES,RES1,W1,MC,RES1,m
13523,37.8398785,-122.2946351,360,17869.5,W1-m-RES1-DF,06001425102,RES,RES1,W1,MC,RES1,m
13629,37.043376,-121.9607654,360,171279.6,W1-m-RES1-DF,06087121100,RES,RES1,W1,MC,RES1,m
13687,37.3973289,-121.9464072,360,42702.26,W1-m-RES1-DF,06085504903,RES,RES1,W1,MC,RES1,m
13761,34.0729192,-117.3378085,360,143752.0,W1-m-RES1-DF,06071006601,RES,RES1,W1,MC,RES1,m
13789,33.7943972,-118.2020691,360,85545.18,W1-m-RES1-DF,06037573003,RES,RES1,W1,MC,RES1,m
13851,33.7318369,-116.3141498,360,221419.0,W1-m-RES1-DF,06065044911,RES,RES1,W1,MC,RES1,m
13907,34.1002728,-117.360507,360,203677.4,W1-m-RES1-DF,06071003900,RES,RES1,W1,MC,RES1,m
13979,34.1702439,-118.4008746,360,46575.27,W1-m-RES1-DF,06037124902,RES,RES1,W1,MC,RES1,m
14108,33.7087027,-117.9499292,360,189911.8,W1-m-RES1-DF,06059099251,RES,RES1,W1,MC,RES1,m
14184,34.0721667,-118.2096449,360,21880.91,W1-m-RES1-DF,06037199802,RES,RES1,W1,MC,RES1,m
14246,34.1223633,-117.5015513,360,8448.99,W1-m-RES1-DF,06071002037,RES,RES1,W1,MC,RES1,m
14336,34.8432832,-118.9897489,360,64147.12,W1-m-RES1-DF,06029003308,RES,RES1,W1,MC,RES1,m
14410,32.7436679,-117.2377585,360,197464.3,W1-m-RES1-DF,06073007402,RES,RES1,W1,MC,RES1,m
14488,33.7862258,-118.1850263,360,25745.81,W1-m-RES1-DF,06037575300,RES,RES1,W1,MC,RES1,m
14576,34.1848664,-118.3746763,360,162922.8,W1-m-RES1-DF,06037124201,RES,RES1,W1,MC,RES1,m
14627,33.877496,-118.1959346,360,93300.48,W1-m-RES1-DF,06037570404,RES,RES1,W1,MC,RES1,m
14693,37.9398973,-122.3223418,360,326750.6,W1-m-RES1-DF,06013370000,RES,RES1,W1,MC,RES1,m
14910,34.1030014,-117.6395703,360,118883.6,W1-m-RES1-DF,06071000901,RES,RES1,W1,MC,RES1,m
15016,34.1472401,-118.7503937,360,101437.2,W1-m-RES1-DF,06037800333,RES,RES1,W1,MC,RES1,m
15076,37.6326394,-122.4484921,360,578191.7,W1-m-RES1-DF,06081603700,RES,RES1,W1,MC,RES1,m
15157,37.536519,-122.0571016,360,270737.0,W1-m-RES1-DF,06001444301,RES,RES1,W1,MC,RES1,m
15270,33.54337,-117.7618013,360,495295.0,W1-m-RES1-DF,06059062619,RES,RES1,W1,MC,RES1,m
15326,32.872302,-116.9941687,360,392165.0,W1-m-RES1-DF,06073016621,RES,RES1,W1,MC,RES1,m
15372,37.7831223,-122.481191,360,125076.1,W1-m-RES1-DF,06075042601,RES,RES1,W1,MC,RES1,m
15459,37.6152301,-121.0239311,360,237201.0,W1-m-RES1-DF,06099001603,RES,RES1,W1,MC,RES1,m
15496,33.6791968,-116.2809947,360,22048.35,W1-m-RES1-DF,06065045128,RES,RES1,W1,MC,RES1,m
15559,33.9748075,-118.1839743,360,97920.62,W1-m-RES1-DF,06037533803,RES,RES1,W1,MC,RES1,m
15633,32.7912934,-116.9509361,360,28855.69,W1-m-RES1-DF,06073015705,RES,RES1,W1,MC,RES1,m
15702,34.0621133,-118.4382515,360,235030.7,W1-m-RES1-DF,06037265203,RES,RES1,W1,MC,RES1,m
15775,33.9983747,-118.1116637,360,183561.3,W1-m-RES1-DF,06037532102,RES,RES1,W1,MC,RES1,m
15827,39.5203089,-121.6052187,360,129473.4,W1-m-RES1-DF,06007002900,RES,RES1,W1,MC,RES1,m
15960,34.0009853,-118.4807228,360,241851.5,W1-m-RES1-DF,06037702102,RES,RES1,W1,MC,RES1,m
16089,40.5276064,-122.6483381,360,378025.5,W1-m-RES1-DF,06089012400,RES,RES1,W1,MC,RES1,m
16164,34.2331848,-119.0320318,360,259445.2,W1-m-RES1-DF,06111005401,RES,RES1,W1,MC,RES1,m
16256,32.9423168,-117.0301698,360,195150.1,W1-m-RES1-DF,06073017049,RES,RES1,W1,MC,RES1,m
16377,33.0300333,-116.8487815,360,204541.3,W1-m-RES1-DF,06073020813,RES,RES1,W1,MC,RES1,m
16422,33.8481383,-117.4083363,360,108276.2,W1-m-RES1-DF,06065042008,RES,RES1,W1,MC,RES1,m
16455,33.9692253,-117.5500947,360,121923.5,W1-m-RES1-DF,06065040622,RES,RES1,W1,MC,RES1,m
16485,38.6486547,-121.5345997,360,312839.0,W1-m-RES1-DF,06067007025,RES,RES1,W1,MC,RES1,m
16574,33.9558199,-118.3570019,360,56477.02,W1-m-RES1-DF,06037601212,RES,RES1,W1,MC,RES1,m
16650,38.7619124,-121.3460981,360,560000.0,W1-m-RES1-DF,06061021047,RES,RES1,W1,MC,RES1,m
16704,38.707515,-121.37028,360,438869.0,W1-m-RES1-DF,06067007427,RES,RES1,W1,MC,RES1,m
16748,33.9104977,-117.6005669,360,91021.58,W1-m-RES1-DF,06065040806,RES,RES1,W1,MC,RES1,m
16782,40.3074315,-122.4035399,360,459330.5,W1-m-RES1-DF,06103000202,RES,RES1,W1,MC,RES1,m
16819,34.1445247,-117.2817174,360,236559.3,W1-m-RES1-DF,06071005200,RES,RES1,W1,MC,RES1,m
16887,34.1828906,-118.3650028,360,106245.7,W1-m-RES1-DF,06037123104,RES,RES1,W1,MC,RES1,m
16926,34.0414852,-118.1338308,360,214609.2,W1-m-RES1-DF,06037482702,RES,RES1,W1,MC,RES1,m
16976,33.847882,-118.199443,360,142748.4,W1-m-RES1-DF,06037571701,RES,RES1,W1,MC,RES1,m
17059,34.0787234,-118.0599421,360,158253.0,W1-m-RES1-DF,06037432902,RES,RES1,W1,MC,RES1,m
17179,38.5693327,-121.5063658,360,51985.9,W1-m-RES1-DF,06067002100,RES,RES1,W1,MC,RES1,m
17229,34.0002892,-117.9583656,360,344347.1,W1-m-RES1-DF,06037408631,RES,RES1,W1,MC,RES1,m
17301,34.1703043,-118.4443439,360,261628.0,W1-m-RES1-DF,06037128500,RES,RES1,W1,MC,RES1,m
17375,37.3703845,-122.017895,360,138946.8,W1-m-RES1-DF,06085508705,RES,RES1,W1,MC,RES1,m
17430,37.7212084,-122.1010957,360,384530.7,W1-m-RES1-DF,06001430400,RES,RES1,W1,MC,RES1,m
17503,34.0482451,-118.371949,360,159651.7,W1-m-RES1-DF,06037216700,RES,RES1,W1,MC,RES1,m
17630,34.4839878,-117.8077879,360,208093.6,W1-m-RES1-DF,06037911001,RES,RES1,W1,MC,RES1,m
17722,34.0082843,-117.8649253,360,222551.9,W1-m-RES1-DF,06037403401,RES,RES1,W1,MC,RES1,m
17863,34.1453278,-118.6590622,360,308060.2,W1-m-RES1-DF,06037800204,RES,RES1,W1,MC,RES1,m
17903,36.6045157,-121.911505,360,2893.38,W1-m-RES1-DF,06053012601,RES,RES1,W1,MC,RES1,m
17949,41.7563733,-124.230249,360,352987.2,W1-m-RES1-DF,06015000107,RES,RES1,W1,MC,RES1,m
17985,33.8755961,-117.447595,360,14953.64,W1-m-RES1-DF,06065041413,RES,RES1,W1,MC,RES1,m
18013,38.4013743,-121.4472397,360,669893.0,W1-m-RES1-DF,06067009649,RES,RES1,W1,MC,RES1,m
18147,33.9042089,-117.469161,360,77399.2,W1-m-RES1-DF,06065041408,RES,RES1,W1,MC,RES1,m
18299,39.2552088,-123.3540678,360,125433.9,W1-m-RES1-DF,06045010900,RES,RES1,W1,MC,RES1,m
18402,40.6854195,-123.7505265,360,159639.0,W1-m-RES1-DF,06023001200,RES,RES1,W1,MC,RES1,m
18471,33.9914123,-118.0592558,360,187736.7,W1-m-RES1-DF,06037501301,RES,RES1,W1,MC,RES1,m
18519,37.5199653,-122.3457246,360,399062.4,W1-m-RES1-DF,06081606900,RES,RES1,W1,MC,RES1,m
18548,34.0837315,-117.408112,360,175146.4,W1-m-RES1-DF,06071003403,RES,RES1,W1,MC,RES1,m
18613,36.7457604,-120.0781504,360,297306.0,W1-m-RES1-DF,06019004004,RES,RES1,W1,MC,RES1,m
18675,37.3610552,-122.1406585,360,1004542.0,W1-m-RES1-DF,06085511704,RES,RES1,W1,MC,RES1,m
18813,35.4700965,-120.6449015,360,160476.8,W1-m-RES1-DF,06079012503,RES,RES1,W1,MC,RES1,m
18926,33.961166,-118.2221109,360,33564.45,W1-m-RES1-DF,06037535501,RES,RES1,W1,MC,RES1,m
19039,37.6184511,-122.082604,360,149678.3,W1-m-RES1-DF,06001438400,RES,RES1,W1,MC,RES1,m
19248,34.1583413,-119.1719515,360,132809.2,W1-m-RES1-DF,06111004504,RES,RES1,W1,MC,RES1,m
19297,33.2528206,-117.3062652,360,136219.7,W1-m-RES1-DF,06073018618,RES,RES1,W1,MC,RES1,m
19361,34.25274,-116.8289796,360,136888.0,W1-m-RES1-DF,06071011407,RES,RES1,W1,MC,RES1,m
19422,38.4360805,-122.6677168,360,341795.5,W1-m-RES1-DF,06097151504,RES,RES1,W1,MC,RES1,m
19455,33.8798565,-117.1552994,360,33107.41,W1-m-RES1-DF,06065042623,RES,RES1,W1,MC,RES1,m
19501,34.2587545,-117.3129594,360,249154.2,W1-m-RES1-DF,06071010806,RES,RES1,W1,MC,RES1,m
19573,36.8593795,-119.7387495,360,789512.0,W1-m-RES1-DF,06019005508,RES,RES1,W1,MC,RES1,m
19647,32.7353586,-117.1293851,360,200116.3,W1-m-RES1-DF,06073004300,RES,RES1,W1,MC,RES1,m
19762,34.0980559,-118.3560718,360,81162.76,W1-m-RES1-DF,06037189802,RES,RES1,W1,MC,RES1,m
19996,37.37683,-121.8956853,360,43986.45,W1-m-RES1-DF,06085504318,RES,RES1,W1,MC,RES1,m
20070,34.4570452,-117.1945742,360,34553.07,W1-m-RES1-DF,06071009709,RES,RES1,W1,MC,RES1,m
20117,33.6936324,-117.8050892,360,38170.26,W1-m-RES1-DF,06059052529,RES,RES1,W1,MC,RES1,m
20189,33.7644599,-117.8899385,360,195110.1,W1-m-RES1-DF,06059075302,RES,RES1,W1,MC,RES1,m
20288,37.9987252,-122.1074271,360,68184.48,W1-m-RES1-DF,06013320003,RES,RES1,W1,MC,RES1,m
20443,37.7850941,-122.4341319,360,74366.82,W1-m-RES1-DF,06075015500,RES,RES1,W1,MC,RES1,m
20623,34.4538885,-117.268212,360,75094.37,W1-m-RES1-DF,06071010012,RES,RES1,W1,MC,RES1,m
20731,36.9098412,-121.752519,360,54306.9,W1-m-RES1-DF,06087110301,RES,RES1,W1,MC,RES1,m
20829,34.0502444,-118.1001251,360,216218.2,W1-m-RES1-DF,06037482521,RES,RES1,W1,MC,RES1,m
20964,36.3473632,-119.4417729,360,260974.9,W1-m-RES1-DF,06107000901,RES,RES1,W1,MC,RES1,m
21204,38.6450949,-121.4947736,360,182112.0,W1-m-RES1-DF,06067007019,RES,RES1,W1,MC,RES1,m
21394,38.56077,-121.5694652,360,42449.0,W1-m-RES1-DF,06113010203,RES,RES1,W1,MC,RES1,m
21542,36.7722645,-119.7950446,360,343167.0,W1-m-RES1-DF,06019003500,RES,RES1,W1,MC,RES1,m
21624,36.3572411,-119.6639856,360,909096.9,W1-m-RES1-DF,06031000604,RES,RES1,W1,MC,RES1,m
21680,37.3487217,-121.801472,360,205035.1,W1-m-RES1-DF,06085503509,RES,RES1,W1,MC,RES1,m
21889,38.3820955,-122.7284091,360,158826.3,W1-m-RES1-DF,06097153202,RES,RES1,W1,MC,RES1,m
21935,34.1819643,-119.1913008,360,287849.4,W1-m-RES1-DF,06111003700,RES,RES1,W1,MC,RES1,m
21949,34.1672501,-119.0440823,360,29467.48,W1-m-RES1-DF,06111005700,RES,RES1,W1,MC,RES1,m
22049,37.79896,-121.2107036,360,90679.06,W1-m-RES1-DF,06077005109,RES,RES1,W1,MC,RES1,m
22128,37.7558368,-122.4120842,360,127398.2,W1-m-RES1-DF,06075022803,RES,RES1,W1,MC,RES1,m
22241,39.119345,-121.3995842,360,142526.8,W1-m-RES1-DF,06115040902,RES,RES1,W1,MC,RES1,m
22327,38.6727159,-121.3179766,360,319321.0,W1-m-RES1-DF,06067008134,RES,RES1,W1,MC,RES1,m
22391,37.8027796,-122.410688,360,23308.4,W1-m-RES1-DF,06075010401,RES,RES1,W1,MC,RES1,m
22542,34.0103869,-118.0604339,360,241918.0,W1-m-RES1-DF,06037500403,RES,RES1,W1,MC,RES1,m
22721,34.1408045,-118.1458928,360,177166.0,W1-m-RES1-DF,06037463602,RES,RES1,W1,MC,RES1,m
22832,37.40117,-122.0157372,360,59316.3,W1-m-RES1-DF,06085504807,RES,RES1,W1,MC,RES1,m
22944,34.0567212,-118.2815247,360,1483.02,W1-m-RES1-DF,06037209401,RES,RES1,W1,MC,RES1,m
23010,34.4006469,-117.3623881,360,20010.06,W1-m-RES1-DF,06071010041,RES,RES1,W1,MC,RES1,m
23083,35.3095691,-118.9945269,360,187680.0,W1-m-RES1-DF,06029003103,RES,RES1,W1,MC,RES1,m
23207,34.0278345,-117.0935604,360,162831.0,W1-m-RES1-DF,06071008705,RES,RES1,W1,MC,RES1,m
23311,38.88795,-121.1494678,360,477243.4,W1-m-RES1-DF,06061020501,RES,RES1,W1,MC,RES1,m
23387,33.9220961,-118.0716029,360,239209.9,W1-m-RES1-DF,06037555300,RES,RES1,W1,MC,RES1,m
23433,36.3489843,-119.6219711,360,328790.0,W1-m-RES1-DF,06031000702,RES,RES1,W1,MC,RES1,m
23506,33.7632139,-117.9463184,360,227895.6,W1-m-RES1-DF,06059088902,RES,RES1,W1,MC,RES1,m
23563,34.2795999,-119.1655535,360,73957.82,W1-m-RES1-DF,06111001304,RES,RES1,W1,MC,RES1,m
23699,36.8189274,-119.9187476,360,950216.9,W1-m-RES1-DF,06019004218,RES,RES1,W1,MC,RES1,m
23845,36.3343614,-119.274374,360,91825.0,W1-m-RES1-DF,06107001305,RES,RES1,W1,MC,RES1,m
23938,34.2145917,-118.5316957,360,262863.1,W1-m-RES1-DF,06037131400,RES,RES1,W1,MC,RES1,m
24018,34.0021096,-118.4274418,360,58726.2,W1-m-RES1-DF,06037272302,RES,RES1,W1,MC,RES1,m
24127,34.0554476,-117.9650285,360,392728.3,W1-m-RES1-DF,06037406903,RES,RES1,W1,MC,RES1,m
24240,36.8456683,-119.7581768,360,435578.0,W1-m-RES1-DF,06019005527,RES,RES1,W1,MC,RES1,m
24317,37.7318894,-121.9385114,360,731888.4,W1-m-RES1-DF,06013345101,RES,RES1,W1,MC,RES1,m
24425,33.8520795,-118.0774113,360,319730.9,W1-m-RES1-DF,06037554515,RES,RES1,W1,MC,RES1,m
24494,34.1112603,-118.3297989,360,228714.9,W1-m-RES1-DF,06037189600,RES,RES1,W1,MC,RES1,m
24599,33.0487896,-117.2397938,360,145233.7,W1-m-RES1-DF,06073017104,RES,RES1,W1,MC,RES1,m
24625,37.9659228,-122.505765,360,31630.0,W1-m-RES1-DF,06041112204,RES,RES1,W1,MC,RES1,m
24679,34.0865745,-118.1646554,360,190675.0,W1-m-RES1-DF,06037201501,RES,RES1,W1,MC,RES1,m
24868,34.1739496,-118.6178069,360,250433.2,W1-m-RES1-DF,06037137203,RES,RES1,W1,MC,RES1,m
24931,37.7328541,-121.4450287,360,97035.37,W1-m-RES1-DF,06077005403,RES,RES1,W1,MC,RES1,m
25006,34.9147863,-120.4257622,360,54119.84,W1-m-RES1-DF,06083002014,RES,RES1,W1,MC,RES1,m
25078,33.9791778,-118.363824,360,136844.7,W1-m-RES1-DF,06037601301,RES,RES1,W1,MC,RES1,m
25230,34.1011641,-117.7249135,360,448286.2,W1-m-RES1-DF,06037401902,RES,RES1,W1,MC,RES1,m
25340,33.8926414,-117.5553304,360,144153.6,W1-m-RES1-DF,06065040809,RES,RES1,W1,MC,RES1,m
25394,33.7941045,-116.5369038,360,420320.1,W1-m-RES1-DF,06065940800,RES,RES1,W1,MC,RES1,m
25512,37.9065751,-122.0146435,360,1039353.0,W1-m-RES1-DF,06013338302,RES,RES1,W1,MC,RES1,m
25621,38.4066026,-122.2800482,360,421191.0,W1-m-RES1-DF,06055201401,RES,RES1,W1,MC,RES1,m
25780,36.9247525,-121.7903393,360,105061.8,W1-m-RES1-DF,06087110601,RES,RES1,W1,MC,RES1,m
25940,32.9466011,-117.0535531,360,209615.2,W1-m-RES1-DF,06073017048,RES,RES1,W1,MC,RES1,m
26007,38.826529,-121.1428143,360,704740.8,W1-m-RES1-DF,06061020608,RES,RES1,W1,MC,RES1,m
26051,33.141444,-117.0593048,360,161926.0,W1-m-RES1-DF,06073020206,RES,RES1,W1,MC,RES1,m
26110,34.2742393,-118.4218751,360,86671.44,W1-m-RES1-DF,06037104322,RES,RES1,W1,MC,RES1,m
26149,34.5102582,-117.2222392,360,167991.1,W1-m-RES1-DF,06071009723,RES,RES1,W1,MC,RES1,m
26186,36.7942608,-119.650061,360,970444.9,W1-m-RES1-DF,06019005911,RES,RES1,W1,MC,RES1,m
26269,37.3088699,-121.956866,360,570454.4,W1-m-RES1-DF,06085506302,RES,RES1,W1,MC,RES1,m
26406,33.9025381,-117.8612771,360,582595.1,W1-m-RES1-DF,06059011709,RES,RES1,W1,MC,RES1,m
26437,34.0794781,-117.6460511,360,321297.1,W1-m-RES1-DF,06071001200,RES,RES1,W1,MC,RES1,m
26469,38.6171433,-121.4616777,360,114887.0,W1-m-RES1-DF,06067006803,RES,RES1,W1,MC,RES1,m
26806,34.2690897,-118.7704674,360,69431.61,W1-m-RES1-DF,06111007800,RES,RES1,W1,MC,RES1,m
26939,36.7895164,-121.6227734,360,374225.8,W1-m-RES1-DF,06053010501,RES,RES1,W1,MC,RES1,m
27058,34.802456,-118.9627506,360,176506.2,W1-m-RES1-DF,06029003305,RES,RES1,W1,MC,RES1,m
27167,36.9730255,-122.0116234,360,147482.7,W1-m-RES1-DF,06087100802,RES,RES1,W1,MC,RES1,m
27361,38.0300902,-122.5177252,360,57188.0,W1-m-RES1-DF,06041106001,RES,RES1,W1,MC,RES1,m
27449,41.6379522,-120.6933431,360,220909.5,W1-m-RES1-DF,06049000300,RES,RES1,W1,MC,RES1,m
27536,32.8039448,-116.9433532,360,118491.8,W1-m-RES1-DF,06073016302,RES,RES1,W1,MC,RES1,m
27578,33.823538,-118.3035584,360,59705.68,W1-m-RES1-DF,06037293206,RES,RES1,W1,MC,RES1,m
27792,38.0067648,-122.3074125,360,289314.0,W1-m-RES1-DF,06013359102,RES,RES1,W1,MC,RES1,m
27900,38.4546577,-122.6631418,360,210866.1,W1-m-RES1-DF,06097151702,RES,RES1,W1,MC,RES1,m
28066,34.0588015,-117.3237245,360,109130.0,W1-m-RES1-DF,06071012500,RES,RES1,W1,MC,RES1,m
28107,34.2407686,-118.4472672,360,16989.02,W1-m-RES1-DF,06037119342,RES,RES1,W1,MC,RES1,m
28169,33.1889636,-117.1008128,360,148252.4,W1-m-RES1-DF,06073020111,RES,RES1,W1,MC,RES1,m
28228,32.8603845,-116.8671781,360,45740.97,W1-m-RES1-DF,06073016813,RES,RES1,W1,MC,RES1,m
28267,37.562035,-122.2617686,360,372922.0,W1-m-RES1-DF,06081608100,RES,RES1,W1,MC,RES1,m
28335,36.5376452,-119.2959057,360,123017.0,W1-m-RES1-DF,06107000204,RES,RES1,W1,MC,RES1,m
28390,37.5590456,-121.9353151,360,280624.8,W1-m-RES1-DF,06001442000,RES,RES1,W1,MC,RES1,m
28537,33.8735241,-117.9535931,360,408739.2,W1-m-RES1-DF,06059011000,RES,RES1,W1,MC,RES1,m
28621,38.0004738,-121.8155705,360,267552.9,W1-m-RES1-DF,06013307102,RES,RES1,W1,MC,RES1,m
28710,38.6029899,-121.3737749,360,446862.9,W1-m-RES1-DF,06067005701,RES,RES1,W1,MC,RES1,m
28745,34.0326941,-118.3230172,360,72188.08,W1-m-RES1-DF,06037218900,RES,RES1,W1,MC,RES1,m
28830,33.792026,-118.0197653,360,488539.3,W1-m-RES1-DF,06059110010,RES,RES1,W1,MC,RES1,m
28875,33.9280828,-118.1453111,360,150308.0,W1-m-RES1-DF,06037551201,RES,RES1,W1,MC,RES1,m
28925,36.9266641,-121.739489,360,63107.77,W1-m-RES1-DF,06087110101,RES,RES1,W1,MC,RES1,m
28940,38.3824334,-121.4408449,360,541289.0,W1-m-RES1-DF,06067009646,RES,RES1,W1,MC,RES1,m
28966,37.7986398,-122.222061,360,107641.7,W1-m-RES1-DF,06001406400,RES,RES1,W1,MC,RES1,m
29042,34.0611535,-118.3804364,360,21636.62,W1-m-RES1-DF,06037216402,RES,RES1,W1,MC,RES1,m
29159,41.7831006,-122.3292299,360,475523.2,W1-m-RES1-DF,06093000300,RES,RES1,W1,MC,RES1,m
29219,38.5068873,-121.4469045,360,182348.7,W1-m-RES1-DF,06067004702,RES,RES1,W1,MC,RES1,m
29435,33.9552551,-118.2144693,360,31754.25,W1-m-RES1-DF,06037535503,RES,RES1,W1,MC,RES1,m
29483,37.5072245,-121.9271486,360,246879.8,W1-m-RES1-DF,06001443102,RES,RES1,W1,MC,RES1,m
29621,35.3924387,-119.0832775,360,14178.22,W1-m-RES1-DF,06029000506,RES,RES1,W1,MC,RES1,m
29679,32.698874,-116.9282753,360,257887.7,W1-m-RES1-DF,06073021306,RES,RES1,W1,MC,RES1,m
29714,33.9073761,-118.33084,360,23986.69,W1-m-RES1-DF,06037602506,RES,RES1,W1,MC,RES1,m
29758,38.4785337,-121.491901,360,282129.0,W1-m-RES1-DF,06067004301,RES,RES1,W1,MC,RES1,m
29793,32.7130441,-117.0611857,360,107778.3,W1-m-RES1-DF,06073003004,RES,RES1,W1,MC,RES1,m
29862,33.7378669,-117.9417352,360,386983.7,W1-m-RES1-DF,06059099203,RES,RES1,W1,MC,RES1,m
29916,33.9622691,-118.1171582,360,283264.4,W1-m-RES1-DF,06037550601,RES,RES1,W1,MC,RES1,m
29983,33.5893519,-116.0660047,360,42319.09,W1-m-RES1-DF,06065045610,RES,RES1,W1,MC,RES1,m
30048,36.9449365,-119.9073292,360,334045.0,W1-m-RES1-DF,06039000516,RES,RES1,W1,MC,RES1,m
30077,34.6789981,-118.3864277,360,42224.14,W1-m-RES1-DF,06037901210,RES,RES1,W1,MC,RES1,m
30145,37.4844284,-122.2412155,360,427202.7,W1-m-RES1-DF,06081610000,RES,RES1,W1,MC,RES1,m
30271,37.3453341,-121.8665169,360,90128.21,W1-m-RES1-DF,06085501402,RES,RES1,W1,MC,RES1,m
30425,34.0556846,-117.2682416,360,49782.43,W1-m-RES1-DF,06071007303,RES,RES1,W1,MC,RES1,m
30559,35.3110896,-119.0832892,360,53000.28,W1-m-RES1-DF,06029003131,RES,RES1,W1,MC,RES1,m
30648,35.3358221,-119.012111,360,76367.34,W1-m-RES1-DF,06029003002,RES,RES1,W1,MC,RES1,m
30710,37.3019892,-122.019228,360,674771.4,W1-m-RES1-DF,06085507906,RES,RES1,W1,MC,RES1,m
30750,34.1185714,-117.2842446,360,58840.12,W1-m-RES1-DF,06071005602,RES,RES1,W1,MC,RES1,m
30812,37.5844723,-120.9195363,360,164957.0,W1-m-RES1-DF,06099003004,RES,RES1,W1,MC,RES1,m
30933,37.3071954,-120.4917746,360,141470.0,W1-m-RES1-DF,06047001301,RES,RES1,W1,MC,RES1,m
31031,32.7470748,-117.1152037,360,55823.64,W1-m-RES1-DF,06073002401,RES,RES1,W1,MC,RES1,m
31122,33.8993442,-118.2100023,360,110130.9,W1-m-RES1-DF,06037541605,RES,RES1,W1,MC,RES1,m
31215,39.7296028,-121.8618097,360,86453.73,W1-m-RES1-DF,06007000502,RES,RES1,W1,MC,RES1,m
31375,37.7937603,-122.2667344,360,3154.35,W1-m-RES1-DF,06001403302,RES,RES1,W1,MC,RES1,m
31471,34.0058662,-118.400984,360,376802.3,W1-m-RES1-DF,06037702700,RES,RES1,W1,MC,RES1,m
31601,39.0569709,-120.9537177,360,661214.0,W1-m-RES1-DF,06061022002,RES,RES1,W1,MC,RES1,m
31744,37.8886599,-122.5058805,360,347303.2,W1-m-RES1-DF,06041125000,RES,RES1,W1,MC,RES1,m
31863,36.6228559,-121.9132892,360,123661.9,W1-m-RES1-DF,06053012401,RES,RES1,W1,MC,RES1,m
31950,34.4409913,-118.4105624,360,283718.8,W1-m-RES1-DF,06037910807,RES,RES1,W1,MC,RES1,m
32030,34.6382752,-118.2230349,360,207150.1,W1-m-RES1-DF,06037910301,RES,RES1,W1,MC,RES1,m
32111,34.1921963,-118.4576889,360,79624.31,W1-m-RES1-DF,06037127805,RES,RES1,W1,MC,RES1,m
32187,40.5020364,-123.7971626,360,336722.3,W1-m-RES1-DF,06023010902,RES,RES1,W1,MC,RES1,m
32342,37.238092,-121.973612,360,191732.5,W1-m-RES1-DF,06085507100,RES,RES1,W1,MC,RES1,m
32436,37.2923684,-122.1192678,360,325069.1,W1-m-RES1-DF,06085511707,RES,RES1,W1,MC,RES1,m
32510,32.698857,-115.3767021,360,28230.6,W1-m-RES1-DF,06025011903,RES,RES1,W1,MC,RES1,m
32587,40.5753785,-122.399948,360,199440.4,W1-m-RES1-DF,06089010500,RES,RES1,W1,MC,RES1,m
32659,34.5899226,-117.3731621,360,15654.78,W1-m-RES1-DF,06071980200,RES,RES1,W1,MC,RES1,m
32749,34.1322964,-117.2908879,360,165815.8,W1-m-RES1-DF,06071005400,RES,RES1,W1,MC,RES1,m
32916,35.5228503,-119.280697,360,114971.7,W1-m-RES1-DF,06029004001,RES,RES1,W1,MC,RES1,m
32987,37.3163796,-122.0012063,360,407535.9,W1-m-RES1-DF,06085508004,RES,RES1,W1,MC,RES1,m
33053,38.6434948,-121.3365195,360,216064.5,W1-m-RES1-DF,06067007603,RES,RES1,W1,MC,RES1,m
33114,33.3424605,-118.3292211,360,131486.2,W1-m-RES1-DF,06037599000,RES,RES1,W1,MC,RES1,m
33298,37.5528991,-122.3170375,360,344036.7,W1-m-RES1-DF,06081606600,RES,RES1,W1,MC,RES1,m
33400,34.2137872,-119.1911259,360,164565.3,W1-m-RES1-DF,06111003301,RES,RES1,W1,MC,RES1,m
33496,37.7983583,-122.4385354,360,84315.32,W1-m-RES1-DF,06075012802,RES,RES1,W1,MC,RES1,m
33579,32.7070141,-117.0441008,360,298926.3,W1-m-RES1-DF,06073003103,RES,RES1,W1,MC,RES1,m
33687,36.9858366,-121.8673672,360,233998.7,W1-m-RES1-DF,06087122204,RES,RES1,W1,MC,RES1,m
33751,38.0245131,-122.2274445,360,48875.23,W1-m-RES1-DF,06013356001,RES,RES1,W1,MC,RES1,m
33829,37.852246,-122.267564,360,80556.3,W1-m-RES1-DF,06001423901,RES,RES1,W1,MC,RES1,m
33946,34.2996308,-119.2884311,360,136360.1,W1-m-RES1-DF,06111002200,RES,RES1,W1,MC,RES1,m
34038,37.2436327,-121.853464,360,488073.3,W1-m-RES1-DF,06085512053,RES,RES1,W1,MC,RES1,m
34113,33.8305218,-118.2671816,360,193700.9,W1-m-RES1-DF,06037543803,RES,RES1,W1,MC,RES1,m
34195,37.7982726,-122.4188607,360,66409.84,W1-m-RES1-DF,06075010901,RES,RES1,W1,MC,RES1,m
34335,37.9337791,-122.3629918,360,122994.0,W1-m-RES1-DF,06013377000,RES,RES1,W1,MC,RES1,m
34419,34.2458703,-118.4209447,360,41022.14,W1-m-RES1-DF,06037104822,RES,RES1,W1,MC,RES1,m
34609,36.6871053,-119.7170769,360,101951.4,W1-m-RES1-DF,06019001500,RES,RES1,W1,MC,RES1,m
34680,33.819638,-116.4690836,360,38482.21,W1-m-RES1-DF,06065044926,RES,RES1,W1,MC,RES1,m
34751,34.0598538,-118.2979144,360,329.0,W1-m-RES1-DF,06037212304,RES,RES1,W1,MC,RES1,m
34850,39.2213169,-121.8398914,360,337727.4,W1-m-RES1-DF,06101050800,RES,RES1,W1,MC,RES1,m
34943,39.5280241,-122.2169664,360,88923.9,W1-m-RES1-DF,06021010401,RES,RES1,W1,MC,RES1,m
34999,34.0644299,-118.0988908,360,24127.74,W1-m-RES1-DF,06037482304,RES,RES1,W1,MC,RES1,m
35105,36.8531554,-121.3836822,360,68975.83,W1-m-RES1-DF,06069000502,RES,RES1,W1,MC,RES1,m
35165,34.0218419,-118.2570623,360,31391.24,W1-m-RES1-DF,06037226420,RES,RES1,W1,MC,RES1,m
35277,39.7681532,-121.8186276,360,715043.4,W1-m-RES1-DF,06007000103,RES,RES1,W1,MC,RES1,m
35419,32.8998834,-117.1295174,360,323037.3,W1-m-RES1-DF,06073008360,RES,RES1,W1,MC,RES1,m
35551,38.0481856,-122.2538488,360,321805.1,W1-m-RES1-DF,06013358000,RES,RES1,W1,MC,RES1,m
35618,37.3010098,-121.8099934,360,145799.1,W1-m-RES1-DF,06085503337,RES,RES1,W1,MC,RES1,m
35700,34.0514491,-118.4660451,360,40577.47,W1-m-RES1-DF,06037264303,RES,RES1,W1,MC,RES1,m
35779,38.2293028,-120.1769114,360,193286.9,W1-m-RES1-DF,06109002102,RES,RES1,W1,MC,RES1,m
35951,37.911254,-122.0627985,360,29037.72,W1-m-RES1-DF,06013339004,RES,RES1,W1,MC,RES1,m
36216,33.8919967,-117.6059596,360,34500.61,W1-m-RES1-DF,06065041500,RES,RES1,W1,MC,RES1,m
36256,38.857706,-121.2392811,360,352527.5,W1-m-RES1-DF,06061023501,RES,RES1,W1,MC,RES1,m
36293,34.0949804,-118.1636455,360,137329.3,W1-m-RES1-DF,06037201120,RES,RES1,W1,MC,RES1,m
36361,33.7284876,-117.8147887,360,183925.6,W1-m-RES1-DF,06059075513,RES,RES1,W1,MC,RES1,m
36475,34.4174275,-119.2817012,360,303753.1,W1-m-RES1-DF,06111001102,RES,RES1,W1,MC,RES1,m
36531,38.0292819,-121.3852365,360,266089.0,W1-m-RES1-DF,06077003215,RES,RES1,W1,MC,RES1,m
36627,33.9490818,-118.3482313,360,30449.87,W1-m-RES1-DF,06037601100,RES,RES1,W1,MC,RES1,m
36725,38.024444,-121.3338763,360,240421.8,W1-m-RES1-DF,06077003205,RES,RES1,W1,MC,RES1,m
36792,32.8028078,-117.236271,360,93478.77,W1-m-RES1-DF,06073007911,RES,RES1,W1,MC,RES1,m
36856,37.2974131,-121.9693967,360,247474.9,W1-m-RES1-DF,06085506605,RES,RES1,W1,MC,RES1,m
36954,37.7360495,-122.1466048,360,461731.6,W1-m-RES1-DF,06001432100,RES,RES1,W1,MC,RES1,m
37028,34.0159791,-117.7799574,360,275148.7,W1-m-RES1-DF,06037403321,RES,RES1,W1,MC,RES1,m
37109,38.3539119,-121.9670998,360,221974.0,W1-m-RES1-DF,06095253105,RES,RES1,W1,MC,RES1,m
37238,38.7861401,-123.1049627,360,288328.8,W1-m-RES1-DF,06097154202,RES,RES1,W1,MC,RES1,m
37310,34.2625505,-118.8208954,360,137908.7,W1-m-RES1-DF,06111007515,RES,RES1,W1,MC,RES1,m
37399,34.1198024,-118.0616206,360,352261.6,W1-m-RES1-DF,06037431800,RES,RES1,W1,MC,RES1,m
37486,34.2115233,-118.1530651,360,532786.8,W1-m-RES1-DF,06037460301,RES,RES1,W1,MC,RES1,m
37571,37.2593227,-121.9087021,360,601599.6,W1-m-RES1-DF,06085502908,RES,RES1,W1,MC,RES1,m
37633,37.3981136,-122.0968319,360,75611.0,W1-m-RES1-DF,06085509403,RES,RES1,W1,MC,RES1,m
37691,34.1531531,-118.7176005,360,186255.4,W1-m-RES1-DF,06037800328,RES,RES1,W1,MC,RES1,m
37755,34.2615445,-118.4653518,360,219301.8,W1-m-RES1-DF,06037109604,RES,RES1,W1,MC,RES1,m
37796,39.1329096,-121.5380784,360,95221.8,W1-m-RES1-DF,06115040301,RES,RES1,W1,MC,RES1,m
37910,38.6099173,-121.5148924,360,77922.9,W1-m-RES1-DF,06067007010,RES,RES1,W1,MC,RES1,m
38040,33.9124563,-117.8357565,360,82484.99,W1-m-RES1-DF,06059021831,RES,RES1,W1,MC,RES1,m
38113,37.7256849,-122.4411925,360,317043.8,W1-m-RES1-DF,06075025501,RES,RES1,W1,MC,RES1,m
38157,37.2807411,-121.8160936,360,240057.9,W1-m-RES1-DF,06085503208,RES,RES1,W1,MC,RES1,m
38264,37.2857451,-121.9547473,360,243386.2,W1-m-RES1-DF,06085506503,RES,RES1,W1,MC,RES1,m
38429,33.7807141,-117.8508355,360,187981.1,W1-m-RES1-DF,06059075902,RES,RES1,W1,MC,RES1,m
38549,33.7257613,-116.3845048,360,33491.95,W1-m-RES1-DF,06065045126,RES,RES1,W1,MC,RES1,m
38600,38.2442483,-120.3179569,360,411960.0,W1-m-RES1-DF,06009000506,RES,RES1,W1,MC,RES1,m
38662,38.228354,-121.0980636,360,600623.3,W1-m-RES1-DF,06077004703,RES,RES1,W1,MC,RES1,m
38740,37.9774362,-121.2573976,360,47295.72,W1-m-RES1-DF,06077001700,RES,RES1,W1,MC,RES1,m
38787,39.3421409,-120.2613747,360,966250.9,W1-m-RES1-DF,06057001208,RES,RES1,W1,MC,RES1,m
38851,37.9872578,-121.6618882,360,382155.3,W1-m-RES1-DF,06013302011,RES,RES1,W1,MC,RES1,m
38891,33.870565,-117.2215776,360,14285.58,W1-m-RES1-DF,06065048800,RES,RES1,W1,MC,RES1,m
38966,33.7241157,-117.9227863,360,336276.0,W1-m-RES1-DF,06059099227,RES,RES1,W1,MC,RES1,m
39134,32.7652836,-117.1335163,360,97683.46,W1-m-RES1-DF,06073001100,RES,RES1,W1,MC,RES1,m
39198,37.9946847,-121.8308707,360,336262.8,W1-m-RES1-DF,06013307204,RES,RES1,W1,MC,RES1,m
39237,38.4893485,-121.4634353,360,254799.0,W1-m-RES1-DF,06067004908,RES,RES1,W1,MC,RES1,m
39314,35.1611022,-118.5218387,360,75891.34,W1-m-RES1-DF,06029006006,RES,RES1,W1,MC,RES1,m
39352,33.662898,-116.1700591,360,127199.1,W1-m-RES1-DF,06065045703,RES,RES1,W1,MC,RES1,m
39402,37.6276315,-122.4598112,360,650743.0,W1-m-RES1-DF,06081614000,RES,RES1,W1,MC,RES1,m
39473,34.8912837,-117.0096202,360,161889.0,W1-m-RES1-DF,06071009501,RES,RES1,W1,MC,RES1,m
39537,36.7935402,-119.8893835,360,468506.0,W1-m-RES1-DF,06019003810,RES,RES1,W1,MC,RES1,m
39597,33.8685443,-118.1986552,360,178145.4,W1-m-RES1-DF,06037570402,RES,RES1,W1,MC,RES1,m
39631,34.1440873,-117.3930954,360,65253.45,W1-m-RES1-DF,06071002705,RES,RES1,W1,MC,RES1,m
39668,34.209876,-118.3492653,360,85818.81,W1-m-RES1-DF,06037102105,RES,RES1,W1,MC,RES1,m
39709,34.2047368,-118.3664946,360,107539.0,W1-m-RES1-DF,06037123020,RES,RES1,W1,MC,RES1,m
39872,36.9858848,-121.9451225,360,95025.96,W1-m-RES1-DF,06087122005,RES,RES1,W1,MC,RES1,m
39972,32.7451544,-117.0658539,360,320143.5,W1-m-RES1-DF,06073002703,RES,RES1,W1,MC,RES1,m
40037,33.6622665,-117.9654799,360,435788.9,W1-m-RES1-DF,06059099237,RES,RES1,W1,MC,RES1,m
40097,38.5548133,-121.3408051,360,233865.0,W1-m-RES1-DF,06067009103,RES,RES1,W1,MC,RES1,m
40134,33.6151759,-117.149645,360,78961.2,W1-m-RES1-DF,06065050701,RES,RES1,W1,MC,RES1,m
40194,32.6906311,-117.182643,360,174485.2,W1-m-RES1-DF,06073010800,RES,RES1,W1,MC,RES1,m
40314,37.8716996,-122.5316069,360,944781.5,W1-m-RES1-DF,06041128100,RES,RES1,W1,MC,RES1,m
40414,34.1617442,-118.403266,360,422073.7,W1-m-RES1-DF,06037124000,RES,RES1,W1,MC,RES1,m
40567,35.6298168,-117.6877306,360,335877.0,W1-m-RES1-DF,06029005402,RES,RES1,W1,MC,RES1,m
40692,38.5525145,-121.7188435,360,168101.0,W1-m-RES1-DF,06113010610,RES,RES1,W1,MC,RES1,m
40788,35.2739653,-120.6236283,360,295176.7,W1-m-RES1-DF,06079011001,RES,RES1,W1,MC,RES1,m
41067,32.7743909,-117.1351253,360,20424.52,W1-m-RES1-DF,06073009307,RES,RES1,W1,MC,RES1,m
41261,34.2332349,-118.5376549,360,257138.6,W1-m-RES1-DF,06037115202,RES,RES1,W1,MC,RES1,m
41335,33.9416417,-118.0213686,360,302359.4,W1-m-RES1-DF,06037503302,RES,RES1,W1,MC,RES1,m
41459,33.8699757,-118.3812879,360,341373.7,W1-m-RES1-DF,06037620701,RES,RES1,W1,MC,RES1,m
41576,33.766702,-117.8278543,360,606512.1,W1-m-RES1-DF,06059075701,RES,RES1,W1,MC,RES1,m
41693,37.2827241,-122.3443974,360,518465.2,W1-m-RES1-DF,06081613800,RES,RES1,W1,MC,RES1,m
41762,37.3206767,-121.7888418,360,161200.2,W1-m-RES1-DF,06085503325,RES,RES1,W1,MC,RES1,m
41823,37.7570588,-121.9526204,360,5596.25,W1-m-RES1-DF,06013345111,RES,RES1,W1,MC,RES1,m
41870,33.4677881,-117.1064252,360,28588.52,W1-m-RES1-DF,06065043208,RES,RES1,W1,MC,RES1,m
41884,38.65246,-121.5633386,360,868276.9,W1-m-RES1-DF,06067007026,RES,RES1,W1,MC,RES1,m
41945,36.9879101,-121.5714927,360,84776.76,W1-m-RES1-DF,06085512509,RES,RES1,W1,MC,RES1,m
42022,34.1039997,-118.1321698,360,353144.6,W1-m-RES1-DF,06037480400,RES,RES1,W1,MC,RES1,m
42114,33.8764203,-117.8282551,360,203544.9,W1-m-RES1-DF,06059021820,RES,RES1,W1,MC,RES1,m
42188,35.4163005,-119.0249519,360,106222.8,W1-m-RES1-DF,06029000201,RES,RES1,W1,MC,RES1,m
42301,34.1621154,-118.2987272,360,123690.5,W1-m-RES1-DF,06037301602,RES,RES1,W1,MC,RES1,m
42387,38.5543039,-121.4817038,360,253324.0,W1-m-RES1-DF,06067002600,RES,RES1,W1,MC,RES1,m
42510,34.2737825,-119.2734268,360,168644.2,W1-m-RES1-DF,06111002600,RES,RES1,W1,MC,RES1,m
42612,34.6250446,-118.3024864,360,147493.3,W1-m-RES1-DF,06037901217,RES,RES1,W1,MC,RES1,m
42660,32.6836181,-117.0608884,360,161129.7,W1-m-RES1-DF,06073003201,RES,RES1,W1,MC,RES1,m
42731,33.9999002,-117.428168,360,131723.9,W1-m-RES1-DF,06065040305,RES,RES1,W1,MC,RES1,m
42771,38.6632674,-121.1454813,360,451590.5,W1-m-RES1-DF,06067008505,RES,RES1,W1,MC,RES1,m
42796,34.2329132,-118.4291943,360,147664.0,W1-m-RES1-DF,06037119802,RES,RES1,W1,MC,RES1,m
42844,34.0786807,-118.239514,360,8557.3,W1-m-RES1-DF,06037980010,RES,RES1,W1,MC,RES1,m
42879,33.0121262,-117.0488065,360,349998.9,W1-m-RES1-DF,06073017006,RES,RES1,W1,MC,RES1,m
42905,38.7180234,-121.3282919,360,269153.0,W1-m-RES1-DF,06067007436,RES,RES1,W1,MC,RES1,m
42946,33.9499184,-118.2857158,360,55393.52,W1-m-RES1-DF,06037240401,RES,RES1,W1,MC,RES1,m
42994,37.7178918,-122.4357033,360,262109.5,W1-m-RES1-DF,06075026004,RES,RES1,W1,MC,RES1,m
43025,34.0886285,-117.3921294,360,12202.28,W1-m-RES1-DF,06071003603,RES,RES1,W1,MC,RES1,m
43096,41.2132164,-122.3927798,360,131473.4,W1-m-RES1-DF,06093001100,RES,RES1,W1,MC,RES1,m
43205,34.6348033,-120.4486596,360,143004.9,W1-m-RES1-DF,06083002708,RES,RES1,W1,MC,RES1,m
43310,34.0850985,-118.0290726,360,120964.8,W1-m-RES1-DF,06037432402,RES,RES1,W1,MC,RES1,m
43408,36.8010562,-121.7117029,360,319584.1,W1-m-RES1-DF,06053014700,RES,RES1,W1,MC,RES1,m
43497,39.8852079,-122.2174576,360,198370.0,W1-m-RES1-DF,06103001101,RES,RES1,W1,MC,RES1,m
43595,34.0602402,-118.8610455,360,290005.7,W1-m-RES1-DF,06037800406,RES,RES1,W1,MC,RES1,m
43669,38.3451903,-121.2760218,360,271685.1,W1-m-RES1-DF,06067009403,RES,RES1,W1,MC,RES1,m
43778,34.3033292,-118.4745764,360,148931.1,W1-m-RES1-DF,06037106604,RES,RES1,W1,MC,RES1,m
43905,34.0131825,-118.4231336,360,159729.2,W1-m-RES1-DF,06037271901,RES,RES1,W1,MC,RES1,m
43987,37.9288505,-121.2895764,360,93019.32,W1-m-RES1-DF,06077002401,RES,RES1,W1,MC,RES1,m
44217,37.7106517,-121.9177272,360,457080.7,W1-m-RES1-DF,06001450300,RES,RES1,W1,MC,RES1,m
44268,34.0812849,-118.2032927,360,68789.48,W1-m-RES1-DF,06037199202,RES,RES1,W1,MC,RES1,m
44316,32.9512327,-117.2211586,360,8092.67,W1-m-RES1-DF,06073008330,RES,RES1,W1,MC,RES1,m
44399,38.5428857,-121.4347593,360,401380.8,W1-m-RES1-DF,06067002900,RES,RES1,W1,MC,RES1,m
44454,38.4891655,-121.3831276,360,193667.0,W1-m-RES1-DF,06067005102,RES,RES1,W1,MC,RES1,m
44500,37.7421123,-122.5072288,360,591265.6,W1-m-RES1-DF,06075035400,RES,RES1,W1,MC,RES1,m
44572,33.7304367,-117.1724338,360,17571.8,W1-m-RES1-DF,06065042728,RES,RES1,W1,MC,RES1,m
44634,34.5499261,-120.0082874,360,144194.3,W1-m-RES1-DF,06083001907,RES,RES1,W1,MC,RES1,m
44714,39.7842336,-121.5757487,360,55756.8,W1-m-RES1-DF,06007001900,RES,RES1,W1,MC,RES1,m
44763,33.973306,-116.4887947,360,76670.02,W1-m-RES1-DF,06065044518,RES,RES1,W1,MC,RES1,m
44907,35.7710291,-119.2411623,360,97112.52,W1-m-RES1-DF,06029005005,RES,RES1,W1,MC,RES1,m
45114,33.9790503,-118.2520343,360,55554.94,W1-m-RES1-DF,06037532900,RES,RES1,W1,MC,RES1,m
45299,39.7859933,-121.9334056,360,863644.6,W1-m-RES1-DF,06007001400,RES,RES1,W1,MC,RES1,m
45379,37.6003622,-122.0225189,360,223269.8,W1-m-RES1-DF,06001440200,RES,RES1,W1,MC,RES1,m
45466,38.1226963,-121.292536,360,284480.5,W1-m-RES1-DF,06077004309,RES,RES1,W1,MC,RES1,m
45536,34.086454,-118.0838285,360,210774.5,W1-m-RES1-DF,06037432201,RES,RES1,W1,MC,RES1,m
45592,33.8540687,-116.5205082,360,117463.5,W1-m-RES1-DF,06065044604,RES,RES1,W1,MC,RES1,m
45652,35.3600931,-118.9542942,360,68063.76,W1-m-RES1-DF,06029002304,RES,RES1,W1,MC,RES1,m
45731,36.7590345,-119.871211,360,376250.0,W1-m-RES1-DF,06019003808,RES,RES1,W1,MC,RES1,m
45768,37.7626429,-121.9121996,360,54656.7,W1-m-RES1-DF,06013355115,RES,RES1,W1,MC,RES1,m
45849,41.5772357,-120.0924522,360,129852.6,W1-m-RES1-DF,06049000400,RES,RES1,W1,MC,RES1,m
45937,37.9026341,-122.4888202,360,876475.3,W1-m-RES1-DF,06041124100,RES,RES1,W1,MC,RES1,m
46010,34.4775443,-118.6264003,360,75625.68,W1-m-RES1-DF,06037920116,RES,RES1,W1,MC,RES1,m
46051,38.6249563,-121.3737088,360,323709.2,W1-m-RES1-DF,06067006004,RES,RES1,W1,MC,RES1,m
46191,34.2762804,-118.7043688,360,226849.3,W1-m-RES1-DF,06111008201,RES,RES1,W1,MC,RES1,m
46398,37.9756132,-122.037806,360,22154.13,W1-m-RES1-DF,06013328000,RES,RES1,W1,MC,RES1,m
46717,37.3935811,-121.9211348,360,108513.9,W1-m-RES1-DF,06085505006,RES,RES1,W1,MC,RES1,m
46813,38.8279567,-121.0265108,360,749014.1,W1-m-RES1-DF,06017030601,RES,RES1,W1,MC,RES1,m
46868,33.8993747,-118.3208781,360,240335.0,W1-m-RES1-DF,06037603500,RES,RES1,W1,MC,RES1,m
46893,33.04749,-117.0492384,360,63419.84,W1-m-RES1-DF,06073017060,RES,RES1,W1,MC,RES1,m
46932,33.7493422,-117.3068291,360,63347.41,W1-m-RES1-DF,06065042902,RES,RES1,W1,MC,RES1,m
47002,36.6706218,-121.6639509,360,177038.0,W1-m-RES1-DF,06053001400,RES,RES1,W1,MC,RES1,m
47090,32.6430592,-117.0878962,360,103602.2,W1-m-RES1-DF,06073012402,RES,RES1,W1,MC,RES1,m
47149,38.5536241,-121.7555763,360,172318.0,W1-m-RES1-DF,06113010704,RES,RES1,W1,MC,RES1,m
47224,37.9542751,-122.3524999,360,162323.9,W1-m-RES1-DF,06013368001,RES,RES1,W1,MC,RES1,m
47298,33.4676404,-117.6267181,360,60147.3,W1-m-RES1-DF,06059042111,RES,RES1,W1,MC,RES1,m
47425,37.9104369,-122.5585065,360,801531.7,W1-m-RES1-DF,06041127000,RES,RES1,W1,MC,RES1,m
47496,33.4597565,-117.0885307,360,33360.76,W1-m-RES1-DF,06065043252,RES,RES1,W1,MC,RES1,m
47622,39.1276564,-122.1035128,360,236382.2,W1-m-RES1-DF,06011000301,RES,RES1,W1,MC,RES1,m
47736,34.1625121,-118.1568222,360,203971.2,W1-m-RES1-DF,06037461600,RES,RES1,W1,MC,RES1,m
47800,38.478416,-122.66415,360,194460.2,W1-m-RES1-DF,06097152502,RES,RES1,W1,MC,RES1,m
47914,34.3264211,-118.4796437,360,116666.3,W1-m-RES1-DF,06037106510,RES,RES1,W1,MC,RES1,m
47975,34.0432688,-118.384482,360,42757.6,W1-m-RES1-DF,06037269602,RES,RES1,W1,MC,RES1,m
48060,36.4202966,-119.10095,360,213808.0,W1-m-RES1-DF,06107000702,RES,RES1,W1,MC,RES1,m
48129,37.4674426,-122.1248062,360,273718.1,W1-m-RES1-DF,06081611902,RES,RES1,W1,MC,RES1,m
48228,34.6819687,-118.14081,360,264548.0,W1-m-RES1-DF,06037900701,RES,RES1,W1,MC,RES1,m
48322,34.0185256,-118.2469968,360,34672.15,W1-m-RES1-DF,06037227010,RES,RES1,W1,MC,RES1,m
48414,34.0723283,-117.4447484,360,91734.09,W1-m-RES1-DF,06071003301,RES,RES1,W1,MC,RES1,m
48477,38.4125282,-122.6286521,360,217637.3,W1-m-RES1-DF,06097151503,RES,RES1,W1,MC,RES1,m
48533,34.9700367,-120.467047,360,46565.09,W1-m-RES1-DF,06083002307,RES,RES1,W1,MC,RES1,m
48587,34.3023474,-116.949733,360,268052.3,W1-m-RES1-DF,06071011300,RES,RES1,W1,MC,RES1,m
48656,35.6093657,-120.6717249,360,76401.28,W1-m-RES1-DF,06079010204,RES,RES1,W1,MC,RES1,m
48719,37.894462,-121.609977,360,47525.15,W1-m-RES1-DF,06013304004,RES,RES1,W1,MC,RES1,m
48826,34.1013095,-117.7418317,360,322405.4,W1-m-RES1-DF,06037401707,RES,RES1,W1,MC,RES1,m
48932,34.0091681,-117.9626924,360,273316.1,W1-m-RES1-DF,06037409100,RES,RES1,W1,MC,RES1,m
49003,34.8328331,-117.0841254,360,278419.8,W1-m-RES1-DF,06071011801,RES,RES1,W1,MC,RES1,m
49080,34.0216887,-118.1520851,360,72779.7,W1-m-RES1-DF,06037531701,RES,RES1,W1,MC,RES1,m
49108,33.9567077,-117.252396,360,2400.16,W1-m-RES1-DF,06065042409,RES,RES1,W1,MC,RES1,m
49223,34.8973703,-117.0457963,360,68976.24,W1-m-RES1-DF,06071009400,RES,RES1,W1,MC,RES1,m
49326,33.9035266,-117.4870785,360,35971.1,W1-m-RES1-DF,06065041406,RES,RES1,W1,MC,RES1,m
49410,36.3928943,-119.5983712,360,614727.8,W1-m-RES1-DF,06031000100,RES,RES1,W1,MC,RES1,m
49526,39.1466401,-121.6247293,360,178741.9,W1-m-RES1-DF,06101050102,RES,RES1,W1,MC,RES1,m
49589,36.3510181,-119.8425961,360,300785.5,W1-m-RES1-DF,06031000200,RES,RES1,W1,MC,RES1,m
49664,32.82831,-116.92865,360,109027.2,W1-m-RES1-DF,06073016806,RES,RES1,W1,MC,RES1,m
49741,34.0001927,-118.3082233,360,87037.83,W1-m-RES1-DF,06037232401,RES,RES1,W1,MC,RES1,m
49811,38.6775875,-121.3711115,360,295513.0,W1-m-RES1-DF,06067007403,RES,RES1,W1,MC,RES1,m
49881,37.6604897,-122.4373082,360,160191.3,W1-m-RES1-DF,06081601902,RES,RES1,W1,MC,RES1,m
49958,34.124938,-117.2349387,360,77994.45,W1-m-RES1-DF,06071007408,RES,RES1,W1,MC,RES1,m
50034,40.5520303,-122.3476795,360,242661.9,W1-m-RES1-DF,06089011209,RES,RES1,W1,MC,RES1,m
50090,33.8960082,-117.2986464,360,81966.96,W1-m-RES1-DF,06065042015,RES,RES1,W1,MC,RES1,m
50139,34.0494541,-118.3215149,360,29287.05,W1-m-RES1-DF,06037212900,RES,RES1,W1,MC,RES1,m
50212,37.0229981,-121.5834218,360,128549.0,W1-m-RES1-DF,06085512514,RES,RES1,W1,MC,RES1,m
50283,37.490783,-122.2518537,360,577966.1,W1-m-RES1-DF,06081609300,RES,RES1,W1,MC,RES1,m
50336,35.1008214,-120.6005136,360,62920.35,W1-m-RES1-DF,06079012202,RES,RES1,W1,MC,RES1,m
50403,33.1455819,-117.0410689,360,15869.12,W1-m-RES1-DF,06073020210,RES,RES1,W1,MC,RES1,m
50480,34.0854739,-118.3192295,360,11826.4,W1-m-RES1-DF,06037191710,RES,RES1,W1,MC,RES1,m
50612,36.3278537,-119.7178903,360,426762.3,W1-m-RES1-DF,06031000500,RES,RES1,W1,MC,RES1,m
50734,38.3544256,-120.9292323,360,544953.0,W1-m-RES1-DF,06005000303,RES,RES1,W1,MC,RES1,m
50786,33.5441782,-116.8654043,360,27046.3,W1-m-RES1-DF,06065044406,RES,RES1,W1,MC,RES1,m
50840,40.6329963,-122.3426632,360,589642.0,W1-m-RES1-DF,06089010807,RES,RES1,W1,MC,RES1,m
50938,39.0999148,-121.5826165,360,171606.1,W1-m-RES1-DF,06115040400,RES,RES1,W1,MC,RES1,m
50999,34.2327593,-118.9874839,360,38476.05,W1-m-RES1-DF,06111005306,RES,RES1,W1,MC,RES1,m
51119,33.9548717,-118.1918918,360,51495.84,W1-m-RES1-DF,06037536000,RES,RES1,W1,MC,RES1,m
51187,38.3441032,-122.6337915,360,92124.9,W1-m-RES1-DF,06097151309,RES,RES1,W1,MC,RES1,m
51363,33.8772272,-117.5541498,360,36293.15,W1-m-RES1-DF,06065041602,RES,RES1,W1,MC,RES1,m
51450,37.4375636,-122.1218491,360,621093.6,W1-m-RES1-DF,06085511000,RES,RES1,W1,MC,RES1,m
51614,34.145267,-118.2043861,360,588961.9,W1-m-RES1-DF,06037181000,RES,RES1,W1,MC,RES1,m
51675,33.097066,-117.1011926,360,98394.16,W1-m-RES1-DF,06073020404,RES,RES1,W1,MC,RES1,m
51740,34.0238371,-118.1623741,360,34304.49,W1-m-RES1-DF,06037531604,RES,RES1,W1,MC,RES1,m
51804,33.8563177,-118.1926968,360,59180.88,W1-m-RES1-DF,06037570304,RES,RES1,W1,MC,RES1,m
51862,34.2658924,-118.5667261,360,461682.9,W1-m-RES1-DF,06037113102,RES,RES1,W1,MC,RES1,m
51941,34.022516,-117.4882969,360,129138.5,W1-m-RES1-DF,06065040502,RES,RES1,W1,MC,RES1,m
52008,33.0513838,-117.1739269,360,283118.2,W1-m-RES1-DF,06073017111,RES,RES1,W1,MC,RES1,m
52142,37.0945979,-121.5669408,360,401578.0,W1-m-RES1-DF,06085512402,RES,RES1,W1,MC,RES1,m
52203,34.1815516,-118.2829278,360,566806.5,W1-m-RES1-DF,06037301400,RES,RES1,W1,MC,RES1,m
52297,34.1425784,-118.238019,360,59632.82,W1-m-RES1-DF,06037302103,RES,RES1,W1,MC,RES1,m
52463,34.1211089,-118.7391728,360,232489.4,W1-m-RES1-DF,06037800336,RES,RES1,W1,MC,RES1,m
52530,33.8939104,-117.8479811,360,379841.1,W1-m-RES1-DF,06059011718,RES,RES1,W1,MC,RES1,m
52580,37.979776,-121.7231589,360,78728.37,W1-m-RES1-DF,06013302014,RES,RES1,W1,MC,RES1,m
52693,33.8155623,-118.2550214,360,75964.52,W1-m-RES1-DF,06037543905,RES,RES1,W1,MC,RES1,m
52748,34.2207731,-118.4257669,360,326808.9,W1-m-RES1-DF,06037119700,RES,RES1,W1,MC,RES1,m
52781,34.1109412,-118.2015849,360,58754.57,W1-m-RES1-DF,06037183520,RES,RES1,W1,MC,RES1,m
52856,37.6348665,-122.0697491,360,41108.6,W1-m-RES1-DF,06001437701,RES,RES1,W1,MC,RES1,m
53052,32.5601548,-116.9530008,360,57336.36,W1-m-RES1-DF,06073010015,RES,RES1,W1,MC,RES1,m
53213,37.8022741,-122.2755012,360,2404.215,W1-m-RES1-DF,06001403100,RES,RES1,W1,MC,RES1,m
53370,33.7868656,-118.2146254,360,2198.27,W1-m-RES1-DF,06037980011,RES,RES1,W1,MC,RES1,m
53407,37.3067498,-121.8043765,360,144621.7,W1-m-RES1-DF,06085503336,RES,RES1,W1,MC,RES1,m
53445,33.5115829,-117.1314903,360,17883.11,W1-m-RES1-DF,06065043266,RES,RES1,W1,MC,RES1,m
53506,35.0702231,-119.451887,360,57538.92,W1-m-RES1-DF,06029003303,RES,RES1,W1,MC,RES1,m
53536,37.9041026,-121.3183032,360,353580.0,W1-m-RES1-DF,06077003805,RES,RES1,W1,MC,RES1,m
53754,38.2468522,-122.6439003,360,257035.9,W1-m-RES1-DF,06097150901,RES,RES1,W1,MC,RES1,m
53886,34.1564802,-118.2309561,360,290784.8,W1-m-RES1-DF,06037301000,RES,RES1,W1,MC,RES1,m
53935,38.4581469,-121.3443101,360,178829.0,W1-m-RES1-DF,06067009329,RES,RES1,W1,MC,RES1,m
54039,36.9514486,-121.7451776,360,300005.2,W1-m-RES1-DF,06087122500,RES,RES1,W1,MC,RES1,m
54175,34.4129132,-117.3369998,360,53179.39,W1-m-RES1-DF,06071010030,RES,RES1,W1,MC,RES1,m
54210,33.9763939,-118.0968706,360,214326.9,W1-m-RES1-DF,06037502401,RES,RES1,W1,MC,RES1,m
54290,34.1013179,-117.9659823,360,238191.6,W1-m-RES1-DF,06037405001,RES,RES1,W1,MC,RES1,m
54342,37.3456372,-121.8393992,360,74052.0,W1-m-RES1-DF,06085503703,RES,RES1,W1,MC,RES1,m
54485,37.9698609,-122.5395198,360,257946.5,W1-m-RES1-DF,06041111002,RES,RES1,W1,MC,RES1,m
54554,38.6481424,-121.4521807,360,157534.7,W1-m-RES1-DF,06067006704,RES,RES1,W1,MC,RES1,m
54631,34.0762204,-118.211907,360,18378.36,W1-m-RES1-DF,06037199201,RES,RES1,W1,MC,RES1,m
54766,37.8481254,-121.1751635,360,333287.6,W1-m-RES1-DF,06077005131,RES,RES1,W1,MC,RES1,m
54816,33.6899398,-117.9302089,360,302597.5,W1-m-RES1-DF,06059063805,RES,RES1,W1,MC,RES1,m
54836,38.6881636,-121.3583148,360,214261.0,W1-m-RES1-DF,06067007414,RES,RES1,W1,MC,RES1,m
54934,33.9783876,-118.2631028,360,35705.9,W1-m-RES1-DF,06037239330,RES,RES1,W1,MC,RES1,m
54958,38.7094156,-121.3801503,360,130172.0,W1-m-RES1-DF,06067007426,RES,RES1,W1,MC,RES1,m
54999,32.7473561,-117.2314742,360,98578.08,W1-m-RES1-DF,06073007401,RES,RES1,W1,MC,RES1,m
55046,41.7755142,-124.1930591,360,64703.73,W1-m-RES1-DF,06015000104,RES,RES1,W1,MC,RES1,m
55367,37.6516256,-122.3991322,360,234680.0,W1-m-RES1-DF,06081602300,RES,RES1,W1,MC,RES1,m
55469,38.6435073,-123.1933099,360,222809.6,W1-m-RES1-DF,06097154304,RES,RES1,W1,MC,RES1,m
55565,34.1888959,-118.5257626,360,268030.0,W1-m-RES1-DF,06037132700,RES,RES1,W1,MC,RES1,m
55693,34.0294615,-118.155189,360,43514.46,W1-m-RES1-DF,06037530301,RES,RES1,W1,MC,RES1,m
55783,34.1784585,-118.4410822,360,80135.03,W1-m-RES1-DF,06037128601,RES,RES1,W1,MC,RES1,m
55851,33.1471368,-117.1247249,360,124650.6,W1-m-RES1-DF,06073020024,RES,RES1,W1,MC,RES1,m
55922,32.7437315,-117.1233878,360,141699.3,W1-m-RES1-DF,06073001500,RES,RES1,W1,MC,RES1,m
56014,33.9918529,-118.4792029,360,22679.25,W1-m-RES1-DF,06037273403,RES,RES1,W1,MC,RES1,m
56098,34.4161012,-119.712922,360,55145.61,W1-m-RES1-DF,06083001102,RES,RES1,W1,MC,RES1,m
56163,33.9780094,-117.9604542,360,250428.4,W1-m-RES1-DF,06037408629,RES,RES1,W1,MC,RES1,m
56267,33.8453363,-117.9689154,360,257796.9,W1-m-RES1-DF,06059086802,RES,RES1,W1,MC,RES1,m
56305,34.0677546,-118.451161,360,10968.0,W1-m-RES1-DF,06037265304,RES,RES1,W1,MC,RES1,m
56406,35.3796683,-118.9406532,360,181684.1,W1-m-RES1-DF,06029000906,RES,RES1,W1,MC,RES1,m
56466,37.9094178,-122.2748795,360,544232.6,W1-m-RES1-DF,06013392000,RES,RES1,W1,MC,RES1,m
56511,32.7215901,-117.2533174,360,550984.8,W1-m-RES1-DF,06073007200,RES,RES1,W1,MC,RES1,m
56635,37.3302791,-122.0232965,360,682272.6,W1-m-RES1-DF,06085508101,RES,RES1,W1,MC,RES1,m
56706,33.5752338,-117.2137517,360,17839.56,W1-m-RES1-DF,06065043228,RES,RES1,W1,MC,RES1,m
56736,33.6090715,-117.1893498,360,70059.18,W1-m-RES1-DF,06065043278,RES,RES1,W1,MC,RES1,m
56795,34.0164073,-118.3311523,360,248520.0,W1-m-RES1-DF,06037234200,RES,RES1,W1,MC,RES1,m
56856,32.9408405,-117.2351196,360,141945.7,W1-m-RES1-DF,06073008370,RES,RES1,W1,MC,RES1,m
56871,32.6987955,-117.2091097,360,47737.56,W1-m-RES1-DF,06073011300,RES,RES1,W1,MC,RES1,m
56905,32.6743466,-115.4759186,360,45298.32,W1-m-RES1-DF,06025012004,RES,RES1,W1,MC,RES1,m
56940,34.0338905,-118.201168,360,32278.44,W1-m-RES1-DF,06037204120,RES,RES1,W1,MC,RES1,m
56957,35.4049931,-118.8966232,360,341036.4,W1-m-RES1-DF,06029000913,RES,RES1,W1,MC,RES1,m
56993,38.6700084,-121.7516448,360,192809.0,W1-m-RES1-DF,06113011103,RES,RES1,W1,MC,RES1,m
57017,33.81057,-117.2108009,360,35145.0,W1-m-RES1-DF,06065042627,RES,RES1,W1,MC,RES1,m
57054,34.1724294,-118.977988,360,174975.7,W1-m-RES1-DF,06111005804,RES,RES1,W1,MC,RES1,m
57093,37.8802854,-122.2782006,360,207165.0,W1-m-RES1-DF,06001421800,RES,RES1,W1,MC,RES1,m
57211,39.4173331,-120.5885542,360,565112.8,W1-m-RES1-DF,06057000900,RES,RES1,W1,MC,RES1,m
57308,37.8361052,-122.2344831,360,553184.4,W1-m-RES1-DF,06001404200,RES,RES1,W1,MC,RES1,m
57414,34.1403957,-118.0894883,360,319958.0,W1-m-RES1-DF,06037463200,RES,RES1,W1,MC,RES1,m
57468,38.2654848,-122.6401778,360,16165.74,W1-m-RES1-DF,06097150610,RES,RES1,W1,MC,RES1,m
57624,37.844615,-121.297535,360,1214148.0,W1-m-RES1-DF,06077005119,RES,RES1,W1,MC,RES1,m
57735,39.6742656,-121.6828433,360,268497.7,W1-m-RES1-DF,06007002200,RES,RES1,W1,MC,RES1,m
57880,33.1364305,-117.3025918,360,32124.4,W1-m-RES1-DF,06073022101,RES,RES1,W1,MC,RES1,m
57968,33.9291919,-117.4320055,360,215306.8,W1-m-RES1-DF,06065031501,RES,RES1,W1,MC,RES1,m
58030,37.201114,-121.8480117,360,230260.9,W1-m-RES1-DF,06085511917,RES,RES1,W1,MC,RES1,m
58092,33.983157,-117.9826865,360,781830.2,W1-m-RES1-DF,06037408503,RES,RES1,W1,MC,RES1,m
58167,33.7021007,-117.784626,360,378513.1,W1-m-RES1-DF,06059052526,RES,RES1,W1,MC,RES1,m
58242,33.8737602,-118.1212147,360,66486.84,W1-m-RES1-DF,06037554405,RES,RES1,W1,MC,RES1,m
58306,34.2442558,-118.2325716,360,781139.2,W1-m-RES1-DF,06037300100,RES,RES1,W1,MC,RES1,m
58363,38.3703098,-122.011505,360,378427.4,W1-m-RES1-DF,06095253201,RES,RES1,W1,MC,RES1,m
58465,34.6651688,-120.4553875,360,153856.0,W1-m-RES1-DF,06083002802,RES,RES1,W1,MC,RES1,m
58550,38.6317814,-121.337078,360,358187.0,W1-m-RES1-DF,06067007602,RES,RES1,W1,MC,RES1,m
58618,32.8633022,-116.7519653,360,177697.0,W1-m-RES1-DF,06073021206,RES,RES1,W1,MC,RES1,m
58651,35.1107258,-120.6121439,360,78783.78,W1-m-RES1-DF,06079012001,RES,RES1,W1,MC,RES1,m
58732,37.6516747,-121.9827815,360,416164.6,W1-m-RES1-DF,06001435103,RES,RES1,W1,MC,RES1,m
58811,36.8739461,-119.7387266,360,846395.1,W1-m-RES1-DF,06019005505,RES,RES1,W1,MC,RES1,m
58897,34.0475522,-118.4201983,360,429846.6,W1-m-RES1-DF,06037267902,RES,RES1,W1,MC,RES1,m
59083,37.8405841,-122.2544782,360,420631.2,W1-m-RES1-DF,06001400300,RES,RES1,W1,MC,RES1,m
59197,33.971739,-118.0408537,360,28990.32,W1-m-RES1-DF,06037501803,RES,RES1,W1,MC,RES1,m
59271,37.778079,-122.4385024,360,42716.77,W1-m-RES1-DF,06075015802,RES,RES1,W1,MC,RES1,m
59445,33.8579676,-117.8750183,360,51353.66,W1-m-RES1-DF,06059011720,RES,RES1,W1,MC,RES1,m
59541,32.8747189,-115.556913,360,19675.68,W1-m-RES1-DF,06025011001,RES,RES1,W1,MC,RES1,m
59625,34.179195,-118.9225558,360,166796.9,W1-m-RES1-DF,06111005908,RES,RES1,W1,MC,RES1,m
59677,38.7128329,-121.297039,360,192967.0,W1-m-RES1-DF,06067008113,RES,RES1,W1,MC,RES1,m
59797,32.9046416,-117.1049363,360,510572.2,W1-m-RES1-DF,06073017022,RES,RES1,W1,MC,RES1,m
59920,38.8477883,-122.4648516,360,79620.09,W1-m-RES1-DF,06033001200,RES,RES1,W1,MC,RES1,m
60002,37.4404253,-121.8966446,360,201488.6,W1-m-RES1-DF,06085504414,RES,RES1,W1,MC,RES1,m
60075,37.9714091,-121.7478636,360,32920.53,W1-m-RES1-DF,06013302009,RES,RES1,W1,MC,RES1,m
60099,34.4030828,-117.2524716,360,40954.54,W1-m-RES1-DF,06071010022,RES,RES1,W1,MC,RES1,m
60164,33.4741037,-117.7165218,360,552290.3,W1-m-RES1-DF,06059042323,RES,RES1,W1,MC,RES1,m
60204,37.8271275,-122.2171515,360,409540.1,W1-m-RES1-DF,06001404501,RES,RES1,W1,MC,RES1,m
60286,40.0733075,-122.1795281,360,242777.1,W1-m-RES1-DF,06103000800,RES,RES1,W1,MC,RES1,m
60380,34.1784044,-119.2084417,360,190820.0,W1-m-RES1-DF,06111004304,RES,RES1,W1,MC,RES1,m
60478,34.0539673,-118.4218545,360,308270.4,W1-m-RES1-DF,06037267102,RES,RES1,W1,MC,RES1,m
60601,37.5289795,-120.7438818,360,408000.4,W1-m-RES1-DF,06099003607,RES,RES1,W1,MC,RES1,m
60765,38.7072071,-122.8058771,360,368575.8,W1-m-RES1-DF,06097154100,RES,RES1,W1,MC,RES1,m
60861,38.1036271,-120.7696216,360,594739.6,W1-m-RES1-DF,06009000220,RES,RES1,W1,MC,RES1,m
60942,34.396988,-118.4713568,360,369133.1,W1-m-RES1-DF,06037920042,RES,RES1,W1,MC,RES1,m
61014,37.709662,-122.4434545,360,246914.8,W1-m-RES1-DF,06075026303,RES,RES1,W1,MC,RES1,m
61147,37.5980622,-122.0829553,360,34949.1,W1-m-RES1-DF,06001440331,RES,RES1,W1,MC,RES1,m
61199,37.606214,-122.4100762,360,449369.4,W1-m-RES1-DF,06081604500,RES,RES1,W1,MC,RES1,m
61245,32.7518587,-117.1400445,360,47273.2,W1-m-RES1-DF,06073000901,RES,RES1,W1,MC,RES1,m
61339,36.3345261,-119.3587273,360,330980.3,W1-m-RES1-DF,06107001005,RES,RES1,W1,MC,RES1,m
61422,37.8171784,-122.2487713,360,192596.3,W1-m-RES1-DF,06001403900,RES,RES1,W1,MC,RES1,m
61545,33.9054717,-118.0880792,360,292036.0,W1-m-RES1-DF,06037552100,RES,RES1,W1,MC,RES1,m
61587,37.5342152,-122.3119515,360,610748.8,W1-m-RES1-DF,06081607300,RES,RES1,W1,MC,RES1,m
61629,32.8318746,-116.9492171,360,330882.4,W1-m-RES1-DF,06073016704,RES,RES1,W1,MC,RES1,m
61733,32.6868554,-117.1845825,360,327682.5,W1-m-RES1-DF,06073021800,RES,RES1,W1,MC,RES1,m
61869,36.8166842,-119.6922549,360,285544.0,W1-m-RES1-DF,06019005704,RES,RES1,W1,MC,RES1,m
61950,34.0384299,-118.2921027,360,14974.86,W1-m-RES1-DF,06037221602,RES,RES1,W1,MC,RES1,m
62106,37.5593266,-120.1610355,360,487306.2,W1-m-RES1-DF,06043000101,RES,RES1,W1,MC,RES1,m
62162,33.8499458,-118.1870723,360,88942.49,W1-m-RES1-DF,06037571704,RES,RES1,W1,MC,RES1,m
62228,33.7948387,-118.2162875,360,120760.2,W1-m-RES1-DF,06037578000,RES,RES1,W1,MC,RES1,m
62329,33.8207314,-118.0281903,360,359685.6,W1-m-RES1-DF,06059110109,RES,RES1,W1,MC,RES1,m
62390,34.2146244,-118.5056231,360,292149.5,W1-m-RES1-DF,06037131100,RES,RES1,W1,MC,RES1,m
62423,37.3416169,-121.8583144,360,47854.72,W1-m-RES1-DF,06085501501,RES,RES1,W1,MC,RES1,m
62506,34.0424856,-118.4542291,360,28631.47,W1-m-RES1-DF,06037267503,RES,RES1,W1,MC,RES1,m
62585,37.3684579,-121.8355428,360,169001.5,W1-m-RES1-DF,06085503903,RES,RES1,W1,MC,RES1,m
62647,37.5039,-122.3034945,360,446617.4,W1-m-RES1-DF,06081608900,RES,RES1,W1,MC,RES1,m
62732,34.2736288,-119.1790274,360,245039.8,W1-m-RES1-DF,06111001401,RES,RES1,W1,MC,RES1,m
62788,37.9242312,-122.2957499,360,582104.0,W1-m-RES1-DF,06013385100,RES,RES1,W1,MC,RES1,m
62870,33.7264223,-117.9801983,360,116577.8,W1-m-RES1-DF,06059099241,RES,RES1,W1,MC,RES1,m
63046,37.9821461,-122.0714008,360,507790.8,W1-m-RES1-DF,06013321200,RES,RES1,W1,MC,RES1,m
63333,36.6483828,-121.6367292,360,322041.0,W1-m-RES1-DF,06053014500,RES,RES1,W1,MC,RES1,m
63442,34.1761857,-118.1602397,360,345640.4,W1-m-RES1-DF,06037460900,RES,RES1,W1,MC,RES1,m
63545,35.3320895,-120.8635035,360,487952.4,W1-m-RES1-DF,06079010707,RES,RES1,W1,MC,RES1,m
63706,34.1695168,-118.3660291,360,116703.5,W1-m-RES1-DF,06037125310,RES,RES1,W1,MC,RES1,m
63820,38.133232,-122.6580087,360,1177981.0,W1-m-RES1-DF,06041103100,RES,RES1,W1,MC,RES1,m
64001,37.8211635,-122.3187951,360,120236.9,W1-m-RES1-DF,06001401700,RES,RES1,W1,MC,RES1,m
64130,37.4797864,-122.2233247,360,22570.17,W1-m-RES1-DF,06081610203,RES,RES1,W1,MC,RES1,m
64282,33.7938846,-117.8707223,360,213808.1,W1-m-RES1-DF,06059076105,RES,RES1,W1,MC,RES1,m
64394,33.940824,-117.9410039,360,286118.8,W1-m-RES1-DF,06059001401,RES,RES1,W1,MC,RES1,m
64587,37.8083492,-122.4093204,360,13453.9,W1-m-RES1-DF,06075010101,RES,RES1,W1,MC,RES1,m
64714,33.6164589,-117.6973606,360,284322.9,W1-m-RES1-DF,06059032014,RES,RES1,W1,MC,RES1,m
64790,38.0018136,-121.1809149,360,171356.7,W1-m-RES1-DF,06077003602,RES,RES1,W1,MC,RES1,m
64838,34.098787,-117.6242985,360,85794.8,W1-m-RES1-DF,06071002101,RES,RES1,W1,MC,RES1,m
64945,39.3453317,-121.6578142,360,180377.3,W1-m-RES1-DF,06007003400,RES,RES1,W1,MC,RES1,m
65050,37.203588,-120.5697813,360,524960.8,W1-m-RES1-DF,06047000901,RES,RES1,W1,MC,RES1,m
65191,33.9526286,-118.3822385,360,16107.3,W1-m-RES1-DF,06037277200,RES,RES1,W1,MC,RES1,m
65322,33.6281163,-117.8983938,360,799985.3,W1-m-RES1-DF,06059063010,RES,RES1,W1,MC,RES1,m
65451,34.2776638,-118.863906,360,64105.16,W1-m-RES1-DF,06111007613,RES,RES1,W1,MC,RES1,m
65525,33.8050537,-116.48846,360,187150.9,W1-m-RES1-DF,06065941002,RES,RES1,W1,MC,RES1,m
65565,38.5863682,-121.3394431,360,539612.5,W1-m-RES1-DF,06067005804,RES,RES1,W1,MC,RES1,m
65597,37.333015,-121.8796398,360,6483.84,W1-m-RES1-DF,06085500902,RES,RES1,W1,MC,RES1,m
65677,37.5846106,-122.0572653,360,264614.3,W1-m-RES1-DF,06001441522,RES,RES1,W1,MC,RES1,m
65702,38.4604893,-121.403343,360,299412.0,W1-m-RES1-DF,06067009320,RES,RES1,W1,MC,RES1,m
65747,33.2315279,-117.2973209,360,8123.97,W1-m-RES1-DF,06073018524,RES,RES1,W1,MC,RES1,m
65862,37.5360343,-121.9604172,360,91339.64,W1-m-RES1-DF,06001442302,RES,RES1,W1,MC,RES1,m
66021,39.7952095,-123.6196974,360,172183.0,W1-m-RES1-DF,06045010200,RES,RES1,W1,MC,RES1,m
66158,38.2173511,-119.1242068,360,229340.7,W1-m-RES1-DF,06051000102,RES,RES1,W1,MC,RES1,m
66233,38.4016323,-121.3931602,360,576287.0,W1-m-RES1-DF,06067009650,RES,RES1,W1,MC,RES1,m
66283,33.7647488,-118.0359657,360,569703.1,W1-m-RES1-DF,06059099906,RES,RES1,W1,MC,RES1,m
66340,33.1484786,-117.3205379,360,324860.6,W1-m-RES1-DF,06073017810,RES,RES1,W1,MC,RES1,m
66425,32.7726385,-117.172759,360,187281.6,W1-m-RES1-DF,06073008901,RES,RES1,W1,MC,RES1,m
66475,34.0656025,-118.4632446,360,212290.3,W1-m-RES1-DF,06037265410,RES,RES1,W1,MC,RES1,m
66588,36.9391626,-120.0638655,360,273428.0,W1-m-RES1-DF,06039000511,RES,RES1,W1,MC,RES1,m
66646,32.8479042,-116.9106547,360,188896.8,W1-m-RES1-DF,06073016810,RES,RES1,W1,MC,RES1,m
66685,40.5171777,-122.4511327,360,255620.2,W1-m-RES1-DF,06089011001,RES,RES1,W1,MC,RES1,m
66895,34.0812987,-118.3811478,360,210793.2,W1-m-RES1-DF,06037700400,RES,RES1,W1,MC,RES1,m
66990,34.1781865,-119.1816278,360,62825.0,W1-m-RES1-DF,06111003802,RES,RES1,W1,MC,RES1,m
67131,33.9954427,-118.4325909,360,108111.9,W1-m-RES1-DF,06037702803,RES,RES1,W1,MC,RES1,m
67195,34.0434012,-118.3348919,360,210945.4,W1-m-RES1-DF,06037218220,RES,RES1,W1,MC,RES1,m
67267,32.7392559,-117.0716411,360,96875.94,W1-m-RES1-DF,06073002711,RES,RES1,W1,MC,RES1,m
67304,34.0808128,-118.28244,360,21707.05,W1-m-RES1-DF,06037195903,RES,RES1,W1,MC,RES1,m
67405,34.1774941,-118.4162038,360,195061.2,W1-m-RES1-DF,06037123601,RES,RES1,W1,MC,RES1,m
67477,36.9656105,-121.9817469,360,20953.08,W1-m-RES1-DF,06087121502,RES,RES1,W1,MC,RES1,m
67634,36.626297,-120.5773805,360,142288.4,W1-m-RES1-DF,06019008304,RES,RES1,W1,MC,RES1,m
67786,33.2564808,-116.6970824,360,121420.3,W1-m-RES1-DF,06073020903,RES,RES1,W1,MC,RES1,m
67970,33.8218914,-118.3550066,360,126110.6,W1-m-RES1-DF,06037651221,RES,RES1,W1,MC,RES1,m
68027,36.9045724,-119.376434,360,350268.5,W1-m-RES1-DF,06019006407,RES,RES1,W1,MC,RES1,m
68105,34.5174011,-118.1884839,360,40335.43,W1-m-RES1-DF,06037910804,RES,RES1,W1,MC,RES1,m
68161,33.6802777,-117.9481206,360,379801.6,W1-m-RES1-DF,06059099216,RES,RES1,W1,MC,RES1,m
68279,34.382219,-118.5315185,360,20601.7,W1-m-RES1-DF,06037920341,RES,RES1,W1,MC,RES1,m
68340,37.5680135,-122.345218,360,574520.1,W1-m-RES1-DF,06081605800,RES,RES1,W1,MC,RES1,m
68412,34.2248079,-118.5151269,360,258104.8,W1-m-RES1-DF,06037115401,RES,RES1,W1,MC,RES1,m
68489,33.9729857,-118.2628927,360,60564.24,W1-m-RES1-DF,06037239501,RES,RES1,W1,MC,RES1,m
68544,34.1250012,-117.2982891,360,39189.43,W1-m-RES1-DF,06071005501,RES,RES1,W1,MC,RES1,m
68599,37.6737239,-122.0592192,360,288209.5,W1-m-RES1-DF,06001436404,RES,RES1,W1,MC,RES1,m
68636,34.0296868,-118.4132103,360,7273.08,W1-m-RES1-DF,06037269908,RES,RES1,W1,MC,RES1,m
68866,33.9798418,-117.3763659,360,70297.86,W1-m-RES1-DF,06065030300,RES,RES1,W1,MC,RES1,m
69000,33.7857831,-118.1434681,360,140844.1,W1-m-RES1-DF,06037575002,RES,RES1,W1,MC,RES1,m
69089,35.1650776,-119.4672709,360,175544.8,W1-m-RES1-DF,06029003400,RES,RES1,W1,MC,RES1,m
69159,32.7427262,-117.2532896,360,59450.27,W1-m-RES1-DF,06073007304,RES,RES1,W1,MC,RES1,m
69221,34.0683314,-118.2519864,360,30211.23,W1-m-RES1-DF,06037197600,RES,RES1,W1,MC,RES1,m
69369,37.8312043,-122.2718866,360,269060.0,W1-m-RES1-DF,06001401000,RES,RES1,W1,MC,RES1,m
69595,32.8440338,-117.2730627,360,107833.3,W1-m-RES1-DF,06073008201,RES,RES1,W1,MC,RES1,m
69736,37.4699794,-122.2192352,360,201748.1,W1-m-RES1-DF,06081610700,RES,RES1,W1,MC,RES1,m
69836,33.9766456,-117.3167939,360,321275.5,W1-m-RES1-DF,06065042213,RES,RES1,W1,MC,RES1,m
70008,37.2260168,-121.9763843,360,490599.2,W1-m-RES1-DF,06085507004,RES,RES1,W1,MC,RES1,m
70158,37.9991444,-122.5498145,360,439556.8,W1-m-RES1-DF,06041108202,RES,RES1,W1,MC,RES1,m
70409,38.5043498,-122.7912191,360,155026.9,W1-m-RES1-DF,06097152702,RES,RES1,W1,MC,RES1,m
70516,37.3588628,-122.0097817,360,357627.6,W1-m-RES1-DF,06085508505,RES,RES1,W1,MC,RES1,m
70632,34.431492,-118.5621604,360,11257.84,W1-m-RES1-DF,06037920114,RES,RES1,W1,MC,RES1,m
70685,33.9307499,-116.8940377,360,107394.2,W1-m-RES1-DF,06065044102,RES,RES1,W1,MC,RES1,m
70745,38.603266,-121.3357388,360,702267.4,W1-m-RES1-DF,06067007702,RES,RES1,W1,MC,RES1,m
70837,39.455171,-123.638408,360,245832.3,W1-m-RES1-DF,06045010300,RES,RES1,W1,MC,RES1,m
70949,37.1111437,-120.2544609,360,178283.0,W1-m-RES1-DF,06039000301,RES,RES1,W1,MC,RES1,m
71009,35.7478582,-119.2921322,360,76602.44,W1-m-RES1-DF,06029004606,RES,RES1,W1,MC,RES1,m
71104,36.2189133,-119.3219739,360,285110.0,W1-m-RES1-DF,06107002302,RES,RES1,W1,MC,RES1,m
71233,37.7874563,-122.4234259,360,37666.04,W1-m-RES1-DF,06075015100,RES,RES1,W1,MC,RES1,m
71321,33.7282151,-118.2850928,360,49867.68,W1-m-RES1-DF,06037297120,RES,RES1,W1,MC,RES1,m
71379,38.6917961,-121.3409233,360,96822.0,W1-m-RES1-DF,06067007422,RES,RES1,W1,MC,RES1,m
71415,33.5297694,-117.1367216,360,27041.4,W1-m-RES1-DF,06065043217,RES,RES1,W1,MC,RES1,m
71557,37.4943019,-122.1502245,360,246089.2,W1-m-RES1-DF,06081611700,RES,RES1,W1,MC,RES1,m
71612,38.2440564,-122.6067891,360,516557.4,W1-m-RES1-DF,06097150602,RES,RES1,W1,MC,RES1,m
71636,34.6773779,-120.4864559,360,33187.11,W1-m-RES1-DF,06083980400,RES,RES1,W1,MC,RES1,m
71698,33.8232253,-117.8776182,360,237466.4,W1-m-RES1-DF,06059086306,RES,RES1,W1,MC,RES1,m
71786,34.4608114,-119.6644434,360,715990.6,W1-m-RES1-DF,06083000700,RES,RES1,W1,MC,RES1,m
71884,37.9860335,-121.845027,360,155371.0,W1-m-RES1-DF,06013307205,RES,RES1,W1,MC,RES1,m
71982,39.1852102,-121.3585368,360,165134.6,W1-m-RES1-DF,06115040901,RES,RES1,W1,MC,RES1,m
72039,37.7648873,-122.4394974,360,327824.8,W1-m-RES1-DF,06075017000,RES,RES1,W1,MC,RES1,m
72173,34.07988,-118.3113323,360,41241.7,W1-m-RES1-DF,06037192420,RES,RES1,W1,MC,RES1,m
72235,38.5374318,-121.2334006,360,1118462.0,W1-m-RES1-DF,06067008707,RES,RES1,W1,MC,RES1,m
72307,37.4296933,-119.8411982,360,581506.4,W1-m-RES1-DF,06043000301,RES,RES1,W1,MC,RES1,m
72339,37.5938189,-122.0649125,360,379581.0,W1-m-RES1-DF,06001440334,RES,RES1,W1,MC,RES1,m
72392,37.9212391,-121.9942166,360,240863.8,W1-m-RES1-DF,06013355302,RES,RES1,W1,MC,RES1,m
72495,34.1885731,-118.4572358,360,81047.66,W1-m-RES1-DF,06037127806,RES,RES1,W1,MC,RES1,m
72685,38.7645705,-121.2757092,360,652459.0,W1-m-RES1-DF,06061021003,RES,RES1,W1,MC,RES1,m
72838,33.9448594,-118.1782351,360,110995.8,W1-m-RES1-DF,06037536104,RES,RES1,W1,MC,RES1,m
72888,32.6866567,-117.1075926,360,57601.71,W1-m-RES1-DF,06073003603,RES,RES1,W1,MC,RES1,m
72938,37.9618697,-121.2192849,360,87683.5,W1-m-RES1-DF,06077002702,RES,RES1,W1,MC,RES1,m
72981,37.7762405,-121.9432378,360,4729.39,W1-m-RES1-DF,06013345117,RES,RES1,W1,MC,RES1,m
73088,37.8417014,-122.2722628,360,214558.1,W1-m-RES1-DF,06001400700,RES,RES1,W1,MC,RES1,m
73159,33.15357,-117.0765844,360,117905.4,W1-m-RES1-DF,06073020107,RES,RES1,W1,MC,RES1,m
73201,37.6894445,-121.7246715,360,248241.6,W1-m-RES1-DF,06001451505,RES,RES1,W1,MC,RES1,m
73277,34.0571971,-118.0862346,360,56582.84,W1-m-RES1-DF,06037482403,RES,RES1,W1,MC,RES1,m
73373,32.7832984,-115.5741144,360,220913.8,W1-m-RES1-DF,06025011802,RES,RES1,W1,MC,RES1,m
73434,37.2633246,-121.8972821,360,561708.6,W1-m-RES1-DF,06085502907,RES,RES1,W1,MC,RES1,m
73483,33.8697405,-118.3325911,360,171530.4,W1-m-RES1-DF,06037650102,RES,RES1,W1,MC,RES1,m
73532,33.7329217,-117.8214885,360,101174.8,W1-m-RES1-DF,06059075512,RES,RES1,W1,MC,RES1,m
73591,34.1972397,-118.4219865,360,101681.8,W1-m-RES1-DF,06037123410,RES,RES1,W1,MC,RES1,m
73680,34.2547154,-119.1820837,360,214506.2,W1-m-RES1-DF,06111001402,RES,RES1,W1,MC,RES1,m
73767,38.6909824,-120.7055174,360,294154.8,W1-m-RES1-DF,06017031404,RES,RES1,W1,MC,RES1,m
73824,38.2870988,-122.2891839,360,113492.6,W1-m-RES1-DF,06055200203,RES,RES1,W1,MC,RES1,m
73917,36.9659794,-119.9634084,360,193251.0,W1-m-RES1-DF,06039000517,RES,RES1,W1,MC,RES1,m
73976,33.7961088,-117.9469276,360,349654.4,W1-m-RES1-DF,06059088301,RES,RES1,W1,MC,RES1,m
74019,37.5716231,-122.0024689,360,39061.8,W1-m-RES1-DF,06001441301,RES,RES1,W1,MC,RES1,m
74131,34.6429274,-120.4449545,360,147538.8,W1-m-RES1-DF,06083002703,RES,RES1,W1,MC,RES1,m
74219,34.4044037,-118.5606309,360,5795.26,W1-m-RES1-DF,06037920330,RES,RES1,W1,MC,RES1,m
74311,34.6966423,-118.1748108,360,49405.2,W1-m-RES1-DF,06037901008,RES,RES1,W1,MC,RES1,m
74379,32.7871558,-117.0118567,360,254051.7,W1-m-RES1-DF,06073015001,RES,RES1,W1,MC,RES1,m
74505,32.7606911,-117.0300533,360,150887.5,W1-m-RES1-DF,06073014601,RES,RES1,W1,MC,RES1,m
74581,33.7086328,-117.9673875,360,322800.4,W1-m-RES1-DF,06059099234,RES,RES1,W1,MC,RES1,m
74622,33.9983793,-118.4526783,360,213851.9,W1-m-RES1-DF,06037273700,RES,RES1,W1,MC,RES1,m
74734,36.4461628,-119.9069043,360,286959.7,W1-m-RES1-DF,06019007700,RES,RES1,W1,MC,RES1,m
74896,33.9087246,-118.07318,360,110548.6,W1-m-RES1-DF,06037552200,RES,RES1,W1,MC,RES1,m
75020,38.9337093,-119.9674857,360,217815.3,W1-m-RES1-DF,06017030201,RES,RES1,W1,MC,RES1,m
75095,37.8963668,-122.2746996,360,907964.6,W1-m-RES1-DF,06001421200,RES,RES1,W1,MC,RES1,m
75137,37.5485489,-122.2676162,360,340128.4,W1-m-RES1-DF,06081608002,RES,RES1,W1,MC,RES1,m
75168,33.6774058,-116.1657166,360,48374.14,W1-m-RES1-DF,06065045706,RES,RES1,W1,MC,RES1,m
75201,33.6550902,-117.1551086,360,12659.32,W1-m-RES1-DF,06065042739,RES,RES1,W1,MC,RES1,m
75255,37.933307,-121.2572949,360,142491.3,W1-m-RES1-DF,06077002202,RES,RES1,W1,MC,RES1,m
75324,36.7426772,-119.774847,360,59614.0,W1-m-RES1-DF,06019000501,RES,RES1,W1,MC,RES1,m
75380,36.7686654,-119.8255712,360,148583.0,W1-m-RES1-DF,06019003701,RES,RES1,W1,MC,RES1,m
75458,37.1300123,-121.6087697,360,210917.3,W1-m-RES1-DF,06085512309,RES,RES1,W1,MC,RES1,m
75525,37.9504592,-122.0230424,360,314426.9,W1-m-RES1-DF,06013337202,RES,RES1,W1,MC,RES1,m
75610,38.5245176,-121.4885738,360,231654.7,W1-m-RES1-DF,06067003502,RES,RES1,W1,MC,RES1,m
75653,33.8223423,-118.2212245,360,81113.41,W1-m-RES1-DF,06037572301,RES,RES1,W1,MC,RES1,m
75712,38.6661842,-121.7872199,360,359953.0,W1-m-RES1-DF,06113011002,RES,RES1,W1,MC,RES1,m
75842,36.0576751,-119.0163953,360,110553.3,W1-m-RES1-DF,06107004104,RES,RES1,W1,MC,RES1,m
75970,37.9640353,-121.2901386,360,8651.52,W1-m-RES1-DF,06077000402,RES,RES1,W1,MC,RES1,m
76138,33.9856782,-118.2649765,360,47386.95,W1-m-RES1-DF,06037239202,RES,RES1,W1,MC,RES1,m
76220,33.7854221,-116.489098,360,24428.45,W1-m-RES1-DF,06065941001,RES,RES1,W1,MC,RES1,m
76314,33.6794798,-117.9756487,360,358549.8,W1-m-RES1-DF,06059099246,RES,RES1,W1,MC,RES1,m
76423,39.1863781,-122.0258178,360,374364.9,W1-m-RES1-DF,06011000200,RES,RES1,W1,MC,RES1,m
76469,33.7257301,-116.3498891,360,123618.1,W1-m-RES1-DF,06065045123,RES,RES1,W1,MC,RES1,m
76488,34.1277867,-117.4606188,360,100899.2,W1-m-RES1-DF,06071002310,RES,RES1,W1,MC,RES1,m
76593,34.1139279,-117.6835386,360,135451.8,W1-m-RES1-DF,06071000817,RES,RES1,W1,MC,RES1,m
76684,33.9386678,-117.8257696,360,129328.6,W1-m-RES1-DF,06059021832,RES,RES1,W1,MC,RES1,m
76765,32.5917577,-117.0490659,360,111351.2,W1-m-RES1-DF,06073013308,RES,RES1,W1,MC,RES1,m
76826,34.0421853,-117.2026161,360,371746.7,W1-m-RES1-DF,06071008301,RES,RES1,W1,MC,RES1,m
76991,37.4492142,-122.181719,360,189205.5,W1-m-RES1-DF,06081612600,RES,RES1,W1,MC,RES1,m
77114,37.690259,-122.4664094,360,93790.08,W1-m-RES1-DF,06081601301,RES,RES1,W1,MC,RES1,m
77193,34.2930983,-118.4558345,360,114538.0,W1-m-RES1-DF,06037106648,RES,RES1,W1,MC,RES1,m
77269,33.9516686,-117.4098503,360,307280.4,W1-m-RES1-DF,06065031001,RES,RES1,W1,MC,RES1,m
77365,36.7591934,-119.8521224,360,149863.2,W1-m-RES1-DF,06019003807,RES,RES1,W1,MC,RES1,m
77489,37.7344929,-122.2414385,360,696333.9,W1-m-RES1-DF,06001428301,RES,RES1,W1,MC,RES1,m
77565,32.7921847,-116.9264026,360,264354.7,W1-m-RES1-DF,06073015601,RES,RES1,W1,MC,RES1,m
77646,33.7664926,-118.0116756,360,282026.5,W1-m-RES1-DF,06059099903,RES,RES1,W1,MC,RES1,m
77709,37.6569608,-122.4698327,360,495649.8,W1-m-RES1-DF,06081601605,RES,RES1,W1,MC,RES1,m
77783,34.5287444,-117.1729656,360,457103.6,W1-m-RES1-DF,06071009713,RES,RES1,W1,MC,RES1,m
77824,37.9139339,-122.2934883,360,423282.0,W1-m-RES1-DF,06013390100,RES,RES1,W1,MC,RES1,m
77868,33.9339564,-116.4359785,360,10118.61,W1-m-RES1-DF,06065044523,RES,RES1,W1,MC,RES1,m
77950,33.191971,-117.318827,360,127514.3,W1-m-RES1-DF,06073018515,RES,RES1,W1,MC,RES1,m
78061,38.5746645,-121.2716436,360,795955.1,W1-m-RES1-DF,06067009011,RES,RES1,W1,MC,RES1,m
78132,33.7921434,-118.1251759,360,432690.4,W1-m-RES1-DF,06037574901,RES,RES1,W1,MC,RES1,m
78196,34.2669104,-118.6580693,360,176896.8,W1-m-RES1-DF,06111008304,RES,RES1,W1,MC,RES1,m
78289,37.3260075,-121.1936646,360,165204.8,W1-m-RES1-DF,06099003400,RES,RES1,W1,MC,RES1,m
78438,33.719217,-117.9978509,360,123004.9,W1-m-RES1-DF,06059099411,RES,RES1,W1,MC,RES1,m
78506,32.7899,-117.2350654,360,122014.2,W1-m-RES1-DF,06073007702,RES,RES1,W1,MC,RES1,m
78681,38.0706597,-120.5609618,360,485629.4,W1-m-RES1-DF,06009000121,RES,RES1,W1,MC,RES1,m
78731,34.2276175,-118.3955625,360,97831.34,W1-m-RES1-DF,06037121221,RES,RES1,W1,MC,RES1,m
78763,37.7982821,-122.243279,360,91265.13,W1-m-RES1-DF,06001405500,RES,RES1,W1,MC,RES1,m
78872,38.1305268,-121.3204172,360,647193.9,W1-m-RES1-DF,06077004104,RES,RES1,W1,MC,RES1,m
79049,34.0182907,-118.4559701,360,509848.5,W1-m-RES1-DF,06037702300,RES,RES1,W1,MC,RES1,m
79213,37.8173713,-122.2814822,360,40878.36,W1-m-RES1-DF,06001401600,RES,RES1,W1,MC,RES1,m
79392,35.6497752,-119.7746623,360,527586.8,W1-m-RES1-DF,06029004500,RES,RES1,W1,MC,RES1,m
79448,33.6122378,-117.915989,360,305046.5,W1-m-RES1-DF,06059062900,RES,RES1,W1,MC,RES1,m
79612,37.8917794,-122.0584254,360,29329.92,W1-m-RES1-DF,06013339001,RES,RES1,W1,MC,RES1,m
79677,36.8604181,-119.6445588,360,1120104.0,W1-m-RES1-DF,06019005518,RES,RES1,W1,MC,RES1,m
79739,32.9614752,-117.1018998,360,193568.8,W1-m-RES1-DF,06073017018,RES,RES1,W1,MC,RES1,m
79822,37.255728,-121.9230305,360,517472.4,W1-m-RES1-DF,06085502800,RES,RES1,W1,MC,RES1,m
80042,33.7440239,-117.8246747,360,175662.1,W1-m-RES1-DF,06059075505,RES,RES1,W1,MC,RES1,m
80114,33.8995905,-118.2473887,360,153916.0,W1-m-RES1-DF,06037542800,RES,RES1,W1,MC,RES1,m
80159,36.8413367,-119.7518591,360,25994.43,W1-m-RES1-DF,06019005526,RES,RES1,W1,MC,RES1,m
80239,34.1081475,-118.1107586,360,508875.6,W1-m-RES1-DF,06037480201,RES,RES1,W1,MC,RES1,m
80339,33.8800794,-117.530555,360,55721.46,W1-m-RES1-DF,06065041410,RES,RES1,W1,MC,RES1,m
80429,33.1059882,-117.0693151,360,130829.3,W1-m-RES1-DF,06073020707,RES,RES1,W1,MC,RES1,m
80522,39.7579893,-121.8234851,360,315644.7,W1-m-RES1-DF,06007000102,RES,RES1,W1,MC,RES1,m
80639,33.0051954,-116.9384176,360,248473.0,W1-m-RES1-DF,06073020801,RES,RES1,W1,MC,RES1,m
80731,36.4957709,-119.259296,360,236855.2,W1-m-RES1-DF,06107000600,RES,RES1,W1,MC,RES1,m
80817,32.6274203,-117.0676039,360,265736.5,W1-m-RES1-DF,06073012900,RES,RES1,W1,MC,RES1,m
80889,32.758975,-116.9481395,360,512319.6,W1-m-RES1-DF,06073013605,RES,RES1,W1,MC,RES1,m
80974,34.0730055,-117.396582,360,116258.1,W1-m-RES1-DF,06071003606,RES,RES1,W1,MC,RES1,m
81027,34.0941662,-117.3529046,360,47979.0,W1-m-RES1-DF,06071004401,RES,RES1,W1,MC,RES1,m
81076,33.9446893,-118.2854788,360,111040.4,W1-m-RES1-DF,06037240402,RES,RES1,W1,MC,RES1,m
81219,37.7771541,-122.4228807,360,131653.5,W1-m-RES1-DF,06075016200,RES,RES1,W1,MC,RES1,m
81339,37.7983952,-121.0067697,360,213020.7,W1-m-RES1-DF,06077004903,RES,RES1,W1,MC,RES1,m
81393,38.6385467,-121.5416222,360,574506.0,W1-m-RES1-DF,06067007016,RES,RES1,W1,MC,RES1,m
81556,34.0734032,-117.2191795,360,116103.3,W1-m-RES1-DF,06071007800,RES,RES1,W1,MC,RES1,m
81659,34.0429141,-118.2641664,360,31148.08,W1-m-RES1-DF,06037207901,RES,RES1,W1,MC,RES1,m
81689,38.6689719,-121.7430607,360,226332.0,W1-m-RES1-DF,06113011210,RES,RES1,W1,MC,RES1,m
81839,34.0227687,-118.4840964,360,28459.74,W1-m-RES1-DF,06037701702,RES,RES1,W1,MC,RES1,m
81971,39.0828051,-120.5640417,360,822236.0,W1-m-RES1-DF,06061020200,RES,RES1,W1,MC,RES1,m
82155,32.7360508,-117.164543,360,298113.4,W1-m-RES1-DF,06073006000,RES,RES1,W1,MC,RES1,m
82319,35.0371979,-120.5045934,360,145849.2,W1-m-RES1-DF,06079012404,RES,RES1,W1,MC,RES1,m
82411,37.7965384,-122.2494562,360,41639.04,W1-m-RES1-DF,06001405401,RES,RES1,W1,MC,RES1,m
82493,33.9857256,-118.2991149,360,67900.0,W1-m-RES1-DF,06037237201,RES,RES1,W1,MC,RES1,m
82584,37.739192,-122.467864,360,1103387.0,W1-m-RES1-DF,06075030800,RES,RES1,W1,MC,RES1,m
82625,33.9822915,-116.5360204,360,46590.24,W1-m-RES1-DF,06065044517,RES,RES1,W1,MC,RES1,m
82856,37.7741755,-122.2275801,360,75257.84,W1-m-RES1-DF,06001406100,RES,RES1,W1,MC,RES1,m
82959,34.5447144,-117.2304917,360,163522.0,W1-m-RES1-DF,06071009726,RES,RES1,W1,MC,RES1,m
83031,38.1011281,-122.2485428,360,100580.3,W1-m-RES1-DF,06095251000,RES,RES1,W1,MC,RES1,m
83095,32.6883851,-117.0814465,360,301854.0,W1-m-RES1-DF,06073011902,RES,RES1,W1,MC,RES1,m
83286,35.2668893,-120.6520819,360,91869.12,W1-m-RES1-DF,06079011104,RES,RES1,W1,MC,RES1,m
83432,40.4640415,-122.308721,360,331650.0,W1-m-RES1-DF,06089012101,RES,RES1,W1,MC,RES1,m
83503,37.9010521,-122.3052141,360,22136.64,W1-m-RES1-DF,06013389200,RES,RES1,W1,MC,RES1,m
83574,33.6015382,-117.2589383,360,46065.18,W1-m-RES1-DF,06065043270,RES,RES1,W1,MC,RES1,m
83595,34.1511673,-119.1851758,360,1384.25,W1-m-RES1-DF,06111004507,RES,RES1,W1,MC,RES1,m
83660,36.3171498,-119.3440301,360,290635.0,W1-m-RES1-DF,06107002009,RES,RES1,W1,MC,RES1,m
83702,33.8200771,-118.0728449,360,513517.0,W1-m-RES1-DF,06037555202,RES,RES1,W1,MC,RES1,m
83751,33.5646419,-117.1737504,360,37009.92,W1-m-RES1-DF,06065043211,RES,RES1,W1,MC,RES1,m
83807,33.8837388,-118.3568418,360,64015.62,W1-m-RES1-DF,06037604001,RES,RES1,W1,MC,RES1,m
83857,32.575638,-117.1144635,360,191206.4,W1-m-RES1-DF,06073010300,RES,RES1,W1,MC,RES1,m
83919,37.0841366,-120.8620954,360,233951.9,W1-m-RES1-DF,06047002203,RES,RES1,W1,MC,RES1,m
84121,37.7298946,-121.0461561,360,1103600.0,W1-m-RES1-DF,06099000501,RES,RES1,W1,MC,RES1,m
84194,33.7398807,-117.2541415,360,18895.29,W1-m-RES1-DF,06065042907,RES,RES1,W1,MC,RES1,m
84370,38.9775783,-122.8895533,360,229470.3,W1-m-RES1-DF,06033001000,RES,RES1,W1,MC,RES1,m
84443,34.1675296,-118.5231656,360,18252.4,W1-m-RES1-DF,06037139505,RES,RES1,W1,MC,RES1,m
84541,33.8715012,-117.8062244,360,622083.0,W1-m-RES1-DF,06059021812,RES,RES1,W1,MC,RES1,m
84714,36.7276566,-119.7762088,360,188788.0,W1-m-RES1-DF,06019000400,RES,RES1,W1,MC,RES1,m
84770,34.8711512,-117.0147806,360,337975.0,W1-m-RES1-DF,06071012001,RES,RES1,W1,MC,RES1,m
84824,34.2790579,-118.4115542,360,118850.8,W1-m-RES1-DF,06037104203,RES,RES1,W1,MC,RES1,m
84875,34.1048444,-118.1836835,360,107659.0,W1-m-RES1-DF,06037183702,RES,RES1,W1,MC,RES1,m
84960,34.0618547,-118.7415768,360,85805.35,W1-m-RES1-DF,06037800410,RES,RES1,W1,MC,RES1,m
85075,37.6428283,-122.0613135,360,86509.14,W1-m-RES1-DF,06001437900,RES,RES1,W1,MC,RES1,m
85137,40.4780592,-120.6712575,360,371052.0,W1-m-RES1-DF,06035040305,RES,RES1,W1,MC,RES1,m
85199,34.0491173,-118.2823449,360,3632.16,W1-m-RES1-DF,06037209810,RES,RES1,W1,MC,RES1,m
85355,35.2995582,-119.0478187,360,26502.19,W1-m-RES1-DF,06029003132,RES,RES1,W1,MC,RES1,m
85447,37.7063626,-122.4625775,360,175506.8,W1-m-RES1-DF,06081600701,RES,RES1,W1,MC,RES1,m
85544,33.7808693,-117.8028433,360,321961.8,W1-m-RES1-DF,06059021914,RES,RES1,W1,MC,RES1,m
85650,34.1142801,-117.728494,360,499212.3,W1-m-RES1-DF,06037401802,RES,RES1,W1,MC,RES1,m
85692,38.5524808,-121.7731039,360,230120.0,W1-m-RES1-DF,06113010512,RES,RES1,W1,MC,RES1,m
85767,33.906025,-118.3481533,360,48952.41,W1-m-RES1-DF,06037602404,RES,RES1,W1,MC,RES1,m
85832,37.5255764,-120.8398086,360,249125.0,W1-m-RES1-DF,06099003609,RES,RES1,W1,MC,RES1,m
85875,34.038787,-118.1987145,360,27081.14,W1-m-RES1-DF,06037204110,RES,RES1,W1,MC,RES1,m
85948,39.120886,-122.8631148,360,81589.8,W1-m-RES1-DF,06033000502,RES,RES1,W1,MC,RES1,m
86077,34.2612078,-118.5128459,360,340177.6,W1-m-RES1-DF,06037111303,RES,RES1,W1,MC,RES1,m
86160,38.6657665,-121.331598,360,54116.16,W1-m-RES1-DF,06067008133,RES,RES1,W1,MC,RES1,m
86256,40.4748881,-122.3522775,360,131710.0,W1-m-RES1-DF,06089012301,RES,RES1,W1,MC,RES1,m
86299,32.6009306,-117.0327348,360,186347.7,W1-m-RES1-DF,06073013312,RES,RES1,W1,MC,RES1,m
86319,36.9248922,-121.7836004,360,51536.01,W1-m-RES1-DF,06087110602,RES,RES1,W1,MC,RES1,m
86464,36.9847144,-122.0104284,360,398118.8,W1-m-RES1-DF,06087100200,RES,RES1,W1,MC,RES1,m
86588,34.4804802,-120.0289161,360,213476.5,W1-m-RES1-DF,06083002932,RES,RES1,W1,MC,RES1,m
86659,36.9719028,-120.0609518,360,138462.0,W1-m-RES1-DF,06039000602,RES,RES1,W1,MC,RES1,m
86745,33.7398185,-118.1397692,360,225534.4,W1-m-RES1-DF,06037577300,RES,RES1,W1,MC,RES1,m
86960,34.0274489,-118.465741,360,118802.5,W1-m-RES1-DF,06037701801,RES,RES1,W1,MC,RES1,m
87093,36.0713832,-119.032252,360,138282.0,W1-m-RES1-DF,06107003801,RES,RES1,W1,MC,RES1,m
87173,35.3212993,-119.0121236,360,107979.3,W1-m-RES1-DF,06029003125,RES,RES1,W1,MC,RES1,m
87237,34.0557926,-117.4033115,360,115154.1,W1-m-RES1-DF,06071004001,RES,RES1,W1,MC,RES1,m
87407,37.2838102,-121.9372335,360,8939.848,W1-m-RES1-DF,06085502604,RES,RES1,W1,MC,RES1,m
87489,34.5516547,-118.0529587,360,28830.24,W1-m-RES1-DF,06037910712,RES,RES1,W1,MC,RES1,m
87585,34.0831934,-118.1039745,360,219061.9,W1-m-RES1-DF,06037481401,RES,RES1,W1,MC,RES1,m
87671,37.57385,-122.3366392,360,68284.1,W1-m-RES1-DF,06081605901,RES,RES1,W1,MC,RES1,m
87792,36.7959636,-119.9948941,360,176193.2,W1-m-RES1-DF,06019004100,RES,RES1,W1,MC,RES1,m
87843,33.8319847,-118.3077452,360,78396.48,W1-m-RES1-DF,06037293203,RES,RES1,W1,MC,RES1,m
87910,34.2281097,-118.4912814,360,323664.3,W1-m-RES1-DF,06037117303,RES,RES1,W1,MC,RES1,m
87988,33.0821964,-117.2792132,360,322653.5,W1-m-RES1-DF,06073017601,RES,RES1,W1,MC,RES1,m
88095,33.4200735,-117.5931414,360,366071.6,W1-m-RES1-DF,06059042114,RES,RES1,W1,MC,RES1,m
88193,37.6803328,-121.8519308,360,83743.28,W1-m-RES1-DF,06001450745,RES,RES1,W1,MC,RES1,m
88248,34.0695316,-118.2719463,360,19075.39,W1-m-RES1-DF,06037208501,RES,RES1,W1,MC,RES1,m
88375,33.812873,-118.1795106,360,32688.02,W1-m-RES1-DF,06037573401,RES,RES1,W1,MC,RES1,m
88533,34.0848049,-117.4490622,360,101309.5,W1-m-RES1-DF,06071003101,RES,RES1,W1,MC,RES1,m
88578,34.0138837,-118.0738973,360,223371.2,W1-m-RES1-DF,06037500404,RES,RES1,W1,MC,RES1,m
88598,39.120924,-121.5331209,360,289113.4,W1-m-RES1-DF,06115040305,RES,RES1,W1,MC,RES1,m
88651,33.7301628,-118.2945655,360,51114.68,W1-m-RES1-DF,06037296901,RES,RES1,W1,MC,RES1,m
88709,34.080828,-118.173792,360,50576.64,W1-m-RES1-DF,06037201504,RES,RES1,W1,MC,RES1,m
88821,33.9958996,-118.3961597,360,644503.8,W1-m-RES1-DF,06037702600,RES,RES1,W1,MC,RES1,m
88943,36.786884,-119.7814652,360,302145.0,W1-m-RES1-DF,06019005100,RES,RES1,W1,MC,RES1,m
89028,32.7518762,-117.1344805,360,51332.4,W1-m-RES1-DF,06073001302,RES,RES1,W1,MC,RES1,m
89101,37.5711424,-122.3033906,360,248908.8,W1-m-RES1-DF,06081607701,RES,RES1,W1,MC,RES1,m
89147,38.3255211,-121.9657382,360,12322.62,W1-m-RES1-DF,06095252913,RES,RES1,W1,MC,RES1,m
89188,33.0624939,-117.2516961,360,5640.2,W1-m-RES1-DF,06073017107,RES,RES1,W1,MC,RES1,m
89245,37.3578973,-121.8538129,360,121582.4,W1-m-RES1-DF,06085503707,RES,RES1,W1,MC,RES1,m
89357,39.1624023,-123.1105871,360,212307.8,W1-m-RES1-DF,06045011700,RES,RES1,W1,MC,RES1,m
89423,32.6955808,-117.0379718,360,192308.5,W1-m-RES1-DF,06073003115,RES,RES1,W1,MC,RES1,m
89582,38.9479977,-121.0601197,360,585971.0,W1-m-RES1-DF,06061021802,RES,RES1,W1,MC,RES1,m
89655,34.0369278,-118.3592342,360,84105.56,W1-m-RES1-DF,06037218400,RES,RES1,W1,MC,RES1,m
89773,38.5327552,-121.4778779,360,133292.6,W1-m-RES1-DF,06067003600,RES,RES1,W1,MC,RES1,m
89791,37.7196514,-122.4803901,360,476.0,W1-m-RES1-DF,06075033204,RES,RES1,W1,MC,RES1,m
89843,34.1248101,-117.2606784,360,107140.5,W1-m-RES1-DF,06071006303,RES,RES1,W1,MC,RES1,m
89896,33.7180342,-118.314919,360,120055.3,W1-m-RES1-DF,06037297300,RES,RES1,W1,MC,RES1,m
89982,37.8233126,-122.2536627,360,103970.7,W1-m-RES1-DF,06001404000,RES,RES1,W1,MC,RES1,m
90174,34.9460189,-120.4670809,360,91178.88,W1-m-RES1-DF,06083002410,RES,RES1,W1,MC,RES1,m
90213,33.7056543,-117.3119839,360,6531.44,W1-m-RES1-DF,06065042749,RES,RES1,W1,MC,RES1,m
90269,33.9760066,-118.0085566,360,641349.2,W1-m-RES1-DF,06037501600,RES,RES1,W1,MC,RES1,m
90368,34.0726793,-118.2892234,360,7261.143,W1-m-RES1-DF,06037211122,RES,RES1,W1,MC,RES1,m
90441,37.3936552,-122.0243888,360,210104.8,W1-m-RES1-DF,06085509001,RES,RES1,W1,MC,RES1,m
90522,33.4671972,-116.4711924,360,43515.17,W1-m-RES1-DF,06065044403,RES,RES1,W1,MC,RES1,m
90637,36.5336682,-119.8284031,360,251420.0,W1-m-RES1-DF,06019007500,RES,RES1,W1,MC,RES1,m
90728,33.8792212,-118.319173,360,480306.4,W1-m-RES1-DF,06037650001,RES,RES1,W1,MC,RES1,m
90837,37.6544581,-120.97844,360,197211.0,W1-m-RES1-DF,06099001002,RES,RES1,W1,MC,RES1,m
90911,34.0435631,-118.3206759,360,40042.97,W1-m-RES1-DF,06037218120,RES,RES1,W1,MC,RES1,m
90982,34.0353961,-118.0031754,360,377095.3,W1-m-RES1-DF,06037408303,RES,RES1,W1,MC,RES1,m
91041,34.0869807,-118.140161,360,81304.63,W1-m-RES1-DF,06037480901,RES,RES1,W1,MC,RES1,m
91171,40.5512552,-122.3786783,360,322881.1,W1-m-RES1-DF,06089010400,RES,RES1,W1,MC,RES1,m
91270,37.451725,-122.2251406,360,548748.4,W1-m-RES1-DF,06081611300,RES,RES1,W1,MC,RES1,m
91343,33.8242122,-118.0984125,360,504910.0,W1-m-RES1-DF,06037573800,RES,RES1,W1,MC,RES1,m
91391,37.9070641,-122.2842554,360,537749.8,W1-m-RES1-DF,06013391000,RES,RES1,W1,MC,RES1,m
91497,37.9885816,-122.1027369,360,564559.8,W1-m-RES1-DF,06013321101,RES,RES1,W1,MC,RES1,m
91540,33.9551349,-118.4383274,360,109250.2,W1-m-RES1-DF,06037276606,RES,RES1,W1,MC,RES1,m
91645,35.3604083,-118.9985312,360,77001.83,W1-m-RES1-DF,06029002100,RES,RES1,W1,MC,RES1,m
91721,34.2774227,-118.7257876,360,366604.0,W1-m-RES1-DF,06111008202,RES,RES1,W1,MC,RES1,m
91821,34.2996993,-119.1600923,360,154133.6,W1-m-RES1-DF,06111001201,RES,RES1,W1,MC,RES1,m
91958,32.7711434,-117.0496451,360,172693.6,W1-m-RES1-DF,06073002905,RES,RES1,W1,MC,RES1,m
92050,34.0435497,-117.0900072,360,138544.6,W1-m-RES1-DF,06071008715,RES,RES1,W1,MC,RES1,m
92113,37.7765251,-122.1932278,360,436255.0,W1-m-RES1-DF,06001407700,RES,RES1,W1,MC,RES1,m
92198,33.9802224,-117.7018972,360,9453.87,W1-m-RES1-DF,06071000119,RES,RES1,W1,MC,RES1,m
92269,35.4635695,-118.6118735,360,69815.29,W1-m-RES1-DF,06029005206,RES,RES1,W1,MC,RES1,m
92325,34.0229895,-118.4150805,360,138420.6,W1-m-RES1-DF,06037271703,RES,RES1,W1,MC,RES1,m
92424,37.9542876,-121.7620862,360,49145.95,W1-m-RES1-DF,06013303207,RES,RES1,W1,MC,RES1,m
92466,33.927402,-118.3001717,360,76542.18,W1-m-RES1-DF,06037602801,RES,RES1,W1,MC,RES1,m
92550,34.0392373,-117.2597818,360,240804.7,W1-m-RES1-DF,06071007308,RES,RES1,W1,MC,RES1,m
92645,33.7366332,-118.0085345,360,401039.7,W1-m-RES1-DF,06059099605,RES,RES1,W1,MC,RES1,m
92761,37.5263341,-122.2736047,360,245170.1,W1-m-RES1-DF,06081608600,RES,RES1,W1,MC,RES1,m
92922,35.5125257,-120.6841095,360,238389.1,W1-m-RES1-DF,06079012505,RES,RES1,W1,MC,RES1,m
93002,37.3448268,-122.0570907,360,691218.0,W1-m-RES1-DF,06085508301,RES,RES1,W1,MC,RES1,m
93053,33.8921461,-118.1889406,360,59138.7,W1-m-RES1-DF,06037542106,RES,RES1,W1,MC,RES1,m
93103,37.2550468,-121.824356,360,187029.9,W1-m-RES1-DF,06085512023,RES,RES1,W1,MC,RES1,m
93143,34.7133329,-118.1527878,360,197255.8,W1-m-RES1-DF,06037900808,RES,RES1,W1,MC,RES1,m
93176,33.6249027,-114.5972328,360,244564.9,W1-m-RES1-DF,06065046103,RES,RES1,W1,MC,RES1,m
93272,32.8138119,-116.9919072,360,439078.9,W1-m-RES1-DF,06073016201,RES,RES1,W1,MC,RES1,m
93389,37.1014924,-122.1775933,360,272817.4,W1-m-RES1-DF,06087120200,RES,RES1,W1,MC,RES1,m
93461,33.256274,-117.2670638,360,96599.7,W1-m-RES1-DF,06073018612,RES,RES1,W1,MC,RES1,m
93499,33.9029232,-117.8494835,360,319690.3,W1-m-RES1-DF,06059011717,RES,RES1,W1,MC,RES1,m
93561,33.9148,-118.2271367,360,107803.1,W1-m-RES1-DF,06037541500,RES,RES1,W1,MC,RES1,m
93637,34.1151433,-117.2199116,360,176326.8,W1-m-RES1-DF,06071007603,RES,RES1,W1,MC,RES1,m
93720,34.9478624,-120.4445246,360,19277.4,W1-m-RES1-DF,06083002407,RES,RES1,W1,MC,RES1,m
93782,34.1720895,-119.1898768,360,197941.6,W1-m-RES1-DF,06111008900,RES,RES1,W1,MC,RES1,m
93847,36.7721367,-119.8108607,360,405395.0,W1-m-RES1-DF,06019003600,RES,RES1,W1,MC,RES1,m
93932,34.1659449,-118.3059263,360,84224.19,W1-m-RES1-DF,06037311801,RES,RES1,W1,MC,RES1,m
94130,33.6244283,-117.6770403,360,273983.2,W1-m-RES1-DF,06059032028,RES,RES1,W1,MC,RES1,m
94166,32.6687583,-115.4866991,360,115129.9,W1-m-RES1-DF,06025012001,RES,RES1,W1,MC,RES1,m
94212,38.6845185,-121.2564915,360,326171.0,W1-m-RES1-DF,06067008144,RES,RES1,W1,MC,RES1,m
94296,37.3026087,-122.02812,360,393996.9,W1-m-RES1-DF,06085507905,RES,RES1,W1,MC,RES1,m
94381,34.1419842,-117.3082471,360,268377.8,W1-m-RES1-DF,06071004604,RES,RES1,W1,MC,RES1,m
94471,33.9933608,-118.4599433,360,190855.8,W1-m-RES1-DF,06037273600,RES,RES1,W1,MC,RES1,m
94569,38.0970267,-122.236521,360,166187.4,W1-m-RES1-DF,06095251100,RES,RES1,W1,MC,RES1,m
94626,34.319137,-118.4095511,360,243550.7,W1-m-RES1-DF,06037106111,RES,RES1,W1,MC,RES1,m
94730,33.2189272,-116.9994302,360,135544.3,W1-m-RES1-DF,06073019111,RES,RES1,W1,MC,RES1,m
94812,36.9631619,-121.89527,360,518758.9,W1-m-RES1-DF,06087122205,RES,RES1,W1,MC,RES1,m
94882,33.9487813,-118.2165071,360,48680.52,W1-m-RES1-DF,06037535605,RES,RES1,W1,MC,RES1,m
94944,34.0479661,-117.1538908,360,307696.2,W1-m-RES1-DF,06071008403,RES,RES1,W1,MC,RES1,m
95038,33.6388097,-117.5952959,360,161464.3,W1-m-RES1-DF,06059032054,RES,RES1,W1,MC,RES1,m
95124,34.1712143,-118.4356063,360,323527.8,W1-m-RES1-DF,06037128602,RES,RES1,W1,MC,RES1,m
95225,36.2769538,-119.769357,360,608443.1,W1-m-RES1-DF,06031000402,RES,RES1,W1,MC,RES1,m
95380,37.9527725,-122.0311578,360,176205.7,W1-m-RES1-DF,06013337201,RES,RES1,W1,MC,RES1,m
95525,36.2875985,-119.3412283,360,511181.7,W1-m-RES1-DF,06107002010,RES,RES1,W1,MC,RES1,m
95570,37.1857459,-121.8427384,360,204880.4,W1-m-RES1-DF,06085511918,RES,RES1,W1,MC,RES1,m
95675,32.8329093,-117.2778263,360,181349.3,W1-m-RES1-DF,06073008101,RES,RES1,W1,MC,RES1,m
95741,40.7354437,-124.1824622,360,373845.1,W1-m-RES1-DF,06023010701,RES,RES1,W1,MC,RES1,m
95859,34.0259601,-118.4413946,360,443853.8,W1-m-RES1-DF,06037271300,RES,RES1,W1,MC,RES1,m
95926,34.1846696,-118.6097925,360,73337.25,W1-m-RES1-DF,06037135115,RES,RES1,W1,MC,RES1,m
96023,34.9568972,-120.444653,360,115388.8,W1-m-RES1-DF,06083002304,RES,RES1,W1,MC,RES1,m
96121,37.2646993,-121.9669404,360,295299.6,W1-m-RES1-DF,06085506703,RES,RES1,W1,MC,RES1,m
96191,35.3898279,-118.9394705,360,248009.8,W1-m-RES1-DF,06029000909,RES,RES1,W1,MC,RES1,m
96263,38.5571708,-121.4938311,360,452549.8,W1-m-RES1-DF,06067002300,RES,RES1,W1,MC,RES1,m
96408,34.2106316,-118.4906758,360,1788.0,W1-m-RES1-DF,06037980008,RES,RES1,W1,MC,RES1,m
96516,34.2119147,-118.6017021,360,78249.22,W1-m-RES1-DF,06037134306,RES,RES1,W1,MC,RES1,m
96586,38.8715277,-121.2828207,360,677168.0,W1-m-RES1-DF,06061023700,RES,RES1,W1,MC,RES1,m
96687,34.1936346,-118.3272405,360,146162.3,W1-m-RES1-DF,06037310601,RES,RES1,W1,MC,RES1,m
96794,37.7041757,-122.0969638,360,655142.9,W1-m-RES1-DF,06001430600,RES,RES1,W1,MC,RES1,m
96836,32.9147375,-117.1629598,360,182090.7,W1-m-RES1-DF,06073008348,RES,RES1,W1,MC,RES1,m
96925,34.088924,-118.3277122,360,9007.766,W1-m-RES1-DF,06037191810,RES,RES1,W1,MC,RES1,m
97044,34.0180144,-117.8559099,360,258609.8,W1-m-RES1-DF,06037403402,RES,RES1,W1,MC,RES1,m
97073,37.2904505,-121.822862,360,151322.1,W1-m-RES1-DF,06085503210,RES,RES1,W1,MC,RES1,m
97146,34.1410146,-117.3316062,360,149715.1,W1-m-RES1-DF,06071004103,RES,RES1,W1,MC,RES1,m
97224,37.8917124,-122.2594986,360,751118.6,W1-m-RES1-DF,06001421500,RES,RES1,W1,MC,RES1,m
97275,37.2697738,-121.8357569,360,158868.6,W1-m-RES1-DF,06085512055,RES,RES1,W1,MC,RES1,m
97378,34.4309086,-119.7222979,360,114302.2,W1-m-RES1-DF,06083000302,RES,RES1,W1,MC,RES1,m
97500,33.8473236,-117.5718743,360,85759.29,W1-m-RES1-DF,06065041808,RES,RES1,W1,MC,RES1,m
97591,32.7943988,-117.2539835,360,67865.19,W1-m-RES1-DF,06073007910,RES,RES1,W1,MC,RES1,m
97671,37.4320219,-121.8806285,360,274109.2,W1-m-RES1-DF,06085504418,RES,RES1,W1,MC,RES1,m
97804,37.8167093,-120.9513588,360,306451.5,W1-m-RES1-DF,06077004905,RES,RES1,W1,MC,RES1,m
97840,33.7789756,-118.1741618,360,34636.1,W1-m-RES1-DF,06037576402,RES,RES1,W1,MC,RES1,m
97947,37.6257136,-121.4377862,360,46204.68,W1-m-RES1-DF,06077005502,RES,RES1,W1,MC,RES1,m
98039,35.3914329,-119.1006532,360,89163.12,W1-m-RES1-DF,06029003808,RES,RES1,W1,MC,RES1,m
98084,37.4160962,-121.8648388,360,606682.9,W1-m-RES1-DF,06085504411,RES,RES1,W1,MC,RES1,m
98135,37.6880455,-122.0490826,360,271487.5,W1-m-RES1-DF,06001435200,RES,RES1,W1,MC,RES1,m
98181,34.07301,-118.2854106,360,8142.0,W1-m-RES1-DF,06037211121,RES,RES1,W1,MC,RES1,m
98266,33.8968819,-117.4412265,360,111516.1,W1-m-RES1-DF,06065031702,RES,RES1,W1,MC,RES1,m
98345,34.2752843,-118.906726,360,20367.42,W1-m-RES1-DF,06111007612,RES,RES1,W1,MC,RES1,m
98493,37.7707209,-121.3665109,360,1112669.0,W1-m-RES1-DF,06077005214,RES,RES1,W1,MC,RES1,m
98622,34.0052804,-117.3666531,360,211595.1,W1-m-RES1-DF,06065030104,RES,RES1,W1,MC,RES1,m
98766,37.7565832,-122.3947008,360,141148.7,W1-m-RES1-DF,06075061402,RES,RES1,W1,MC,RES1,m
98899,34.0281567,-118.4904213,360,106327.9,W1-m-RES1-DF,06037701501,RES,RES1,W1,MC,RES1,m
98979,38.5524729,-121.5256111,360,702514.0,W1-m-RES1-DF,06113010313,RES,RES1,W1,MC,RES1,m
99033,36.8345846,-121.3809565,360,170135.5,W1-m-RES1-DF,06069000602,RES,RES1,W1,MC,RES1,m
99133,34.2192141,-118.3913636,360,132704.6,W1-m-RES1-DF,06037121802,RES,RES1,W1,MC,RES1,m
99346,34.1684788,-118.4552597,360,238707.6,W1-m-RES1-DF,06037128802,RES,RES1,W1,MC,RES1,m
99421,33.9105555,-118.1046206,360,283322.6,W1-m-RES1-DF,06037551900,RES,RES1,W1,MC,RES1,m
99483,33.9661039,-118.3367197,360,167716.5,W1-m-RES1-DF,06037600802,RES,RES1,W1,MC,RES1,m
99589,33.7410721,-117.9853642,360,423788.4,W1-m-RES1-DF,06059099702,RES,RES1,W1,MC,RES1,m
99741,33.8695951,-118.3619509,360,131709.3,W1-m-RES1-DF,06037620601,RES,RES1,W1,MC,RES1,m
99871,36.9750516,-121.9604439,360,208641.4,W1-m-RES1-DF,06087121701,RES,RES1,W1,MC,RES1,m
99958,34.4276003,-119.8941407,360,180933.4,W1-m-RES1-DF,06083002934,RES,RES1,W1,MC,RES1,m
100085,37.5807361,-122.3144888,360,280367.8,W1-m-RES1-DF,06081606100,RES,RES1,W1,MC,RES1,m
100193,33.2069218,-117.224192,360,301995.7,W1-m-RES1-DF,06073019601,RES,RES1,W1,MC,RES1,m
100274,37.7387221,-121.9283794,360,354893.4,W1-m-RES1-DF,06013345103,RES,RES1,W1,MC,RES1,m
100323,33.6241133,-117.7925755,360,69120.12,W1-m-RES1-DF,06059062655,RES,RES1,W1,MC,RES1,m
100495,33.9200287,-118.4041547,360,182118.8,W1-m-RES1-DF,06037620002,RES,RES1,W1,MC,RES1,m
100552,33.9779399,-117.8483535,360,17869.11,W1-m-RES1-DF,06037403305,RES,RES1,W1,MC,RES1,m
100662,38.6032015,-121.3922066,360,247760.7,W1-m-RES1-DF,06067005601,RES,RES1,W1,MC,RES1,m
100742,38.993655,-120.9841213,360,339290.8,W1-m-RES1-DF,06061021901,RES,RES1,W1,MC,RES1,m
101122,34.0326185,-118.2477706,360,13922.62,W1-m-RES1-DF,06037226002,RES,RES1,W1,MC,RES1,m
101172,34.2579043,-118.4224647,360,113154.1,W1-m-RES1-DF,06037104620,RES,RES1,W1,MC,RES1,m
101285,33.6580897,-117.8936526,360,278777.8,W1-m-RES1-DF,06059063102,RES,RES1,W1,MC,RES1,m
101428,37.764909,-122.2299614,360,497371.0,W1-m-RES1-DF,06001427100,RES,RES1,W1,MC,RES1,m
101504,34.4902655,-117.3407034,360,64444.8,W1-m-RES1-DF,06071009910,RES,RES1,W1,MC,RES1,m
101600,39.8138901,-121.7790346,360,599995.3,W1-m-RES1-DF,06007001602,RES,RES1,W1,MC,RES1,m
101647,34.5650346,-118.0810001,360,100153.9,W1-m-RES1-DF,06037910608,RES,RES1,W1,MC,RES1,m
101776,36.617174,-119.7291518,360,368388.9,W1-m-RES1-DF,06019001700,RES,RES1,W1,MC,RES1,m
101911,39.3406604,-120.171729,360,700732.9,W1-m-RES1-DF,06057001207,RES,RES1,W1,MC,RES1,m
101966,37.7168403,-121.4225506,360,56097.84,W1-m-RES1-DF,06077005220,RES,RES1,W1,MC,RES1,m
102025,36.7171425,-121.8036184,360,126164.8,W1-m-RES1-DF,06053014301,RES,RES1,W1,MC,RES1,m
102146,33.9948688,-117.0457924,360,305454.4,W1-m-RES1-DF,06065043802,RES,RES1,W1,MC,RES1,m
102298,38.3260902,-122.4518786,360,216831.9,W1-m-RES1-DF,06097150205,RES,RES1,W1,MC,RES1,m
102389,37.8046476,-121.2437991,360,361345.0,W1-m-RES1-DF,06077005123,RES,RES1,W1,MC,RES1,m
102521,37.6929313,-122.0784573,360,95662.08,W1-m-RES1-DF,06001431000,RES,RES1,W1,MC,RES1,m
102622,41.2739179,-123.886699,360,234081.3,W1-m-RES1-DF,06023010102,RES,RES1,W1,MC,RES1,m
102689,33.7305072,-117.7692958,360,27122.96,W1-m-RES1-DF,06059052435,RES,RES1,W1,MC,RES1,m
102812,33.4146683,-117.609857,360,581775.8,W1-m-RES1-DF,06059042116,RES,RES1,W1,MC,RES1,m
102968,37.7666414,-122.2475404,360,49286.43,W1-m-RES1-DF,06001428000,RES,RES1,W1,MC,RES1,m
103109,34.1851953,-118.1397371,360,341692.0,W1-m-RES1-DF,06037461100,RES,RES1,W1,MC,RES1,m
103156,37.7368768,-122.4127788,360,255359.3,W1-m-RES1-DF,06075025402,RES,RES1,W1,MC,RES1,m
103201,33.8142936,-118.0572772,360,359692.7,W1-m-RES1-DF,06059110106,RES,RES1,W1,MC,RES1,m
103261,37.3944485,-122.089659,360,146176.6,W1-m-RES1-DF,06085509500,RES,RES1,W1,MC,RES1,m
103362,33.7246852,-117.0784115,360,60633.29,W1-m-RES1-DF,06065042723,RES,RES1,W1,MC,RES1,m
103399,34.2351291,-116.862027,360,402739.5,W1-m-RES1-DF,06071011204,RES,RES1,W1,MC,RES1,m
103590,39.8262662,-121.6019972,360,114633.5,W1-m-RES1-DF,06007001703,RES,RES1,W1,MC,RES1,m
103632,34.5199399,-117.3573351,360,69280.1,W1-m-RES1-DF,06071009127,RES,RES1,W1,MC,RES1,m
103668,34.2863224,-118.5070136,360,401416.6,W1-m-RES1-DF,06037106642,RES,RES1,W1,MC,RES1,m
103713,33.7332579,-116.9996659,360,10614.21,W1-m-RES1-DF,06065043306,RES,RES1,W1,MC,RES1,m
103789,32.7965191,-117.2417581,360,53445.84,W1-m-RES1-DF,06073007907,RES,RES1,W1,MC,RES1,m
103847,34.1030755,-117.8902535,360,249629.5,W1-m-RES1-DF,06037405900,RES,RES1,W1,MC,RES1,m
103894,38.0349259,-121.3162854,360,143353.8,W1-m-RES1-DF,06077003311,RES,RES1,W1,MC,RES1,m
103964,38.4477124,-121.4161732,360,586460.0,W1-m-RES1-DF,06067009608,RES,RES1,W1,MC,RES1,m
104028,34.4782935,-118.5215026,360,10485.35,W1-m-RES1-DF,06037920015,RES,RES1,W1,MC,RES1,m
104093,37.844821,-122.2385523,360,530635.0,W1-m-RES1-DF,06001404300,RES,RES1,W1,MC,RES1,m
104192,34.011351,-118.262416,360,38806.47,W1-m-RES1-DF,06037228310,RES,RES1,W1,MC,RES1,m
104314,39.2116644,-121.0816493,360,364815.0,W1-m-RES1-DF,06057000502,RES,RES1,W1,MC,RES1,m
104440,34.009617,-118.2439607,360,50797.8,W1-m-RES1-DF,06037228100,RES,RES1,W1,MC,RES1,m
104532,32.6958857,-115.5677114,360,24771.04,W1-m-RES1-DF,06025011901,RES,RES1,W1,MC,RES1,m
104579,36.9670977,-120.0449966,360,86678.0,W1-m-RES1-DF,06039000901,RES,RES1,W1,MC,RES1,m
104683,34.0853194,-118.0709482,360,168851.3,W1-m-RES1-DF,06037432202,RES,RES1,W1,MC,RES1,m
104765,33.9599704,-118.1852817,360,16795.7,W1-m-RES1-DF,06037534301,RES,RES1,W1,MC,RES1,m
104933,35.468905,-120.6630718,360,342037.4,W1-m-RES1-DF,06079012601,RES,RES1,W1,MC,RES1,m
105105,32.8253136,-117.2458483,360,609789.8,W1-m-RES1-DF,06073008310,RES,RES1,W1,MC,RES1,m
105203,34.0999771,-118.3113901,360,4112.624,W1-m-RES1-DF,06037190510,RES,RES1,W1,MC,RES1,m
105317,37.5371513,-122.0081095,360,360527.4,W1-m-RES1-DF,06001442700,RES,RES1,W1,MC,RES1,m
105434,33.1386145,-117.2514135,360,346715.4,W1-m-RES1-DF,06073019811,RES,RES1,W1,MC,RES1,m
105579,36.9726733,-121.8279802,360,322930.0,W1-m-RES1-DF,06087122402,RES,RES1,W1,MC,RES1,m
105640,33.8773079,-118.3308068,360,192698.9,W1-m-RES1-DF,06037650004,RES,RES1,W1,MC,RES1,m
105766,39.4499078,-123.8051687,360,318823.5,W1-m-RES1-DF,06045010400,RES,RES1,W1,MC,RES1,m
105830,34.0377797,-118.3230095,360,33433.0,W1-m-RES1-DF,06037218800,RES,RES1,W1,MC,RES1,m
105942,33.3725318,-116.3550545,360,133754.1,W1-m-RES1-DF,06073021002,RES,RES1,W1,MC,RES1,m
106052,33.4374395,-117.6339537,360,369648.5,W1-m-RES1-DF,06059042106,RES,RES1,W1,MC,RES1,m
106084,37.7566323,-122.5104356,360,437922.8,W1-m-RES1-DF,06075035201,RES,RES1,W1,MC,RES1,m
106152,34.1722741,-118.4267703,360,224520.5,W1-m-RES1-DF,06037124500,RES,RES1,W1,MC,RES1,m
106268,34.087543,-117.8722435,360,217979.7,W1-m-RES1-DF,06037403722,RES,RES1,W1,MC,RES1,m
106360,37.6717496,-122.1236242,360,346638.9,W1-m-RES1-DF,06001436100,RES,RES1,W1,MC,RES1,m
106439,36.9329219,-120.0433683,360,263393.0,W1-m-RES1-DF,06039000510,RES,RES1,W1,MC,RES1,m
106522,37.8481378,-122.2495916,360,313438.9,W1-m-RES1-DF,06001400200,RES,RES1,W1,MC,RES1,m
106575,34.0716306,-117.7205135,360,227147.6,W1-m-RES1-DF,06037402706,RES,RES1,W1,MC,RES1,m
106650,36.0746689,-118.8035902,360,426965.3,W1-m-RES1-DF,06107002702,RES,RES1,W1,MC,RES1,m
106737,33.8138403,-118.122827,360,616848.0,W1-m-RES1-DF,06037574100,RES,RES1,W1,MC,RES1,m
106923,33.7723836,-118.1867637,360,73439.55,W1-m-RES1-DF,06037576200,RES,RES1,W1,MC,RES1,m
107048,34.1673556,-117.3292199,360,85432.12,W1-m-RES1-DF,06071004601,RES,RES1,W1,MC,RES1,m
107124,40.495516,-122.2826851,360,240381.3,W1-m-RES1-DF,06089011502,RES,RES1,W1,MC,RES1,m
107212,35.1254645,-117.9765858,360,89851.5,W1-m-RES1-DF,06029005511,RES,RES1,W1,MC,RES1,m
107346,38.298648,-122.6798799,360,288505.9,W1-m-RES1-DF,06097151205,RES,RES1,W1,MC,RES1,m
107461,34.1945637,-118.3835614,360,22172.8,W1-m-RES1-DF,06037123205,RES,RES1,W1,MC,RES1,m
107521,35.2715323,-118.9134883,360,79454.54,W1-m-RES1-DF,06029006405,RES,RES1,W1,MC,RES1,m
107650,32.7788896,-117.0229298,360,146494.1,W1-m-RES1-DF,06073014803,RES,RES1,W1,MC,RES1,m
107724,33.627302,-117.3081329,360,36127.2,W1-m-RES1-DF,06065046403,RES,RES1,W1,MC,RES1,m
107840,38.9565418,-122.6394514,360,157059.9,W1-m-RES1-DF,06033000802,RES,RES1,W1,MC,RES1,m
107902,37.754778,-122.4990243,360,442076.0,W1-m-RES1-DF,06075035102,RES,RES1,W1,MC,RES1,m
107956,32.9682257,-117.2421215,360,8795.35,W1-m-RES1-DF,06073008327,RES,RES1,W1,MC,RES1,m
108003,38.6203564,-121.5016424,360,253621.0,W1-m-RES1-DF,06067007012,RES,RES1,W1,MC,RES1,m
108088,32.740592,-116.9969526,360,145028.2,W1-m-RES1-DF,06073013702,RES,RES1,W1,MC,RES1,m
108274,34.1446832,-118.2632444,360,88029.48,W1-m-RES1-DF,06037302301,RES,RES1,W1,MC,RES1,m
108331,37.9041177,-121.2995881,360,393496.0,W1-m-RES1-DF,06077003808,RES,RES1,W1,MC,RES1,m
108442,38.7326431,-121.2016653,360,1453260.0,W1-m-RES1-DF,06061020605,RES,RES1,W1,MC,RES1,m
108490,38.4463368,-121.3750234,360,284856.0,W1-m-RES1-DF,06067009333,RES,RES1,W1,MC,RES1,m
108565,38.2685187,-122.143077,360,234546.7,W1-m-RES1-DF,06095252203,RES,RES1,W1,MC,RES1,m
108649,33.8355721,-118.0152633,360,379698.9,W1-m-RES1-DF,06059110201,RES,RES1,W1,MC,RES1,m
108763,33.8828078,-118.4003277,360,322198.9,W1-m-RES1-DF,06037620901,RES,RES1,W1,MC,RES1,m
108837,32.7373225,-116.964235,360,118042.6,W1-m-RES1-DF,06073013505,RES,RES1,W1,MC,RES1,m
108920,34.0671279,-117.7559081,360,95421.11,W1-m-RES1-DF,06037402303,RES,RES1,W1,MC,RES1,m
108976,34.0652583,-117.7093818,360,1451.79,W1-m-RES1-DF,06071000305,RES,RES1,W1,MC,RES1,m
109059,34.0671619,-118.3066067,360,17498.25,W1-m-RES1-DF,06037211804,RES,RES1,W1,MC,RES1,m
109144,38.8832961,-120.0306547,360,717580.8,W1-m-RES1-DF,06017030502,RES,RES1,W1,MC,RES1,m
109193,37.7234991,-122.1735223,360,188194.5,W1-m-RES1-DF,06001432502,RES,RES1,W1,MC,RES1,m
109230,38.0354834,-121.3533471,360,287638.0,W1-m-RES1-DF,06077003213,RES,RES1,W1,MC,RES1,m
109368,36.7572835,-119.8328811,360,128101.0,W1-m-RES1-DF,06019002000,RES,RES1,W1,MC,RES1,m
109454,37.7539709,-122.4298155,360,332648.3,W1-m-RES1-DF,06075021100,RES,RES1,W1,MC,RES1,m
109598,34.0852963,-118.3277048,360,30086.15,W1-m-RES1-DF,06037191820,RES,RES1,W1,MC,RES1,m
109704,37.6694706,-121.899759,360,471112.2,W1-m-RES1-DF,06001450606,RES,RES1,W1,MC,RES1,m
109780,38.4008878,-121.3774487,360,246982.0,W1-m-RES1-DF,06067009309,RES,RES1,W1,MC,RES1,m
109834,34.0700703,-118.1996896,360,44253.53,W1-m-RES1-DF,06037199120,RES,RES1,W1,MC,RES1,m
109946,38.7388256,-121.2624492,360,225458.0,W1-m-RES1-DF,06061020712,RES,RES1,W1,MC,RES1,m
110093,36.8258065,-121.5185645,360,215837.0,W1-m-RES1-DF,06069000200,RES,RES1,W1,MC,RES1,m
110166,39.3564647,-120.2317013,360,1138810.0,W1-m-RES1-DF,06057001210,RES,RES1,W1,MC,RES1,m
110255,34.0318156,-117.7985828,360,494030.8,W1-m-RES1-DF,06037403316,RES,RES1,W1,MC,RES1,m
110328,34.0542813,-117.9318958,360,322914.9,W1-m-RES1-DF,06037406602,RES,RES1,W1,MC,RES1,m
110408,35.8412622,-119.1519854,360,166823.7,W1-m-RES1-DF,06107004301,RES,RES1,W1,MC,RES1,m
110517,32.7152107,-117.1262765,360,70817.01,W1-m-RES1-DF,06073004101,RES,RES1,W1,MC,RES1,m
110584,34.1234436,-117.9954127,360,294037.4,W1-m-RES1-DF,06037431200,RES,RES1,W1,MC,RES1,m
110744,36.8659877,-120.4574467,360,88849.0,W1-m-RES1-DF,06019008404,RES,RES1,W1,MC,RES1,m
110809,34.0168971,-118.3717636,360,561591.9,W1-m-RES1-DF,06037236001,RES,RES1,W1,MC,RES1,m
110906,35.6079664,-117.6791585,360,172280.6,W1-m-RES1-DF,06029005408,RES,RES1,W1,MC,RES1,m
111088,33.7737751,-117.9441552,360,247247.3,W1-m-RES1-DF,06059088601,RES,RES1,W1,MC,RES1,m
111163,33.8524335,-118.1089643,360,588109.0,W1-m-RES1-DF,06037570901,RES,RES1,W1,MC,RES1,m
111173,38.5593317,-121.394154,360,332632.0,W1-m-RES1-DF,06067005202,RES,RES1,W1,MC,RES1,m
111244,37.2476813,-121.8160666,360,778592.0,W1-m-RES1-DF,06085512029,RES,RES1,W1,MC,RES1,m
111319,37.936015,-121.9719745,360,301668.5,W1-m-RES1-DF,06013355309,RES,RES1,W1,MC,RES1,m
111389,38.1295384,-122.2141788,360,53983.74,W1-m-RES1-DF,06095250105,RES,RES1,W1,MC,RES1,m
111437,34.1858045,-119.2147296,360,157911.5,W1-m-RES1-DF,06111003614,RES,RES1,W1,MC,RES1,m
111505,32.7624395,-117.1137191,360,24261.67,W1-m-RES1-DF,06073001801,RES,RES1,W1,MC,RES1,m
111585,37.6881137,-122.0672905,360,178062.3,W1-m-RES1-DF,06001431100,RES,RES1,W1,MC,RES1,m
111655,33.7789661,-118.1937148,360,33141.64,W1-m-RES1-DF,06037575803,RES,RES1,W1,MC,RES1,m
111740,33.6940317,-117.9737035,360,633165.8,W1-m-RES1-DF,06059099231,RES,RES1,W1,MC,RES1,m
111804,38.737015,-121.0874235,360,1187867.0,W1-m-RES1-DF,06017030701,RES,RES1,W1,MC,RES1,m
111919,33.9711743,-117.3677234,360,182323.8,W1-m-RES1-DF,06065030400,RES,RES1,W1,MC,RES1,m
111969,34.1531592,-117.9688184,360,175752.9,W1-m-RES1-DF,06037430200,RES,RES1,W1,MC,RES1,m
112005,33.9416366,-117.3455921,360,303074.6,W1-m-RES1-DF,06065042208,RES,RES1,W1,MC,RES1,m
112099,41.7322521,-122.6201724,360,228088.2,W1-m-RES1-DF,06093000702,RES,RES1,W1,MC,RES1,m
112187,33.9924358,-118.2837479,360,34713.89,W1-m-RES1-DF,06037232702,RES,RES1,W1,MC,RES1,m
112256,38.8080109,-122.5554508,360,71522.4,W1-m-RES1-DF,06033001301,RES,RES1,W1,MC,RES1,m
112354,37.3965946,-119.3767852,360,669188.5,W1-m-RES1-DF,06039000102,RES,RES1,W1,MC,RES1,m
112401,38.347139,-122.6932768,360,15845.75,W1-m-RES1-DF,06097151306,RES,RES1,W1,MC,RES1,m
112450,33.993662,-118.1935822,360,68654.26,W1-m-RES1-DF,06037533401,RES,RES1,W1,MC,RES1,m
112565,34.0328855,-118.3797742,360,87521.07,W1-m-RES1-DF,06037270200,RES,RES1,W1,MC,RES1,m
112650,34.0605441,-118.2552847,360,5986.482,W1-m-RES1-DF,06037208001,RES,RES1,W1,MC,RES1,m
112745,34.2555868,-119.2692827,360,401612.1,W1-m-RES1-DF,06111002500,RES,RES1,W1,MC,RES1,m
112822,36.7102274,-121.6307269,360,248887.4,W1-m-RES1-DF,06053000106,RES,RES1,W1,MC,RES1,m
112864,34.0461881,-118.2152707,360,10921.0,W1-m-RES1-DF,06037204410,RES,RES1,W1,MC,RES1,m
112965,37.581314,-122.3324333,360,57472.5,W1-m-RES1-DF,06081606000,RES,RES1,W1,MC,RES1,m
113067,34.1605704,-117.2889805,360,140294.7,W1-m-RES1-DF,06071005102,RES,RES1,W1,MC,RES1,m
113195,36.7100325,-119.8851173,360,222375.8,W1-m-RES1-DF,06019008600,RES,RES1,W1,MC,RES1,m
113251,34.0442684,-117.1762099,360,267978.4,W1-m-RES1-DF,06071008202,RES,RES1,W1,MC,RES1,m
113313,34.164606,-118.9733786,360,437142.0,W1-m-RES1-DF,06111005801,RES,RES1,W1,MC,RES1,m
113340,34.1975655,-118.4356225,360,137274.5,W1-m-RES1-DF,06037127920,RES,RES1,W1,MC,RES1,m
113416,33.8940909,-118.2253101,360,44609.43,W1-m-RES1-DF,06037542502,RES,RES1,W1,MC,RES1,m
113523,40.8657143,-124.0863615,360,69323.24,W1-m-RES1-DF,06023001001,RES,RES1,W1,MC,RES1,m
113596,33.4800979,-117.6965196,360,3992.403,W1-m-RES1-DF,06059042339,RES,RES1,W1,MC,RES1,m
113649,37.9274762,-122.3087345,360,235553.1,W1-m-RES1-DF,06013385200,RES,RES1,W1,MC,RES1,m
113681,33.9835968,-118.1827006,360,32144.64,W1-m-RES1-DF,06037533702,RES,RES1,W1,MC,RES1,m
113819,36.070899,-119.0166966,360,133431.2,W1-m-RES1-DF,06107003802,RES,RES1,W1,MC,RES1,m
113915,35.4034053,-118.9550624,360,299643.3,W1-m-RES1-DF,06029000903,RES,RES1,W1,MC,RES1,m
113995,33.5792026,-117.7338983,360,120039.9,W1-m-RES1-DF,06059062638,RES,RES1,W1,MC,RES1,m
114072,34.2238854,-118.6016642,360,145943.6,W1-m-RES1-DF,06037113238,RES,RES1,W1,MC,RES1,m
114110,37.7934323,-121.228666,360,91864.46,W1-m-RES1-DF,06077005132,RES,RES1,W1,MC,RES1,m
114219,36.5344594,-119.6917634,360,232805.8,W1-m-RES1-DF,06019007300,RES,RES1,W1,MC,RES1,m
114263,32.9328144,-117.133675,360,212287.7,W1-m-RES1-DF,06073008353,RES,RES1,W1,MC,RES1,m
114310,34.1067595,-118.2354293,360,23419.53,W1-m-RES1-DF,06037186404,RES,RES1,W1,MC,RES1,m
114386,38.4573439,-122.7481362,360,122090.0,W1-m-RES1-DF,06097152903,RES,RES1,W1,MC,RES1,m
114528,39.1853773,-120.1846313,360,295196.2,W1-m-RES1-DF,06061022200,RES,RES1,W1,MC,RES1,m
114592,33.9918105,-118.4148705,360,117134.0,W1-m-RES1-DF,06037275500,RES,RES1,W1,MC,RES1,m
114691,33.7634533,-117.8412681,360,197140.2,W1-m-RES1-DF,06059075405,RES,RES1,W1,MC,RES1,m
114805,34.2324626,-119.164162,360,77976.95,W1-m-RES1-DF,06111005005,RES,RES1,W1,MC,RES1,m
115042,33.9373528,-117.2274689,360,21840.51,W1-m-RES1-DF,06065042519,RES,RES1,W1,MC,RES1,m
115195,37.5511338,-121.8054596,360,425554.3,W1-m-RES1-DF,06001450701,RES,RES1,W1,MC,RES1,m
115284,34.0084495,-117.8838337,360,136610.4,W1-m-RES1-DF,06037408137,RES,RES1,W1,MC,RES1,m
115359,32.5775258,-117.0139541,360,3822.13,W1-m-RES1-DF,06073010018,RES,RES1,W1,MC,RES1,m
115415,37.54149,-122.2385413,360,163873.4,W1-m-RES1-DF,06081610303,RES,RES1,W1,MC,RES1,m
115533,34.0653405,-118.3184531,360,128562.9,W1-m-RES1-DF,06037211701,RES,RES1,W1,MC,RES1,m
115608,32.9600141,-116.9909736,360,194866.6,W1-m-RES1-DF,06073017010,RES,RES1,W1,MC,RES1,m
115756,33.8387785,-118.2825106,360,261683.8,W1-m-RES1-DF,06037543501,RES,RES1,W1,MC,RES1,m
115857,36.97326,-121.9173135,360,271837.8,W1-m-RES1-DF,06087122100,RES,RES1,W1,MC,RES1,m
115992,33.7535135,-117.9447927,360,346213.2,W1-m-RES1-DF,06059088903,RES,RES1,W1,MC,RES1,m
116183,36.9775627,-122.0288432,360,45206.13,W1-m-RES1-DF,06087100700,RES,RES1,W1,MC,RES1,m
116373,36.8437897,-119.811928,360,379433.0,W1-m-RES1-DF,06019004409,RES,RES1,W1,MC,RES1,m
116430,36.2961389,-119.2660858,360,444309.0,W1-m-RES1-DF,06107001706,RES,RES1,W1,MC,RES1,m
116577,34.151001,-118.4526294,360,214498.3,W1-m-RES1-DF,06037141304,RES,RES1,W1,MC,RES1,m
116667,34.1402472,-117.9486874,360,140898.1,W1-m-RES1-DF,06037430005,RES,RES1,W1,MC,RES1,m
116701,34.1157924,-117.1817526,360,35484.54,W1-m-RES1-DF,06071007903,RES,RES1,W1,MC,RES1,m
116804,36.6893747,-121.6700285,360,32195.46,W1-m-RES1-DF,06053001801,RES,RES1,W1,MC,RES1,m
116865,39.0510138,-121.5454188,360,555966.2,W1-m-RES1-DF,06115040702,RES,RES1,W1,MC,RES1,m
116890,33.8390639,-118.303344,360,144213.8,W1-m-RES1-DF,06037292002,RES,RES1,W1,MC,RES1,m
116935,34.5785549,-117.0798418,360,240094.9,W1-m-RES1-DF,06071012105,RES,RES1,W1,MC,RES1,m
117134,33.1392223,-117.1894649,360,58952.18,W1-m-RES1-DF,06073020029,RES,RES1,W1,MC,RES1,m
117199,32.580152,-117.1240184,360,125376.9,W1-m-RES1-DF,06073010202,RES,RES1,W1,MC,RES1,m
117248,38.3968823,-121.9732711,360,105765.1,W1-m-RES1-DF,06095253206,RES,RES1,W1,MC,RES1,m
117317,33.9226614,-118.3710688,360,376515.9,W1-m-RES1-DF,06037602201,RES,RES1,W1,MC,RES1,m
117469,38.3926107,-122.7046899,360,85475.52,W1-m-RES1-DF,06097151405,RES,RES1,W1,MC,RES1,m
117693,35.128866,-120.5705837,360,325652.1,W1-m-RES1-DF,06079011800,RES,RES1,W1,MC,RES1,m
117749,33.9110731,-118.3305824,360,49561.0,W1-m-RES1-DF,06037602512,RES,RES1,W1,MC,RES1,m
117791,37.751344,-122.4103787,360,76045.4,W1-m-RES1-DF,06075022902,RES,RES1,W1,MC,RES1,m
117909,32.7912947,-116.9599184,360,66598.62,W1-m-RES1-DF,06073015802,RES,RES1,W1,MC,RES1,m
117982,39.124831,-121.0499716,360,1047425.0,W1-m-RES1-DF,06057000102,RES,RES1,W1,MC,RES1,m
118071,34.4276484,-119.6398299,360,288715.8,W1-m-RES1-DF,06083001404,RES,RES1,W1,MC,RES1,m
118133,32.7883849,-117.2400754,360,215734.3,W1-m-RES1-DF,06073007701,RES,RES1,W1,MC,RES1,m
118254,34.0520292,-118.438695,360,99232.07,W1-m-RES1-DF,06037265523,RES,RES1,W1,MC,RES1,m
118359,33.1667746,-117.1733576,360,250221.1,W1-m-RES1-DF,06073020038,RES,RES1,W1,MC,RES1,m
118432,41.8583273,-121.9329396,360,140635.7,W1-m-RES1-DF,06093000200,RES,RES1,W1,MC,RES1,m
118500,33.751115,-116.9504264,360,63129.03,W1-m-RES1-DF,06065043309,RES,RES1,W1,MC,RES1,m
118572,38.4699141,-121.4036544,360,353549.0,W1-m-RES1-DF,06067009319,RES,RES1,W1,MC,RES1,m
118686,34.1415042,-117.8658886,360,212661.6,W1-m-RES1-DF,06037401002,RES,RES1,W1,MC,RES1,m
118743,34.1480383,-118.5720594,360,503887.4,W1-m-RES1-DF,06037137504,RES,RES1,W1,MC,RES1,m
118790,38.6652033,-121.2010755,360,481224.0,W1-m-RES1-DF,06067008207,RES,RES1,W1,MC,RES1,m
118890,33.4734038,-117.5830923,360,10976.38,W1-m-RES1-DF,06059032063,RES,RES1,W1,MC,RES1,m
118974,38.6498655,-121.8455706,360,545301.9,W1-m-RES1-DF,06113011207,RES,RES1,W1,MC,RES1,m
119033,33.7868323,-118.2658196,360,58116.87,W1-m-RES1-DF,06037294520,RES,RES1,W1,MC,RES1,m
119119,33.946927,-118.2756654,360,72286.76,W1-m-RES1-DF,06037240500,RES,RES1,W1,MC,RES1,m
119215,35.7788566,-119.2544669,360,105385.3,W1-m-RES1-DF,06029004801,RES,RES1,W1,MC,RES1,m
119293,37.5164993,-122.3109497,360,1053078.0,W1-m-RES1-DF,06081608800,RES,RES1,W1,MC,RES1,m
119343,33.781769,-116.4504635,360,31555.94,W1-m-RES1-DF,06065940900,RES,RES1,W1,MC,RES1,m
119416,34.0518662,-118.3305985,360,115537.1,W1-m-RES1-DF,06037212800,RES,RES1,W1,MC,RES1,m
119506,33.8517027,-117.8127665,360,421712.1,W1-m-RES1-DF,06059021903,RES,RES1,W1,MC,RES1,m
119542,34.1035718,-118.3027866,360,4926.0,W1-m-RES1-DF,06037190401,RES,RES1,W1,MC,RES1,m
119708,33.7959818,-118.3446895,360,301898.2,W1-m-RES1-DF,06037651402,RES,RES1,W1,MC,RES1,m
119816,40.8025436,-124.1513985,360,122260.4,W1-m-RES1-DF,06023000500,RES,RES1,W1,MC,RES1,m
119924,36.7829437,-119.8352486,360,167637.0,W1-m-RES1-DF,06019004704,RES,RES1,W1,MC,RES1,m
119983,34.2377255,-118.8089778,360,16246.27,W1-m-RES1-DF,06111007507,RES,RES1,W1,MC,RES1,m
120070,35.0494454,-117.2941317,360,107732.0,W1-m-RES1-DF,06071011602,RES,RES1,W1,MC,RES1,m
120157,36.6758882,-121.6327942,360,31117.29,W1-m-RES1-DF,06053000501,RES,RES1,W1,MC,RES1,m
120267,36.8276921,-119.8806132,360,495883.0,W1-m-RES1-DF,06019004211,RES,RES1,W1,MC,RES1,m
120328,37.7604176,-122.1785112,360,199879.2,W1-m-RES1-DF,06001408500,RES,RES1,W1,MC,RES1,m
120408,38.7872347,-121.2611822,360,318692.0,W1-m-RES1-DF,06061021128,RES,RES1,W1,MC,RES1,m
120469,34.2450202,-118.4516702,360,105451.6,W1-m-RES1-DF,06037119310,RES,RES1,W1,MC,RES1,m
120532,37.2858514,-121.8568775,360,79258.91,W1-m-RES1-DF,06085503127,RES,RES1,W1,MC,RES1,m
120669,37.232926,-121.7825093,360,371618.6,W1-m-RES1-DF,06085512032,RES,RES1,W1,MC,RES1,m
120761,33.7545885,-118.3012745,360,172022.0,W1-m-RES1-DF,06037296300,RES,RES1,W1,MC,RES1,m
120985,37.6156286,-122.0575298,360,109971.4,W1-m-RES1-DF,06001438203,RES,RES1,W1,MC,RES1,m
121109,34.446327,-119.7788151,360,252328.7,W1-m-RES1-DF,06083000101,RES,RES1,W1,MC,RES1,m
121250,34.6953331,-118.1590805,360,313898.5,W1-m-RES1-DF,06037900805,RES,RES1,W1,MC,RES1,m
121335,37.0900518,-121.9116327,360,397010.9,W1-m-RES1-DF,06087121000,RES,RES1,W1,MC,RES1,m
121393,32.8472292,-117.2264968,360,490779.0,W1-m-RES1-DF,06073008306,RES,RES1,W1,MC,RES1,m
121461,40.9265216,-123.8880328,360,233302.5,W1-m-RES1-DF,06023010300,RES,RES1,W1,MC,RES1,m
121519,33.478022,-116.088029,360,15740.19,W1-m-RES1-DF,06065045618,RES,RES1,W1,MC,RES1,m
121596,37.9489795,-121.2820887,360,5537.75,W1-m-RES1-DF,06077000101,RES,RES1,W1,MC,RES1,m
121681,33.8488328,-117.7697025,360,231487.7,W1-m-RES1-DF,06059021919,RES,RES1,W1,MC,RES1,m
121841,34.1765275,-118.4588047,360,266687.2,W1-m-RES1-DF,06037128400,RES,RES1,W1,MC,RES1,m
121907,35.3650408,-119.1400234,360,113357.8,W1-m-RES1-DF,06029003821,RES,RES1,W1,MC,RES1,m
121999,34.1236002,-117.854163,360,244516.5,W1-m-RES1-DF,06037401101,RES,RES1,W1,MC,RES1,m
122070,34.078896,-117.6153156,360,159281.5,W1-m-RES1-DF,06071001308,RES,RES1,W1,MC,RES1,m
122127,34.2300853,-118.4621861,360,50652.55,W1-m-RES1-DF,06037117520,RES,RES1,W1,MC,RES1,m
122254,38.5599963,-121.4349267,360,316451.8,W1-m-RES1-DF,06067001601,RES,RES1,W1,MC,RES1,m
122319,37.9923798,-121.3528023,360,340513.0,W1-m-RES1-DF,06077003118,RES,RES1,W1,MC,RES1,m
122341,33.7048236,-116.387138,360,307057.8,W1-m-RES1-DF,06065045115,RES,RES1,W1,MC,RES1,m
122426,36.7577834,-119.7092921,360,134597.0,W1-m-RES1-DF,06019003001,RES,RES1,W1,MC,RES1,m
122571,37.7001655,-121.0036408,360,283516.0,W1-m-RES1-DF,06099000506,RES,RES1,W1,MC,RES1,m
122611,32.644857,-116.9593195,360,7661.62,W1-m-RES1-DF,06073013315,RES,RES1,W1,MC,RES1,m
122805,34.0906829,-118.3383611,360,17857.93,W1-m-RES1-DF,06037191901,RES,RES1,W1,MC,RES1,m
122930,35.4058896,-119.033747,360,54030.34,W1-m-RES1-DF,06029000400,RES,RES1,W1,MC,RES1,m
123060,38.4310597,-121.3851642,360,783028.0,W1-m-RES1-DF,06067009323,RES,RES1,W1,MC,RES1,m
123080,38.5060756,-121.5515091,360,343092.4,W1-m-RES1-DF,06067004016,RES,RES1,W1,MC,RES1,m
123117,34.0248546,-117.6458256,360,10405.1,W1-m-RES1-DF,06071001804,RES,RES1,W1,MC,RES1,m
123163,34.2043745,-118.4301703,360,23130.9,W1-m-RES1-DF,06037127103,RES,RES1,W1,MC,RES1,m
123254,34.0267587,-118.3318299,360,58307.0,W1-m-RES1-DF,06037219300,RES,RES1,W1,MC,RES1,m
123336,34.1199723,-118.1892861,360,101372.7,W1-m-RES1-DF,06037183220,RES,RES1,W1,MC,RES1,m
123384,32.6248274,-116.9358081,360,22891.98,W1-m-RES1-DF,06073013320,RES,RES1,W1,MC,RES1,m
123447,33.981434,-117.3950475,360,223098.9,W1-m-RES1-DF,06065030200,RES,RES1,W1,MC,RES1,m
123529,34.0916975,-117.6755256,360,78443.94,W1-m-RES1-DF,06071000825,RES,RES1,W1,MC,RES1,m
123646,32.788626,-116.9805432,360,200649.3,W1-m-RES1-DF,06073016000,RES,RES1,W1,MC,RES1,m
123730,37.2596678,-121.8690336,360,320723.3,W1-m-RES1-DF,06085512024,RES,RES1,W1,MC,RES1,m
123866,33.0384823,-116.8766159,360,101297.7,W1-m-RES1-DF,06073020806,RES,RES1,W1,MC,RES1,m
123941,38.4214771,-122.5984455,360,167803.4,W1-m-RES1-DF,06097151602,RES,RES1,W1,MC,RES1,m
123997,38.9814709,-121.0699543,360,796269.1,W1-m-RES1-DF,06061021801,RES,RES1,W1,MC,RES1,m
124127,34.1842624,-118.8319949,360,484808.3,W1-m-RES1-DF,06111007202,RES,RES1,W1,MC,RES1,m
124167,34.2697395,-118.684829,360,176725.3,W1-m-RES1-DF,06111008303,RES,RES1,W1,MC,RES1,m
124226,38.686436,-121.0624715,360,1112485.0,W1-m-RES1-DF,06017030710,RES,RES1,W1,MC,RES1,m
124320,33.7926206,-118.0523757,360,421797.9,W1-m-RES1-DF,06059110015,RES,RES1,W1,MC,RES1,m
124452,38.0392742,-121.8641513,360,49767.84,W1-m-RES1-DF,06013309000,RES,RES1,W1,MC,RES1,m
124599,37.3915529,-122.0385404,360,45890.76,W1-m-RES1-DF,06085509102,RES,RES1,W1,MC,RES1,m
124682,38.2946547,-122.3074338,360,199983.5,W1-m-RES1-DF,06055200804,RES,RES1,W1,MC,RES1,m
124737,33.7486002,-116.2433518,360,170613.9,W1-m-RES1-DF,06065045216,RES,RES1,W1,MC,RES1,m
124769,37.9031676,-121.2905871,360,216124.0,W1-m-RES1-DF,06077003807,RES,RES1,W1,MC,RES1,m
124810,34.0563607,-118.3130597,360,44801.26,W1-m-RES1-DF,06037212620,RES,RES1,W1,MC,RES1,m
124918,37.7929713,-122.4127333,360,45345.92,W1-m-RES1-DF,06075011200,RES,RES1,W1,MC,RES1,m
125072,33.0422422,-117.2770514,360,159470.9,W1-m-RES1-DF,06073017502,RES,RES1,W1,MC,RES1,m
125138,36.8626333,-119.7952018,360,209597.2,W1-m-RES1-DF,06019004411,RES,RES1,W1,MC,RES1,m
125254,32.9057435,-117.252772,360,448147.8,W1-m-RES1-DF,06073008312,RES,RES1,W1,MC,RES1,m
125296,34.8531657,-118.1826241,360,165811.8,W1-m-RES1-DF,06029005806,RES,RES1,W1,MC,RES1,m
125407,37.9416678,-122.0553462,360,129796.9,W1-m-RES1-DF,06013324004,RES,RES1,W1,MC,RES1,m
125523,34.0965841,-118.3049408,360,5582.35,W1-m-RES1-DF,06037191110,RES,RES1,W1,MC,RES1,m
125582,33.0306314,-117.0686679,360,566494.8,W1-m-RES1-DF,06073017057,RES,RES1,W1,MC,RES1,m
125627,32.7956719,-117.0736104,360,342131.4,W1-m-RES1-DF,06073009703,RES,RES1,W1,MC,RES1,m
125681,38.0090152,-121.702202,360,45449.58,W1-m-RES1-DF,06013302006,RES,RES1,W1,MC,RES1,m
125824,38.5025825,-122.4521097,360,139595.2,W1-m-RES1-DF,06055201601,RES,RES1,W1,MC,RES1,m
125886,33.7795265,-118.2714945,360,20253.56,W1-m-RES1-DF,06037294810,RES,RES1,W1,MC,RES1,m
126001,37.985633,-122.474165,360,1181059.0,W1-m-RES1-DF,06041110200,RES,RES1,W1,MC,RES1,m
126089,33.9832062,-118.2208725,360,9058.44,W1-m-RES1-DF,06037532606,RES,RES1,W1,MC,RES1,m
126158,37.7492624,-122.4384746,360,280303.1,W1-m-RES1-DF,06075021300,RES,RES1,W1,MC,RES1,m
126239,37.9967508,-122.126487,360,207561.6,W1-m-RES1-DF,06013319001,RES,RES1,W1,MC,RES1,m
126299,34.2191995,-118.4622655,360,93533.0,W1-m-RES1-DF,06037120010,RES,RES1,W1,MC,RES1,m
126449,38.6225116,-121.2404822,360,783690.0,W1-m-RES1-DF,06067008703,RES,RES1,W1,MC,RES1,m
126517,34.0904765,-117.6426747,360,142587.4,W1-m-RES1-DF,06071000904,RES,RES1,W1,MC,RES1,m
126568,36.721832,-119.5738471,360,592053.7,W1-m-RES1-DF,06019006001,RES,RES1,W1,MC,RES1,m
126636,38.0608177,-122.5689222,360,528345.8,W1-m-RES1-DF,06041104200,RES,RES1,W1,MC,RES1,m
126720,35.3762394,-119.1544043,360,77163.36,W1-m-RES1-DF,06029003819,RES,RES1,W1,MC,RES1,m
126805,34.0848452,-117.440068,360,54958.56,W1-m-RES1-DF,06071003102,RES,RES1,W1,MC,RES1,m
126872,37.4998206,-120.8252426,360,514896.0,W1-m-RES1-DF,06099003905,RES,RES1,W1,MC,RES1,m
126906,34.0625414,-117.851864,360,122344.7,W1-m-RES1-DF,06037403500,RES,RES1,W1,MC,RES1,m
127135,37.7093385,-122.1390414,360,63007.56,W1-m-RES1-DF,06001433103,RES,RES1,W1,MC,RES1,m
127238,37.5882461,-122.0142011,360,101868.1,W1-m-RES1-DF,06001440338,RES,RES1,W1,MC,RES1,m
127331,37.8296923,-122.1594391,360,286726.8,W1-m-RES1-DF,06013352202,RES,RES1,W1,MC,RES1,m
127434,36.7510823,-121.7175784,360,71059.44,W1-m-RES1-DF,06053010306,RES,RES1,W1,MC,RES1,m
127487,33.9974948,-118.3244351,360,144439.0,W1-m-RES1-DF,06037234501,RES,RES1,W1,MC,RES1,m
127531,33.7979782,-118.2603808,360,155581.9,W1-m-RES1-DF,06037294110,RES,RES1,W1,MC,RES1,m
127555,37.7261195,-122.4262822,360,262712.9,W1-m-RES1-DF,06075026002,RES,RES1,W1,MC,RES1,m
127604,33.9273542,-118.3646302,360,52658.81,W1-m-RES1-DF,06037602202,RES,RES1,W1,MC,RES1,m
127757,37.7776291,-122.4067243,360,88925.94,W1-m-RES1-DF,06075017804,RES,RES1,W1,MC,RES1,m
127916,35.5589818,-120.9891147,360,134566.6,W1-m-RES1-DF,06079013000,RES,RES1,W1,MC,RES1,m
128022,35.3179747,-119.0288351,360,114357.0,W1-m-RES1-DF,06029003113,RES,RES1,W1,MC,RES1,m
128102,34.1195504,-117.375879,360,123869.5,W1-m-RES1-DF,06071003505,RES,RES1,W1,MC,RES1,m
128157,32.726874,-117.0071411,360,145592.4,W1-m-RES1-DF,06073013906,RES,RES1,W1,MC,RES1,m
128218,37.0008369,-121.5756972,360,113907.3,W1-m-RES1-DF,06085512512,RES,RES1,W1,MC,RES1,m
128348,34.2197648,-118.3736105,360,25644.86,W1-m-RES1-DF,06037122122,RES,RES1,W1,MC,RES1,m
128401,33.7596323,-116.2675135,360,96309.84,W1-m-RES1-DF,06065049400,RES,RES1,W1,MC,RES1,m
128641,38.5001117,-121.3413811,360,778167.1,W1-m-RES1-DF,06067009201,RES,RES1,W1,MC,RES1,m
128680,32.7723038,-116.8984175,360,80753.44,W1-m-RES1-DF,06073015406,RES,RES1,W1,MC,RES1,m
128790,34.0549771,-118.4662764,360,95362.67,W1-m-RES1-DF,06037264103,RES,RES1,W1,MC,RES1,m
128970,33.8217191,-118.2931883,360,162288.0,W1-m-RES1-DF,06037543606,RES,RES1,W1,MC,RES1,m
129063,33.9348,-118.3638535,360,65489.55,W1-m-RES1-DF,06037601600,RES,RES1,W1,MC,RES1,m
129107,34.4958674,-117.3906908,360,13095.66,W1-m-RES1-DF,06071009139,RES,RES1,W1,MC,RES1,m
129151,33.8112385,-117.8116387,360,617255.9,W1-m-RES1-DF,06059075810,RES,RES1,W1,MC,RES1,m
129183,34.0224507,-117.8980812,360,63821.32,W1-m-RES1-DF,06037408134,RES,RES1,W1,MC,RES1,m
129266,32.7453947,-117.1751539,360,254080.4,W1-m-RES1-DF,06073000202,RES,RES1,W1,MC,RES1,m
129324,32.8083069,-117.2422493,360,317482.7,W1-m-RES1-DF,06073008002,RES,RES1,W1,MC,RES1,m
129394,37.2743294,-121.9625593,360,393645.8,W1-m-RES1-DF,06085506702,RES,RES1,W1,MC,RES1,m
129533,34.0526559,-118.3045301,360,34387.62,W1-m-RES1-DF,06037213201,RES,RES1,W1,MC,RES1,m
129769,34.1384354,-118.1269577,360,310139.8,W1-m-RES1-DF,06037463500,RES,RES1,W1,MC,RES1,m
129897,38.4600991,-122.6991912,360,648442.1,W1-m-RES1-DF,06097152300,RES,RES1,W1,MC,RES1,m
129955,37.5604085,-122.2954266,360,347166.0,W1-m-RES1-DF,06081607800,RES,RES1,W1,MC,RES1,m
130054,33.6048432,-117.8809155,360,333042.9,W1-m-RES1-DF,06059062701,RES,RES1,W1,MC,RES1,m
130217,34.1378492,-118.0416921,360,210188.1,W1-m-RES1-DF,06037430721,RES,RES1,W1,MC,RES1,m
130309,34.0764607,-117.9439929,360,299696.0,W1-m-RES1-DF,06037405302,RES,RES1,W1,MC,RES1,m
130400,33.9563491,-118.3089917,360,303742.0,W1-m-RES1-DF,06037238400,RES,RES1,W1,MC,RES1,m
130553,34.0592851,-118.2395097,360,623.1,W1-m-RES1-DF,06037207102,RES,RES1,W1,MC,RES1,m
130603,37.6949354,-122.4558927,360,195637.5,W1-m-RES1-DF,06081600502,RES,RES1,W1,MC,RES1,m
130706,33.8693943,-118.0806897,360,301901.3,W1-m-RES1-DF,06037554802,RES,RES1,W1,MC,RES1,m
130776,36.7983044,-119.7204904,360,256133.0,W1-m-RES1-DF,06019003103,RES,RES1,W1,MC,RES1,m
130912,33.9858161,-117.3560307,360,41233.84,W1-m-RES1-DF,06065030502,RES,RES1,W1,MC,RES1,m
130965,33.6671772,-117.4175994,360,101125.9,W1-m-RES1-DF,06065043008,RES,RES1,W1,MC,RES1,m
131006,33.5903125,-117.094356,360,13243.28,W1-m-RES1-DF,06065043294,RES,RES1,W1,MC,RES1,m
131186,37.3231579,-121.8864264,360,82108.83,W1-m-RES1-DF,06085501700,RES,RES1,W1,MC,RES1,m
131298,33.2857623,-117.1904461,360,180287.9,W1-m-RES1-DF,06073018803,RES,RES1,W1,MC,RES1,m
131407,37.403787,-121.9576916,360,115165.4,W1-m-RES1-DF,06085505011,RES,RES1,W1,MC,RES1,m
131543,36.8008494,-119.6912802,360,332424.0,W1-m-RES1-DF,06019005801,RES,RES1,W1,MC,RES1,m
131661,32.8178125,-116.863336,360,203689.8,W1-m-RES1-DF,06073015501,RES,RES1,W1,MC,RES1,m
131710,33.9662544,-118.1906215,360,31235.84,W1-m-RES1-DF,06037534404,RES,RES1,W1,MC,RES1,m
131783,38.025957,-120.311915,360,445671.4,W1-m-RES1-DF,06109002202,RES,RES1,W1,MC,RES1,m
131814,34.0508765,-118.1883898,360,90177.88,W1-m-RES1-DF,06037530801,RES,RES1,W1,MC,RES1,m
131860,33.4785252,-117.5953057,360,105082.0,W1-m-RES1-DF,06059032062,RES,RES1,W1,MC,RES1,m
131940,37.7809313,-121.2189583,360,765901.6,W1-m-RES1-DF,06077005137,RES,RES1,W1,MC,RES1,m
131965,34.4254028,-117.2498345,360,63426.44,W1-m-RES1-DF,06071010029,RES,RES1,W1,MC,RES1,m
132027,38.4630396,-122.6754382,360,231090.7,W1-m-RES1-DF,06097152204,RES,RES1,W1,MC,RES1,m
132099,34.0885854,-118.3027208,360,5157.0,W1-m-RES1-DF,06037191620,RES,RES1,W1,MC,RES1,m
132189,38.4815708,-122.6925847,360,318741.1,W1-m-RES1-DF,06097152401,RES,RES1,W1,MC,RES1,m
132292,34.0777452,-116.4710612,360,343163.2,W1-m-RES1-DF,06071010413,RES,RES1,W1,MC,RES1,m
132401,33.9718355,-118.1657832,360,22470.0,W1-m-RES1-DF,06037534101,RES,RES1,W1,MC,RES1,m
132501,34.5963169,-118.1557651,360,228882.6,W1-m-RES1-DF,06037910215,RES,RES1,W1,MC,RES1,m
132568,37.9494993,-119.6407227,360,460383.4,W1-m-RES1-DF,06109004201,RES,RES1,W1,MC,RES1,m
132626,37.7526804,-122.4906464,360,425350.0,W1-m-RES1-DF,06075032902,RES,RES1,W1,MC,RES1,m
132671,37.330488,-120.4789043,360,351269.0,W1-m-RES1-DF,06047001006,RES,RES1,W1,MC,RES1,m
132747,34.197275,-118.4116037,360,92507.1,W1-m-RES1-DF,06037123303,RES,RES1,W1,MC,RES1,m
132824,32.8403003,-117.1850064,360,451826.6,W1-m-RES1-DF,06073008505,RES,RES1,W1,MC,RES1,m
132943,34.0060094,-118.1235544,360,73437.73,W1-m-RES1-DF,06037532001,RES,RES1,W1,MC,RES1,m
133090,37.9301992,-122.3350677,360,299296.0,W1-m-RES1-DF,06013381000,RES,RES1,W1,MC,RES1,m
133185,38.0025905,-121.2851821,360,239030.6,W1-m-RES1-DF,06077003409,RES,RES1,W1,MC,RES1,m
133274,38.5066191,-121.4785228,360,225500.2,W1-m-RES1-DF,06067004100,RES,RES1,W1,MC,RES1,m
133363,36.730393,-119.6356552,360,855565.4,W1-m-RES1-DF,06019005904,RES,RES1,W1,MC,RES1,m
133448,33.9709293,-118.3111925,360,229710.0,W1-m-RES1-DF,06037237900,RES,RES1,W1,MC,RES1,m
133508,41.7454833,-124.2034187,360,262880.7,W1-m-RES1-DF,06015000101,RES,RES1,W1,MC,RES1,m
133589,38.339813,-122.6813617,360,82717.74,W1-m-RES1-DF,06097151310,RES,RES1,W1,MC,RES1,m
133658,33.7858671,-118.1704604,360,31545.95,W1-m-RES1-DF,06037575202,RES,RES1,W1,MC,RES1,m
133724,33.9819165,-118.2081695,360,26449.83,W1-m-RES1-DF,06037533201,RES,RES1,W1,MC,RES1,m
133814,36.7433674,-119.6911747,360,354379.0,W1-m-RES1-DF,06019001411,RES,RES1,W1,MC,RES1,m
134143,37.4743763,-121.1228155,360,86881.76,W1-m-RES1-DF,06099003201,RES,RES1,W1,MC,RES1,m
134339,37.6877413,-122.4084093,360,356670.6,W1-m-RES1-DF,06081600100,RES,RES1,W1,MC,RES1,m
134414,32.7547547,-117.2292638,360,93647.96,W1-m-RES1-DF,06073006801,RES,RES1,W1,MC,RES1,m
134537,33.8557384,-117.5449898,360,35782.34,W1-m-RES1-DF,06065041809,RES,RES1,W1,MC,RES1,m
134618,33.9856156,-118.2424751,360,31892.32,W1-m-RES1-DF,06037532700,RES,RES1,W1,MC,RES1,m
134730,33.8698189,-118.4052955,360,356037.8,W1-m-RES1-DF,06037621005,RES,RES1,W1,MC,RES1,m
134850,33.8796677,-117.9952602,360,184832.1,W1-m-RES1-DF,06059110607,RES,RES1,W1,MC,RES1,m
134931,35.5725952,-117.6939426,360,116060.9,W1-m-RES1-DF,06029005509,RES,RES1,W1,MC,RES1,m
135055,33.7703805,-117.9579741,360,256342.8,W1-m-RES1-DF,06059088702,RES,RES1,W1,MC,RES1,m
135137,34.0670404,-117.7827824,360,99923.92,W1-m-RES1-DF,06037402406,RES,RES1,W1,MC,RES1,m
135289,37.3416421,-121.8880715,360,119528.2,W1-m-RES1-DF,06085501000,RES,RES1,W1,MC,RES1,m
135502,38.5512036,-121.7458161,360,228244.0,W1-m-RES1-DF,06113010701,RES,RES1,W1,MC,RES1,m
135601,39.081678,-122.575206,360,152875.5,W1-m-RES1-DF,06033000602,RES,RES1,W1,MC,RES1,m
135686,37.3659259,-120.5989221,360,434341.0,W1-m-RES1-DF,06047000603,RES,RES1,W1,MC,RES1,m
135755,38.2546226,-122.0294348,360,132520.3,W1-m-RES1-DF,06095252607,RES,RES1,W1,MC,RES1,m
135846,34.2513519,-118.2885261,360,22641.63,W1-m-RES1-DF,06037101222,RES,RES1,W1,MC,RES1,m
135906,32.8626551,-117.2175882,360,40889.63,W1-m-RES1-DF,06073008343,RES,RES1,W1,MC,RES1,m
136012,36.9197951,-121.765771,360,73929.29,W1-m-RES1-DF,06087110505,RES,RES1,W1,MC,RES1,m
136110,38.6582631,-121.2821975,360,344328.0,W1-m-RES1-DF,06067008007,RES,RES1,W1,MC,RES1,m
136203,33.9268423,-117.4484557,360,109283.1,W1-m-RES1-DF,06065031602,RES,RES1,W1,MC,RES1,m
136240,37.7096507,-122.4152933,360,113175.4,W1-m-RES1-DF,06075026404,RES,RES1,W1,MC,RES1,m
136354,33.8496176,-118.3827586,360,372465.7,W1-m-RES1-DF,06037621201,RES,RES1,W1,MC,RES1,m
136597,38.4416422,-122.713301,360,37877.11,W1-m-RES1-DF,06097152000,RES,RES1,W1,MC,RES1,m
136696,35.6752697,-119.2157446,360,47965.2,W1-m-RES1-DF,06029004702,RES,RES1,W1,MC,RES1,m
136774,33.2077639,-117.240675,360,65802.78,W1-m-RES1-DF,06073019502,RES,RES1,W1,MC,RES1,m
136862,32.6551123,-116.962952,360,66326.15,W1-m-RES1-DF,06073013424,RES,RES1,W1,MC,RES1,m
136966,34.1273089,-118.253077,360,16183.44,W1-m-RES1-DF,06037302505,RES,RES1,W1,MC,RES1,m
137022,34.1633689,-118.1438322,360,91975.27,W1-m-RES1-DF,06037462001,RES,RES1,W1,MC,RES1,m
137077,34.2555108,-118.4257479,360,100462.0,W1-m-RES1-DF,06037104500,RES,RES1,W1,MC,RES1,m
137172,38.2467506,-121.2975665,360,172323.0,W1-m-RES1-DF,06067009504,RES,RES1,W1,MC,RES1,m
137264,34.0399075,-118.3708123,360,132016.4,W1-m-RES1-DF,06037270300,RES,RES1,W1,MC,RES1,m
137320,37.3016723,-121.8373674,360,55587.37,W1-m-RES1-DF,06085503213,RES,RES1,W1,MC,RES1,m
137382,33.959603,-118.1611103,360,20024.89,W1-m-RES1-DF,06037534202,RES,RES1,W1,MC,RES1,m
137448,33.6997156,-117.2264364,360,52472.32,W1-m-RES1-DF,06065042732,RES,RES1,W1,MC,RES1,m
137511,34.0689106,-118.1877681,360,206500.2,W1-m-RES1-DF,06037201402,RES,RES1,W1,MC,RES1,m
137545,36.7252331,-119.7276686,360,131376.0,W1-m-RES1-DF,06019001408,RES,RES1,W1,MC,RES1,m
137644,34.7464476,-118.5702726,360,51712.99,W1-m-RES1-DF,06037901209,RES,RES1,W1,MC,RES1,m
137786,32.7529575,-117.1518411,360,123545.3,W1-m-RES1-DF,06073000600,RES,RES1,W1,MC,RES1,m
137885,38.6712894,-121.5335461,360,831360.0,W1-m-RES1-DF,06067007108,RES,RES1,W1,MC,RES1,m
137970,34.0483749,-117.7321891,360,66898.35,W1-m-RES1-DF,06037402804,RES,RES1,W1,MC,RES1,m
138020,37.3647252,-121.841006,360,32322.09,W1-m-RES1-DF,06085503713,RES,RES1,W1,MC,RES1,m
138082,33.7284275,-117.8600162,360,163467.8,W1-m-RES1-DF,06059074502,RES,RES1,W1,MC,RES1,m
138152,34.2219334,-119.0342542,360,78299.76,W1-m-RES1-DF,06111005403,RES,RES1,W1,MC,RES1,m
138229,37.5465021,-121.976577,360,140235.2,W1-m-RES1-DF,06001441927,RES,RES1,W1,MC,RES1,m
138333,34.1501345,-118.3626374,360,96820.44,W1-m-RES1-DF,06037143102,RES,RES1,W1,MC,RES1,m
138427,38.6379415,-121.438207,360,176176.4,W1-m-RES1-DF,06067006501,RES,RES1,W1,MC,RES1,m
138531,34.1467828,-117.8007925,360,170452.6,W1-m-RES1-DF,06037400403,RES,RES1,W1,MC,RES1,m
138601,33.9761861,-118.3703576,360,100133.3,W1-m-RES1-DF,06037276102,RES,RES1,W1,MC,RES1,m
138684,37.79262,-122.4274313,360,76742.48,W1-m-RES1-DF,06075013102,RES,RES1,W1,MC,RES1,m
138856,33.6235666,-117.7042969,360,378171.6,W1-m-RES1-DF,06059052411,RES,RES1,W1,MC,RES1,m
138928,37.7775849,-122.4613475,360,199579.6,W1-m-RES1-DF,06075045100,RES,RES1,W1,MC,RES1,m
139026,34.1997526,-116.3830577,360,133452.1,W1-m-RES1-DF,06071010410,RES,RES1,W1,MC,RES1,m
139089,37.4288643,-122.1617975,360,344.84,W1-m-RES1-DF,06085513000,RES,RES1,W1,MC,RES1,m
139262,37.48478,-122.2138236,360,89868.56,W1-m-RES1-DF,06081610201,RES,RES1,W1,MC,RES1,m
139331,40.8746741,-124.1004902,360,156479.0,W1-m-RES1-DF,06023001103,RES,RES1,W1,MC,RES1,m
139388,33.091405,-117.2387858,360,273108.8,W1-m-RES1-DF,06073020015,RES,RES1,W1,MC,RES1,m
139470,38.2466064,-121.7607697,360,589036.9,W1-m-RES1-DF,06095253501,RES,RES1,W1,MC,RES1,m
139546,33.9805004,-118.1941967,360,30039.14,W1-m-RES1-DF,06037533601,RES,RES1,W1,MC,RES1,m
139616,33.66484,-118.0134388,360,28069.23,W1-m-RES1-DF,06059099310,RES,RES1,W1,MC,RES1,m
139681,33.8367893,-117.5829634,360,205418.2,W1-m-RES1-DF,06065041803,RES,RES1,W1,MC,RES1,m
139704,35.3896386,-118.9082647,360,46711.28,W1-m-RES1-DF,06029000912,RES,RES1,W1,MC,RES1,m
139774,34.233678,-118.4621483,360,47832.48,W1-m-RES1-DF,06037117510,RES,RES1,W1,MC,RES1,m
139866,37.5133939,-122.2803174,360,327257.9,W1-m-RES1-DF,06081609000,RES,RES1,W1,MC,RES1,m
139943,34.0036935,-118.2608661,360,34451.49,W1-m-RES1-DF,06037228600,RES,RES1,W1,MC,RES1,m
139996,32.8247352,-117.0924729,360,408116.0,W1-m-RES1-DF,06073009506,RES,RES1,W1,MC,RES1,m
140105,34.160739,-118.6696774,360,383831.6,W1-m-RES1-DF,06037800206,RES,RES1,W1,MC,RES1,m
140127,34.514002,-117.4082124,360,36556.7,W1-m-RES1-DF,06071009124,RES,RES1,W1,MC,RES1,m
140215,33.6510929,-117.2771726,360,117879.0,W1-m-RES1-DF,06065046404,RES,RES1,W1,MC,RES1,m
140268,34.2620831,-119.1896449,360,213076.8,W1-m-RES1-DF,06111001506,RES,RES1,W1,MC,RES1,m
140305,37.2948911,-121.7588008,360,180055.7,W1-m-RES1-DF,06085503331,RES,RES1,W1,MC,RES1,m
140326,32.6853619,-117.2455744,360,1045.0,W1-m-RES1-DF,06073009901,RES,RES1,W1,MC,RES1,m
140402,37.848284,-122.2574447,360,303429.6,W1-m-RES1-DF,06001400400,RES,RES1,W1,MC,RES1,m
140488,33.7225872,-118.0283982,360,250694.8,W1-m-RES1-DF,06059099407,RES,RES1,W1,MC,RES1,m
140556,33.953754,-118.2348542,360,46539.2,W1-m-RES1-DF,06037535400,RES,RES1,W1,MC,RES1,m
140619,33.7737277,-117.1147818,360,40873.38,W1-m-RES1-DF,06065042720,RES,RES1,W1,MC,RES1,m
140707,34.1711569,-116.2970601,360,171830.4,W1-m-RES1-DF,06071010420,RES,RES1,W1,MC,RES1,m
140807,40.5982901,-124.1377113,360,154791.0,W1-m-RES1-DF,06023010901,RES,RES1,W1,MC,RES1,m
140952,37.8454176,-122.2832338,360,131740.8,W1-m-RES1-DF,06001400800,RES,RES1,W1,MC,RES1,m
141070,33.9773034,-118.2332633,360,20060.37,W1-m-RES1-DF,06037533103,RES,RES1,W1,MC,RES1,m
141109,37.7193286,-122.4523956,360,220269.6,W1-m-RES1-DF,06075031202,RES,RES1,W1,MC,RES1,m
141167,33.6714531,-117.8988944,360,301344.3,W1-m-RES1-DF,06059063904,RES,RES1,W1,MC,RES1,m
141191,36.6930243,-121.6144991,360,48046.2,W1-m-RES1-DF,06053010607,RES,RES1,W1,MC,RES1,m
141291,36.8563029,-118.7738863,360,376245.5,W1-m-RES1-DF,06019006411,RES,RES1,W1,MC,RES1,m
141352,33.9714062,-118.2531399,360,48254.59,W1-m-RES1-DF,06037535001,RES,RES1,W1,MC,RES1,m
141392,38.1085229,-121.2760564,360,87159.0,W1-m-RES1-DF,06077004308,RES,RES1,W1,MC,RES1,m
141470,34.0384431,-118.3090474,360,51394.49,W1-m-RES1-DF,06037221402,RES,RES1,W1,MC,RES1,m
141581,37.9629721,-121.7095374,360,167494.3,W1-m-RES1-DF,06013303104,RES,RES1,W1,MC,RES1,m
141700,37.4270272,-122.1097779,360,738021.5,W1-m-RES1-DF,06085510801,RES,RES1,W1,MC,RES1,m
141753,33.9231954,-118.1941847,360,258660.0,W1-m-RES1-DF,06037540102,RES,RES1,W1,MC,RES1,m
141807,34.2035942,-118.5476933,360,216176.0,W1-m-RES1-DF,06037131702,RES,RES1,W1,MC,RES1,m
141867,37.2840433,-121.8919507,360,642290.9,W1-m-RES1-DF,06085503001,RES,RES1,W1,MC,RES1,m
141903,33.9200911,-118.2868209,360,80539.42,W1-m-RES1-DF,06037291110,RES,RES1,W1,MC,RES1,m
141965,33.9267098,-118.3391699,360,45045.6,W1-m-RES1-DF,06037602002,RES,RES1,W1,MC,RES1,m
142011,35.2777713,-119.0145144,360,122150.4,W1-m-RES1-DF,06029003214,RES,RES1,W1,MC,RES1,m
142065,33.946945,-118.2684059,360,91167.78,W1-m-RES1-DF,06037240600,RES,RES1,W1,MC,RES1,m
142118,33.7378829,-117.8422024,360,53731.86,W1-m-RES1-DF,06059074407,RES,RES1,W1,MC,RES1,m
142221,33.0903964,-117.0674367,360,179951.9,W1-m-RES1-DF,06073020708,RES,RES1,W1,MC,RES1,m
142378,38.2198735,-122.0935747,360,71874.63,W1-m-RES1-DF,06095252305,RES,RES1,W1,MC,RES1,m
142521,33.7397829,-118.2923625,360,72793.23,W1-m-RES1-DF,06037296600,RES,RES1,W1,MC,RES1,m
142628,37.7102486,-120.9173793,360,241887.7,W1-m-RES1-DF,06099000405,RES,RES1,W1,MC,RES1,m
142739,36.7982985,-119.7885932,360,313221.0,W1-m-RES1-DF,06019005000,RES,RES1,W1,MC,RES1,m
142836,34.1292208,-118.156538,360,528501.1,W1-m-RES1-DF,06037463900,RES,RES1,W1,MC,RES1,m
142898,34.1164011,-118.2797541,360,286731.3,W1-m-RES1-DF,06037188202,RES,RES1,W1,MC,RES1,m
142943,34.6823349,-118.0991407,360,24170.02,W1-m-RES1-DF,06037900506,RES,RES1,W1,MC,RES1,m
143024,36.8516949,-119.8727651,360,1096736.0,W1-m-RES1-DF,06019004208,RES,RES1,W1,MC,RES1,m
143113,39.1562756,-121.63967,360,500822.0,W1-m-RES1-DF,06101050604,RES,RES1,W1,MC,RES1,m
143159,34.0003832,-118.4341265,360,62289.71,W1-m-RES1-DF,06037272201,RES,RES1,W1,MC,RES1,m
143240,40.617872,-122.2544681,360,251295.0,W1-m-RES1-DF,06089011801,RES,RES1,W1,MC,RES1,m
143317,37.9799174,-121.2682854,360,42422.38,W1-m-RES1-DF,06077001502,RES,RES1,W1,MC,RES1,m
143396,33.1813377,-117.360749,360,207620.7,W1-m-RES1-DF,06073018101,RES,RES1,W1,MC,RES1,m
143447,33.7411716,-118.3150067,360,332919.4,W1-m-RES1-DF,06037296401,RES,RES1,W1,MC,RES1,m
143491,34.050659,-118.1328703,360,238851.9,W1-m-RES1-DF,06037482102,RES,RES1,W1,MC,RES1,m
143545,36.7759433,-119.763479,360,164092.0,W1-m-RES1-DF,06019003301,RES,RES1,W1,MC,RES1,m
143697,33.7475602,-116.9695083,360,186230.8,W1-m-RES1-DF,06065043401,RES,RES1,W1,MC,RES1,m
143776,37.9485229,-122.3399385,360,408486.9,W1-m-RES1-DF,06013372000,RES,RES1,W1,MC,RES1,m
143999,38.5412556,-121.7230816,360,248796.0,W1-m-RES1-DF,06113010608,RES,RES1,W1,MC,RES1,m
144084,36.5939202,-121.8380597,360,215170.4,W1-m-RES1-DF,06053013400,RES,RES1,W1,MC,RES1,m
144329,33.7068329,-117.862573,360,89558.03,W1-m-RES1-DF,06059074003,RES,RES1,W1,MC,RES1,m
144485,34.2178665,-118.3832004,360,128501.8,W1-m-RES1-DF,06037121900,RES,RES1,W1,MC,RES1,m
144578,37.543836,-121.0570604,360,472470.7,W1-m-RES1-DF,06099003100,RES,RES1,W1,MC,RES1,m
144631,34.5534446,-117.3149808,360,92308.68,W1-m-RES1-DF,06071009915,RES,RES1,W1,MC,RES1,m
144865,37.9448236,-122.4048055,360,373690.6,W1-m-RES1-DF,06013378000,RES,RES1,W1,MC,RES1,m
144990,36.9120624,-121.7781198,360,58339.35,W1-m-RES1-DF,06087110402,RES,RES1,W1,MC,RES1,m
145092,37.8511021,-122.4854014,360,423084.5,W1-m-RES1-DF,06041130201,RES,RES1,W1,MC,RES1,m
145205,34.2763731,-118.4292815,360,164705.8,W1-m-RES1-DF,06037104310,RES,RES1,W1,MC,RES1,m
145257,33.8867546,-117.7814387,360,49092.68,W1-m-RES1-DF,06059021829,RES,RES1,W1,MC,RES1,m
145298,37.9642256,-121.7886864,360,85301.76,W1-m-RES1-DF,06013355120,RES,RES1,W1,MC,RES1,m
145363,33.7512108,-118.0946098,360,370915.0,W1-m-RES1-DF,06059099504,RES,RES1,W1,MC,RES1,m
145408,34.1828565,-118.5282202,360,287106.1,W1-m-RES1-DF,06037132900,RES,RES1,W1,MC,RES1,m
145472,34.1347811,-118.1928518,360,251755.3,W1-m-RES1-DF,06037181500,RES,RES1,W1,MC,RES1,m
145541,36.7030907,-121.6595817,360,238928.6,W1-m-RES1-DF,06053000300,RES,RES1,W1,MC,RES1,m
145620,34.059079,-118.1964766,360,23721.5,W1-m-RES1-DF,06037203100,RES,RES1,W1,MC,RES1,m
145668,33.8430305,-118.0882639,360,250915.3,W1-m-RES1-DF,06037555001,RES,RES1,W1,MC,RES1,m
145769,37.561382,-122.3256207,360,259496.2,W1-m-RES1-DF,06081606400,RES,RES1,W1,MC,RES1,m
145858,37.740465,-122.490765,360,426485.0,W1-m-RES1-DF,06075033001,RES,RES1,W1,MC,RES1,m
145958,35.3359425,-119.049604,360,160229.8,W1-m-RES1-DF,06029002814,RES,RES1,W1,MC,RES1,m
146088,33.215899,-117.3543556,360,87496.32,W1-m-RES1-DF,06073018616,RES,RES1,W1,MC,RES1,m
146130,33.1170652,-117.1808072,360,365355.9,W1-m-RES1-DF,06073020044,RES,RES1,W1,MC,RES1,m
146151,33.8165383,-118.2182796,360,31217.6,W1-m-RES1-DF,06037572500,RES,RES1,W1,MC,RES1,m
146263,33.9615844,-118.2361363,360,98461.59,W1-m-RES1-DF,06037535300,RES,RES1,W1,MC,RES1,m
146407,34.0494816,-118.0371004,360,86164.54,W1-m-RES1-DF,06037433804,RES,RES1,W1,MC,RES1,m
146632,38.8039379,-121.2616929,360,448084.0,W1-m-RES1-DF,06061021131,RES,RES1,W1,MC,RES1,m
146727,37.8631828,-122.2592684,360,58315.81,W1-m-RES1-DF,06001423602,RES,RES1,W1,MC,RES1,m
147144,37.8592091,-122.3016412,360,73300.39,W1-m-RES1-DF,06001422000,RES,RES1,W1,MC,RES1,m
147338,38.4426719,-121.8165138,360,550552.9,W1-m-RES1-DF,06095253402,RES,RES1,W1,MC,RES1,m
147516,33.7211578,-117.9108898,360,175796.3,W1-m-RES1-DF,06059074108,RES,RES1,W1,MC,RES1,m
147549,34.4781048,-117.303666,360,14720.0,W1-m-RES1-DF,06071010038,RES,RES1,W1,MC,RES1,m
147610,33.9943481,-117.4072103,360,41765.33,W1-m-RES1-DF,06065040203,RES,RES1,W1,MC,RES1,m
147657,34.1104925,-117.9033404,360,103863.1,W1-m-RES1-DF,06037404504,RES,RES1,W1,MC,RES1,m
147749,33.7888535,-117.9193342,360,161792.7,W1-m-RES1-DF,06059088402,RES,RES1,W1,MC,RES1,m
147880,33.8583828,-118.0380232,360,369872.8,W1-m-RES1-DF,06059110115,RES,RES1,W1,MC,RES1,m
147897,33.950737,-118.2379637,360,61756.75,W1-m-RES1-DF,06037242201,RES,RES1,W1,MC,RES1,m
147998,38.1434699,-121.2583284,360,110704.6,W1-m-RES1-DF,06077004501,RES,RES1,W1,MC,RES1,m
148032,37.7135251,-122.4112834,360,199574.3,W1-m-RES1-DF,06075026401,RES,RES1,W1,MC,RES1,m
148125,32.8373462,-117.2067777,360,525729.9,W1-m-RES1-DF,06073008502,RES,RES1,W1,MC,RES1,m
148229,38.6440127,-121.2588808,360,526833.2,W1-m-RES1-DF,06067008009,RES,RES1,W1,MC,RES1,m
148344,33.774216,-117.9350465,360,191279.5,W1-m-RES1-DF,06059088602,RES,RES1,W1,MC,RES1,m
148387,38.6916716,-121.2486909,360,795162.0,W1-m-RES1-DF,06067008145,RES,RES1,W1,MC,RES1,m
148440,34.0145635,-118.2893753,360,19769.14,W1-m-RES1-DF,06037231220,RES,RES1,W1,MC,RES1,m
148566,36.6584132,-121.6725274,360,355053.0,W1-m-RES1-DF,06053001500,RES,RES1,W1,MC,RES1,m
148634,34.2154603,-118.2420735,360,213823.4,W1-m-RES1-DF,06037300601,RES,RES1,W1,MC,RES1,m
148694,32.6786839,-117.0452404,360,109299.8,W1-m-RES1-DF,06073003208,RES,RES1,W1,MC,RES1,m
148833,32.9516034,-117.2502783,360,702314.3,W1-m-RES1-DF,06073008324,RES,RES1,W1,MC,RES1,m
148940,32.7447605,-117.1513507,360,142793.5,W1-m-RES1-DF,06073000700,RES,RES1,W1,MC,RES1,m
149008,34.4558936,-118.5295464,360,28064.52,W1-m-RES1-DF,06037920018,RES,RES1,W1,MC,RES1,m
149037,37.746154,-122.4901873,360,591623.0,W1-m-RES1-DF,06075032901,RES,RES1,W1,MC,RES1,m
149130,38.2641804,-122.0512736,360,148569.6,W1-m-RES1-DF,06095252604,RES,RES1,W1,MC,RES1,m
149196,37.3158862,-120.4080396,360,559785.6,W1-m-RES1-DF,06047002602,RES,RES1,W1,MC,RES1,m
149301,37.4018859,-122.1055733,360,103506.9,W1-m-RES1-DF,06085509404,RES,RES1,W1,MC,RES1,m
149422,34.2870514,-119.1362243,360,56717.28,W1-m-RES1-DF,06111001302,RES,RES1,W1,MC,RES1,m
149511,37.8103325,-122.2770981,360,33476.14,W1-m-RES1-DF,06001402700,RES,RES1,W1,MC,RES1,m
149615,37.9403941,-121.929448,360,91600.74,W1-m-RES1-DF,06013355308,RES,RES1,W1,MC,RES1,m
149686,33.6532836,-117.8787414,360,277407.1,W1-m-RES1-DF,06059063009,RES,RES1,W1,MC,RES1,m
149747,34.2216307,-118.8779656,360,48517.12,W1-m-RES1-DF,06111006302,RES,RES1,W1,MC,RES1,m
149831,34.2034007,-118.5401318,360,95750.87,W1-m-RES1-DF,06037131023,RES,RES1,W1,MC,RES1,m
149874,34.2501205,-118.4331362,360,171988.8,W1-m-RES1-DF,06037119003,RES,RES1,W1,MC,RES1,m
149952,32.79689,-116.9593243,360,27124.56,W1-m-RES1-DF,06073015801,RES,RES1,W1,MC,RES1,m
150021,33.7848357,-117.9757201,360,277495.4,W1-m-RES1-DF,06059088105,RES,RES1,W1,MC,RES1,m
150057,38.7237694,-121.2543801,360,291462.0,W1-m-RES1-DF,06061020715,RES,RES1,W1,MC,RES1,m
150187,37.4004175,-122.0571846,360,190452.9,W1-m-RES1-DF,06085509108,RES,RES1,W1,MC,RES1,m
150290,34.2875307,-119.271059,360,291276.7,W1-m-RES1-DF,06111002000,RES,RES1,W1,MC,RES1,m
150357,38.3307724,-122.330222,360,247753.3,W1-m-RES1-DF,06055200706,RES,RES1,W1,MC,RES1,m
150404,37.5480176,-122.3482411,360,1333686.0,W1-m-RES1-DF,06081605700,RES,RES1,W1,MC,RES1,m
150446,34.0339126,-118.4268131,360,190131.6,W1-m-RES1-DF,06037271100,RES,RES1,W1,MC,RES1,m
150486,37.340185,-121.8319402,360,125495.0,W1-m-RES1-DF,06085503507,RES,RES1,W1,MC,RES1,m
150539,33.8774101,-118.0038989,360,67520.64,W1-m-RES1-DF,06059110606,RES,RES1,W1,MC,RES1,m
150637,37.3547002,-121.8469654,360,65522.82,W1-m-RES1-DF,06085503710,RES,RES1,W1,MC,RES1,m
150693,37.2982903,-122.0593721,360,934442.4,W1-m-RES1-DF,06085507702,RES,RES1,W1,MC,RES1,m
150752,34.066049,-118.2741645,360,6550.41,W1-m-RES1-DF,06037208502,RES,RES1,W1,MC,RES1,m
150864,37.653267,-121.9307573,360,417874.3,W1-m-RES1-DF,06001450601,RES,RES1,W1,MC,RES1,m
150932,34.0679641,-118.1291575,360,111346.7,W1-m-RES1-DF,06037481713,RES,RES1,W1,MC,RES1,m
150965,34.3287866,-116.4246234,360,131615.5,W1-m-RES1-DF,06071010436,RES,RES1,W1,MC,RES1,m
151131,37.6506863,-121.7861589,360,407989.7,W1-m-RES1-DF,06001451102,RES,RES1,W1,MC,RES1,m
151182,37.6835184,-120.9487825,360,931932.9,W1-m-RES1-DF,06099000914,RES,RES1,W1,MC,RES1,m
151256,34.9679986,-120.5809879,360,128158.6,W1-m-RES1-DF,06083002504,RES,RES1,W1,MC,RES1,m
151413,32.7240567,-117.1717549,360,84794.13,W1-m-RES1-DF,06073005802,RES,RES1,W1,MC,RES1,m
151493,37.5499103,-121.9629333,360,12368.2,W1-m-RES1-DF,06001441928,RES,RES1,W1,MC,RES1,m
151568,36.0893252,-119.0618748,360,576778.0,W1-m-RES1-DF,06107003503,RES,RES1,W1,MC,RES1,m
151632,33.9741892,-118.3617818,360,59071.07,W1-m-RES1-DF,06037601303,RES,RES1,W1,MC,RES1,m
151740,33.9898752,-118.1951817,360,45014.31,W1-m-RES1-DF,06037533402,RES,RES1,W1,MC,RES1,m
151861,33.195293,-117.2174758,360,250545.5,W1-m-RES1-DF,06073019602,RES,RES1,W1,MC,RES1,m
151913,36.9957856,-121.9990708,360,226674.5,W1-m-RES1-DF,06087100100,RES,RES1,W1,MC,RES1,m
151941,34.0339136,-117.6439434,360,25031.02,W1-m-RES1-DF,06071001810,RES,RES1,W1,MC,RES1,m
152011,37.6618014,-122.4064186,360,62876.58,W1-m-RES1-DF,06081602100,RES,RES1,W1,MC,RES1,m
152067,33.9709274,-117.333312,360,724.2,W1-m-RES1-DF,06065046501,RES,RES1,W1,MC,RES1,m
152300,32.7293439,-117.1642626,360,72379.97,W1-m-RES1-DF,06073005900,RES,RES1,W1,MC,RES1,m
152394,39.157468,-121.5813206,360,256105.0,W1-m-RES1-DF,06115040201,RES,RES1,W1,MC,RES1,m
152474,33.6619896,-117.9136205,360,312381.0,W1-m-RES1-DF,06059063905,RES,RES1,W1,MC,RES1,m
152541,35.3180791,-119.1187516,360,128148.2,W1-m-RES1-DF,06029002820,RES,RES1,W1,MC,RES1,m
152651,33.5598275,-117.1447884,360,45269.9,W1-m-RES1-DF,06065043209,RES,RES1,W1,MC,RES1,m
152713,34.0472694,-118.1133924,360,563752.5,W1-m-RES1-DF,06037482600,RES,RES1,W1,MC,RES1,m
152827,38.6968026,-121.3901307,360,87334.75,W1-m-RES1-DF,06067007435,RES,RES1,W1,MC,RES1,m
152947,34.535916,-117.3009281,360,153070.9,W1-m-RES1-DF,06071009800,RES,RES1,W1,MC,RES1,m
153040,33.8838462,-118.138274,360,184177.5,W1-m-RES1-DF,06037554201,RES,RES1,W1,MC,RES1,m
153167,37.8787769,-122.4496504,360,949960.9,W1-m-RES1-DF,06041124200,RES,RES1,W1,MC,RES1,m
153268,33.7164015,-116.2818505,360,110834.9,W1-m-RES1-DF,06065045235,RES,RES1,W1,MC,RES1,m
153297,36.3093776,-119.259382,360,377096.0,W1-m-RES1-DF,06107001705,RES,RES1,W1,MC,RES1,m
153379,34.0944222,-118.3124771,360,4630.0,W1-m-RES1-DF,06037190901,RES,RES1,W1,MC,RES1,m
153505,38.2544898,-122.6179426,360,460611.9,W1-m-RES1-DF,06097150603,RES,RES1,W1,MC,RES1,m
153666,34.4088728,-118.8702018,360,259579.6,W1-m-RES1-DF,06111000302,RES,RES1,W1,MC,RES1,m
153757,39.8313724,-121.0253109,360,205729.0,W1-m-RES1-DF,06063000202,RES,RES1,W1,MC,RES1,m
153959,37.6683795,-121.7607445,360,323258.1,W1-m-RES1-DF,06001451601,RES,RES1,W1,MC,RES1,m
154071,39.0927123,-121.6042328,360,449116.0,W1-m-RES1-DF,06101050403,RES,RES1,W1,MC,RES1,m
154132,33.6175251,-117.8565189,360,547913.1,W1-m-RES1-DF,06059062658,RES,RES1,W1,MC,RES1,m
154346,37.3774027,-122.1116665,360,719511.3,W1-m-RES1-DF,06085510300,RES,RES1,W1,MC,RES1,m
154447,33.186867,-117.2637885,360,55221.41,W1-m-RES1-DF,06073019701,RES,RES1,W1,MC,RES1,m
154503,34.65049,-120.4677497,360,77712.53,W1-m-RES1-DF,06083002705,RES,RES1,W1,MC,RES1,m
154582,34.1225069,-118.1817872,360,177374.1,W1-m-RES1-DF,06037183101,RES,RES1,W1,MC,RES1,m
154672,35.7285234,-117.7286991,360,118613.0,W1-m-RES1-DF,06029005300,RES,RES1,W1,MC,RES1,m
154749,33.8506272,-117.8977733,360,247877.4,W1-m-RES1-DF,06059086404,RES,RES1,W1,MC,RES1,m
154793,33.7370585,-117.8798552,360,83190.79,W1-m-RES1-DF,06059074902,RES,RES1,W1,MC,RES1,m
154872,37.4092345,-122.1006445,360,319598.4,W1-m-RES1-DF,06085509302,RES,RES1,W1,MC,RES1,m
154922,34.1651251,-117.9854038,360,562720.8,W1-m-RES1-DF,06037430301,RES,RES1,W1,MC,RES1,m
155040,34.1563069,-118.4629615,360,160173.0,W1-m-RES1-DF,06037141305,RES,RES1,W1,MC,RES1,m
155111,33.8086237,-116.4712229,360,23614.27,W1-m-RES1-DF,06065044907,RES,RES1,W1,MC,RES1,m
155160,38.3446313,-121.9249586,360,64566.15,W1-m-RES1-DF,06095252909,RES,RES1,W1,MC,RES1,m
155236,33.9558395,-118.027457,360,342731.1,W1-m-RES1-DF,06037501900,RES,RES1,W1,MC,RES1,m
155295,34.0410698,-117.6905816,360,102204.0,W1-m-RES1-DF,06071000404,RES,RES1,W1,MC,RES1,m
155347,38.558498,-121.7011282,360,370428.0,W1-m-RES1-DF,06113010605,RES,RES1,W1,MC,RES1,m
155402,34.2382399,-118.651652,360,71861.67,W1-m-RES1-DF,06037113235,RES,RES1,W1,MC,RES1,m
155427,37.9696018,-122.0398238,360,19417.41,W1-m-RES1-DF,06013336104,RES,RES1,W1,MC,RES1,m
155715,34.1929074,-119.1669539,360,65843.05,W1-m-RES1-DF,06111009100,RES,RES1,W1,MC,RES1,m
155815,37.3782599,-122.1319059,360,956544.0,W1-m-RES1-DF,06085511701,RES,RES1,W1,MC,RES1,m
155892,37.9831992,-122.2501115,360,739324.9,W1-m-RES1-DF,06013359202,RES,RES1,W1,MC,RES1,m
155928,38.4238205,-121.4660343,360,463936.0,W1-m-RES1-DF,06067009644,RES,RES1,W1,MC,RES1,m
155999,34.0380811,-117.7562292,360,223830.1,W1-m-RES1-DF,06037403000,RES,RES1,W1,MC,RES1,m
156090,32.7769902,-115.4889457,360,70500.0,W1-m-RES1-DF,06025011303,RES,RES1,W1,MC,RES1,m
156153,37.6593216,-120.9333452,360,519774.0,W1-m-RES1-DF,06099000906,RES,RES1,W1,MC,RES1,m
156259,38.6163928,-121.4222802,360,117180.5,W1-m-RES1-DF,06067006202,RES,RES1,W1,MC,RES1,m
156322,33.0348018,-116.7876255,360,39212.2,W1-m-RES1-DF,06073020810,RES,RES1,W1,MC,RES1,m
156393,39.1622742,-123.2161465,360,237983.2,W1-m-RES1-DF,06045011501,RES,RES1,W1,MC,RES1,m
156453,33.9623741,-117.9739695,360,301666.6,W1-m-RES1-DF,06037500204,RES,RES1,W1,MC,RES1,m
156496,34.2711982,-118.4804333,360,284960.6,W1-m-RES1-DF,06037109300,RES,RES1,W1,MC,RES1,m
156539,34.4356652,-118.4274136,360,115421.7,W1-m-RES1-DF,06037920040,RES,RES1,W1,MC,RES1,m
156591,35.3273754,-119.070111,360,8171.84,W1-m-RES1-DF,06029002817,RES,RES1,W1,MC,RES1,m
156650,33.237618,-117.3334798,360,53872.35,W1-m-RES1-DF,06073018613,RES,RES1,W1,MC,RES1,m
156709,33.8789437,-118.3487271,360,80485.62,W1-m-RES1-DF,06037604102,RES,RES1,W1,MC,RES1,m
156793,34.0718278,-117.3146188,360,89482.4,W1-m-RES1-DF,06071007002,RES,RES1,W1,MC,RES1,m
156921,35.3614351,-118.9631621,360,95478.62,W1-m-RES1-DF,06029002305,RES,RES1,W1,MC,RES1,m
157002,33.812654,-116.5369599,360,94252.25,W1-m-RES1-DF,06065044806,RES,RES1,W1,MC,RES1,m
157146,34.1661153,-118.6402345,360,687043.1,W1-m-RES1-DF,06037137000,RES,RES1,W1,MC,RES1,m
157183,33.8932111,-118.199065,360,89595.0,W1-m-RES1-DF,06037542105,RES,RES1,W1,MC,RES1,m
157312,33.8785017,-117.5888243,360,19068.57,W1-m-RES1-DF,06065041703,RES,RES1,W1,MC,RES1,m
157449,35.2610042,-119.000668,360,89471.25,W1-m-RES1-DF,06029003215,RES,RES1,W1,MC,RES1,m
157517,37.7208227,-121.8911768,360,46067.16,W1-m-RES1-DF,06001450102,RES,RES1,W1,MC,RES1,m
157574,33.9817876,-118.3286609,360,15199.8,W1-m-RES1-DF,06037234901,RES,RES1,W1,MC,RES1,m
157702,34.1757824,-118.3833988,360,88450.88,W1-m-RES1-DF,06037124102,RES,RES1,W1,MC,RES1,m
157809,37.248099,-121.5279664,360,218204.4,W1-m-RES1-DF,06085513500,RES,RES1,W1,MC,RES1,m
157880,33.7874696,-118.2479267,360,75332.88,W1-m-RES1-DF,06037294620,RES,RES1,W1,MC,RES1,m
157961,37.2774484,-121.853732,360,65510.94,W1-m-RES1-DF,06085503116,RES,RES1,W1,MC,RES1,m
158057,33.8102754,-117.9801356,360,166919.3,W1-m-RES1-DF,06059087805,RES,RES1,W1,MC,RES1,m
158130,35.1186685,-118.4438724,360,154341.6,W1-m-RES1-DF,06029006102,RES,RES1,W1,MC,RES1,m
158215,37.7909447,-122.240953,360,66666.46,W1-m-RES1-DF,06001405902,RES,RES1,W1,MC,RES1,m
158369,33.8355154,-118.232875,360,361725.1,W1-m-RES1-DF,06037543306,RES,RES1,W1,MC,RES1,m
158469,37.9660275,-122.3355517,360,247603.2,W1-m-RES1-DF,06013367200,RES,RES1,W1,MC,RES1,m
158535,34.1285937,-117.9800384,360,179289.4,W1-m-RES1-DF,06037430102,RES,RES1,W1,MC,RES1,m
158558,34.0925672,-118.5343628,360,13602.6,W1-m-RES1-DF,06037980019,RES,RES1,W1,MC,RES1,m
158620,33.7932987,-118.1757271,360,45124.29,W1-m-RES1-DF,06037573300,RES,RES1,W1,MC,RES1,m
158682,34.0673148,-117.8138235,360,62991.23,W1-m-RES1-DF,06037401303,RES,RES1,W1,MC,RES1,m
158760,36.9550263,-122.0333899,360,443919.6,W1-m-RES1-DF,06087101100,RES,RES1,W1,MC,RES1,m
158896,34.1519263,-118.1144873,360,259683.9,W1-m-RES1-DF,06037462700,RES,RES1,W1,MC,RES1,m
159051,32.8351887,-116.9721871,360,126134.6,W1-m-RES1-DF,06073016617,RES,RES1,W1,MC,RES1,m
159131,37.3820251,-122.0620648,360,31190.51,W1-m-RES1-DF,06085509111,RES,RES1,W1,MC,RES1,m
159310,32.9301307,-117.0679405,360,14502.6,W1-m-RES1-DF,06073017045,RES,RES1,W1,MC,RES1,m
159408,32.9495005,-117.2310555,360,209959.1,W1-m-RES1-DF,06073008369,RES,RES1,W1,MC,RES1,m
159516,33.7863532,-118.200174,360,7585.498,W1-m-RES1-DF,06037575401,RES,RES1,W1,MC,RES1,m
159581,36.0730813,-119.0618557,360,414451.0,W1-m-RES1-DF,06107003601,RES,RES1,W1,MC,RES1,m
159669,38.6063736,-121.2771388,360,233594.5,W1-m-RES1-DF,06067008908,RES,RES1,W1,MC,RES1,m
159734,34.1937075,-118.3748665,360,38957.0,W1-m-RES1-DF,06037123206,RES,RES1,W1,MC,RES1,m
159785,33.7847215,-118.0198654,360,261654.1,W1-m-RES1-DF,06059110003,RES,RES1,W1,MC,RES1,m
159824,33.730917,-117.8955124,360,242191.3,W1-m-RES1-DF,06059074701,RES,RES1,W1,MC,RES1,m
159880,37.5184093,-121.9748369,360,671910.8,W1-m-RES1-DF,06001442900,RES,RES1,W1,MC,RES1,m
159965,37.6223838,-121.0038051,360,188969.0,W1-m-RES1-DF,06099002200,RES,RES1,W1,MC,RES1,m
160024,34.0373857,-118.3505694,360,69563.34,W1-m-RES1-DF,06037218500,RES,RES1,W1,MC,RES1,m
160072,33.943773,-117.2347523,360,43190.4,W1-m-RES1-DF,06065042404,RES,RES1,W1,MC,RES1,m
160104,34.646478,-120.5681172,360,81526.73,W1-m-RES1-DF,06083980200,RES,RES1,W1,MC,RES1,m
160149,37.6912321,-121.78425,360,263746.6,W1-m-RES1-DF,06001451403,RES,RES1,W1,MC,RES1,m
160226,37.6496912,-120.9941513,360,257938.0,W1-m-RES1-DF,06099001200,RES,RES1,W1,MC,RES1,m
160308,33.912792,-118.2869267,360,57010.46,W1-m-RES1-DF,06037291120,RES,RES1,W1,MC,RES1,m
160394,32.6421041,-117.1094056,360,42076.2,W1-m-RES1-DF,06073012502,RES,RES1,W1,MC,RES1,m
160487,37.584981,-120.9580148,360,171411.0,W1-m-RES1-DF,06099002503,RES,RES1,W1,MC,RES1,m
160593,35.3430846,-119.0304638,360,131264.8,W1-m-RES1-DF,06029002701,RES,RES1,W1,MC,RES1,m
160716,34.2358383,-118.5796232,360,110913.5,W1-m-RES1-DF,06037113426,RES,RES1,W1,MC,RES1,m
160741,37.7426742,-121.4671708,360,556019.8,W1-m-RES1-DF,06077005211,RES,RES1,W1,MC,RES1,m
160807,34.2029146,-118.5917267,360,88430.13,W1-m-RES1-DF,06037134001,RES,RES1,W1,MC,RES1,m
160966,39.5937898,-121.8461303,360,648489.9,W1-m-RES1-DF,06007001500,RES,RES1,W1,MC,RES1,m
161017,34.4784196,-117.2037853,360,18063.03,W1-m-RES1-DF,06071009720,RES,RES1,W1,MC,RES1,m
161049,36.8554456,-119.794095,360,114237.0,W1-m-RES1-DF,06019004410,RES,RES1,W1,MC,RES1,m
161133,37.160449,-121.9417467,360,555063.1,W1-m-RES1-DF,06085511800,RES,RES1,W1,MC,RES1,m
161194,38.493451,-121.5106637,360,343665.6,W1-m-RES1-DF,06067004013,RES,RES1,W1,MC,RES1,m
161238,41.5444392,-122.3840626,360,472465.8,W1-m-RES1-DF,06093000902,RES,RES1,W1,MC,RES1,m
161599,32.8259845,-117.141589,360,117641.3,W1-m-RES1-DF,06073008511,RES,RES1,W1,MC,RES1,m
161677,34.2336803,-117.2345653,360,102394.5,W1-m-RES1-DF,06071011004,RES,RES1,W1,MC,RES1,m
161719,33.8217138,-117.0200534,360,49122.45,W1-m-RES1-DF,06065043517,RES,RES1,W1,MC,RES1,m
161751,33.9972756,-117.3518996,360,36931.43,W1-m-RES1-DF,06065030101,RES,RES1,W1,MC,RES1,m
161788,33.8322224,-118.3675832,360,518958.0,W1-m-RES1-DF,06037650702,RES,RES1,W1,MC,RES1,m
161842,33.6412824,-117.661318,360,265057.0,W1-m-RES1-DF,06059032030,RES,RES1,W1,MC,RES1,m
161892,37.7711951,-122.1646018,360,401584.0,W1-m-RES1-DF,06001408300,RES,RES1,W1,MC,RES1,m
161939,34.0950599,-118.2170631,360,154411.6,W1-m-RES1-DF,06037185202,RES,RES1,W1,MC,RES1,m
162062,37.1289484,-122.1354468,360,503092.8,W1-m-RES1-DF,06087120400,RES,RES1,W1,MC,RES1,m
162222,33.9335724,-118.2196231,360,139781.3,W1-m-RES1-DF,06037540300,RES,RES1,W1,MC,RES1,m
162269,37.2129865,-121.8693977,360,632983.2,W1-m-RES1-DF,06085511910,RES,RES1,W1,MC,RES1,m
162300,37.6690407,-122.1375296,360,407855.0,W1-m-RES1-DF,06001436000,RES,RES1,W1,MC,RES1,m
162368,40.4542911,-120.5896112,360,178022.0,W1-m-RES1-DF,06035040303,RES,RES1,W1,MC,RES1,m
162469,34.1584908,-118.2746677,360,157439.0,W1-m-RES1-DF,06037301701,RES,RES1,W1,MC,RES1,m
162607,40.8076485,-124.1112674,360,380601.0,W1-m-RES1-DF,06023000800,RES,RES1,W1,MC,RES1,m
162673,33.8106404,-117.9305408,360,221365.6,W1-m-RES1-DF,06059087505,RES,RES1,W1,MC,RES1,m
162792,37.5077834,-122.2658726,360,231425.8,W1-m-RES1-DF,06081609202,RES,RES1,W1,MC,RES1,m
162858,33.9861341,-117.5316346,360,4787.38,W1-m-RES1-DF,06065040604,RES,RES1,W1,MC,RES1,m
162892,34.0126054,-118.3235438,360,266406.0,W1-m-RES1-DF,06037234001,RES,RES1,W1,MC,RES1,m
162945,34.1939312,-118.8516652,360,489096.6,W1-m-RES1-DF,06111007201,RES,RES1,W1,MC,RES1,m
163034,38.6081064,-122.8145185,360,299415.4,W1-m-RES1-DF,06097153905,RES,RES1,W1,MC,RES1,m
163186,38.6759691,-121.175736,360,209537.5,W1-m-RES1-DF,06067008404,RES,RES1,W1,MC,RES1,m
163253,34.1488475,-118.2387735,360,41592.61,W1-m-RES1-DF,06037302004,RES,RES1,W1,MC,RES1,m
163356,36.976738,-121.9431108,360,156312.8,W1-m-RES1-DF,06087121801,RES,RES1,W1,MC,RES1,m
163467,34.1275266,-117.9041106,360,102789.0,W1-m-RES1-DF,06037404301,RES,RES1,W1,MC,RES1,m
163834,34.0003294,-118.1463431,360,126512.1,W1-m-RES1-DF,06037532303,RES,RES1,W1,MC,RES1,m
163894,37.979641,-122.5758726,360,413446.5,W1-m-RES1-DF,06041116000,RES,RES1,W1,MC,RES1,m
163941,33.9414237,-118.1143227,360,300707.5,W1-m-RES1-DF,06037551002,RES,RES1,W1,MC,RES1,m
164008,36.8336494,-119.7210292,360,454573.0,W1-m-RES1-DF,06019005606,RES,RES1,W1,MC,RES1,m
164097,34.0569255,-118.3379721,360,179287.9,W1-m-RES1-DF,06037216100,RES,RES1,W1,MC,RES1,m
164236,34.4848736,-117.1641151,360,85451.06,W1-m-RES1-DF,06071009712,RES,RES1,W1,MC,RES1,m
164325,36.6843587,-121.6342814,360,85032.3,W1-m-RES1-DF,06053000502,RES,RES1,W1,MC,RES1,m
164412,36.8617477,-121.4226066,360,48269.52,W1-m-RES1-DF,06069000300,RES,RES1,W1,MC,RES1,m
164503,37.908179,-122.3436635,360,26376.15,W1-m-RES1-DF,06013380001,RES,RES1,W1,MC,RES1,m
164616,34.4366701,-119.7840864,360,321838.2,W1-m-RES1-DF,06083003005,RES,RES1,W1,MC,RES1,m
164719,32.5991877,-117.0722502,360,67165.95,W1-m-RES1-DF,06073013206,RES,RES1,W1,MC,RES1,m
164803,33.8209946,-118.3675156,360,617837.1,W1-m-RES1-DF,06037651201,RES,RES1,W1,MC,RES1,m
164889,33.9984361,-117.8239765,360,301125.9,W1-m-RES1-DF,06037403323,RES,RES1,W1,MC,RES1,m
164975,34.0873245,-117.7243424,360,183720.0,W1-m-RES1-DF,06037402001,RES,RES1,W1,MC,RES1,m
165027,33.9516995,-117.4726482,360,144709.3,W1-m-RES1-DF,06065041002,RES,RES1,W1,MC,RES1,m
165076,37.8194378,-121.2217165,360,222506.9,W1-m-RES1-DF,06077005126,RES,RES1,W1,MC,RES1,m
165160,33.7537203,-117.7856485,360,886306.0,W1-m-RES1-DF,06059075606,RES,RES1,W1,MC,RES1,m
165395,33.5068418,-117.6615037,360,460703.0,W1-m-RES1-DF,06059042312,RES,RES1,W1,MC,RES1,m
165471,37.7425282,-122.4978589,360,645967.0,W1-m-RES1-DF,06075035300,RES,RES1,W1,MC,RES1,m
165529,34.1993163,-118.4797991,360,58529.52,W1-m-RES1-DF,06037127604,RES,RES1,W1,MC,RES1,m
165591,33.7336236,-118.3123901,360,234727.4,W1-m-RES1-DF,06037297001,RES,RES1,W1,MC,RES1,m
165659,33.7118461,-117.7722976,360,128570.1,W1-m-RES1-DF,06059052533,RES,RES1,W1,MC,RES1,m
165717,35.4289772,-119.136883,360,39570.05,W1-m-RES1-DF,06029003814,RES,RES1,W1,MC,RES1,m
165741,32.6499238,-116.977811,360,38135.3,W1-m-RES1-DF,06073013418,RES,RES1,W1,MC,RES1,m
165879,34.1591455,-118.6108388,360,545927.6,W1-m-RES1-DF,06037137401,RES,RES1,W1,MC,RES1,m
165943,37.9411316,-122.4920858,360,882.18,W1-m-RES1-DF,06041122000,RES,RES1,W1,MC,RES1,m
165981,37.9340884,-122.312203,360,774340.8,W1-m-RES1-DF,06013384000,RES,RES1,W1,MC,RES1,m
166018,37.6436041,-120.9345313,360,234969.0,W1-m-RES1-DF,06099002005,RES,RES1,W1,MC,RES1,m
166078,33.8741129,-118.069656,360,414332.5,W1-m-RES1-DF,06037554514,RES,RES1,W1,MC,RES1,m
166172,33.7710918,-117.9771951,360,167084.8,W1-m-RES1-DF,06059088801,RES,RES1,W1,MC,RES1,m
166241,35.4298571,-119.1154677,360,260321.4,W1-m-RES1-DF,06029000510,RES,RES1,W1,MC,RES1,m
166287,34.0241996,-118.2622815,360,17481.39,W1-m-RES1-DF,06037226410,RES,RES1,W1,MC,RES1,m
166365,32.950734,-117.1857183,360,557417.4,W1-m-RES1-DF,06073021502,RES,RES1,W1,MC,RES1,m
166447,37.7370495,-122.3901596,360,162747.3,W1-m-RES1-DF,06075061200,RES,RES1,W1,MC,RES1,m
166560,34.2573786,-118.3554785,360,468667.1,W1-m-RES1-DF,06037103300,RES,RES1,W1,MC,RES1,m
166582,33.6939752,-117.7453018,360,13475.35,W1-m-RES1-DF,06059052432,RES,RES1,W1,MC,RES1,m
166673,37.7964984,-122.4142913,360,116667.0,W1-m-RES1-DF,06075010800,RES,RES1,W1,MC,RES1,m
166820,37.3010965,-121.9070616,360,393380.3,W1-m-RES1-DF,06085502301,RES,RES1,W1,MC,RES1,m
166923,37.8906499,-122.3181164,360,137000.2,W1-m-RES1-DF,06001420302,RES,RES1,W1,MC,RES1,m
167009,37.2953016,-121.8591564,360,87236.56,W1-m-RES1-DF,06085503126,RES,RES1,W1,MC,RES1,m
167097,37.6937351,-121.058429,360,362527.0,W1-m-RES1-DF,06099000503,RES,RES1,W1,MC,RES1,m
167196,33.960905,-118.0477931,360,127666.0,W1-m-RES1-DF,06037502004,RES,RES1,W1,MC,RES1,m
167271,37.7710407,-122.2067479,360,98086.0,W1-m-RES1-DF,06001407400,RES,RES1,W1,MC,RES1,m
167406,36.246079,-121.0176253,360,43454.59,W1-m-RES1-DF,06053011305,RES,RES1,W1,MC,RES1,m
167484,37.9455756,-121.9580586,360,349763.4,W1-m-RES1-DF,06013355310,RES,RES1,W1,MC,RES1,m
167517,33.7725789,-118.3974716,360,804124.3,W1-m-RES1-DF,06037670413,RES,RES1,W1,MC,RES1,m
167542,32.5688881,-117.0803945,360,4093.81,W1-m-RES1-DF,06073010112,RES,RES1,W1,MC,RES1,m
167605,34.0736606,-118.139349,360,112410.5,W1-m-RES1-DF,06037480903,RES,RES1,W1,MC,RES1,m
167663,33.8522106,-116.5368326,360,206119.1,W1-m-RES1-DF,06065941300,RES,RES1,W1,MC,RES1,m
167744,34.0545499,-118.4815022,360,800216.5,W1-m-RES1-DF,06037264000,RES,RES1,W1,MC,RES1,m
167781,33.9193799,-117.5003176,360,124746.3,W1-m-RES1-DF,06065040903,RES,RES1,W1,MC,RES1,m
167868,32.7677269,-117.1885238,360,197231.6,W1-m-RES1-DF,06073009107,RES,RES1,W1,MC,RES1,m
167928,37.7613995,-122.5061469,360,190177.8,W1-m-RES1-DF,06075035202,RES,RES1,W1,MC,RES1,m
168032,33.9724728,-118.195066,360,77448.42,W1-m-RES1-DF,06037533603,RES,RES1,W1,MC,RES1,m
168094,33.8758732,-118.3390297,360,136635.5,W1-m-RES1-DF,06037650003,RES,RES1,W1,MC,RES1,m
168163,32.7286748,-116.9525333,360,112158.0,W1-m-RES1-DF,06073013506,RES,RES1,W1,MC,RES1,m
168235,37.2882247,-122.0182492,360,1121673.0,W1-m-RES1-DF,06085507401,RES,RES1,W1,MC,RES1,m
168263,37.2469505,-121.7969833,360,15803.88,W1-m-RES1-DF,06085512058,RES,RES1,W1,MC,RES1,m
168365,36.5525118,-121.8877967,360,447895.4,W1-m-RES1-DF,06053011605,RES,RES1,W1,MC,RES1,m
168448,37.333456,-121.8709378,360,123696.5,W1-m-RES1-DF,06085501601,RES,RES1,W1,MC,RES1,m
168495,40.5431595,-122.3229098,360,505775.0,W1-m-RES1-DF,06089011402,RES,RES1,W1,MC,RES1,m
168524,34.6789817,-118.0721979,360,59309.6,W1-m-RES1-DF,06037900508,RES,RES1,W1,MC,RES1,m
168569,33.9771678,-118.3411003,360,132816.0,W1-m-RES1-DF,06037600912,RES,RES1,W1,MC,RES1,m
168646,34.1549625,-118.1270033,360,84920.24,W1-m-RES1-DF,06037462301,RES,RES1,W1,MC,RES1,m
168753,37.903484,-122.0398813,360,580402.3,W1-m-RES1-DF,06013343002,RES,RES1,W1,MC,RES1,m
168866,34.292404,-118.4244249,360,141630.3,W1-m-RES1-DF,06037320102,RES,RES1,W1,MC,RES1,m
168949,34.1631614,-118.2724011,360,193990.9,W1-m-RES1-DF,06037301206,RES,RES1,W1,MC,RES1,m
169012,34.0780801,-117.7254183,360,272397.8,W1-m-RES1-DF,06037402703,RES,RES1,W1,MC,RES1,m
169084,39.7368926,-121.8495873,360,48193.7,W1-m-RES1-DF,06007000603,RES,RES1,W1,MC,RES1,m
169169,33.9745905,-117.4836128,360,121634.4,W1-m-RES1-DF,06065040402,RES,RES1,W1,MC,RES1,m
169255,34.0977085,-118.34133,360,18772.19,W1-m-RES1-DF,06037190102,RES,RES1,W1,MC,RES1,m
169395,38.0060117,-122.5832526,360,1280525.0,W1-m-RES1-DF,06041115000,RES,RES1,W1,MC,RES1,m
169525,33.9818234,-118.3220826,360,167962.4,W1-m-RES1-DF,06037234800,RES,RES1,W1,MC,RES1,m
169614,32.7713214,-117.0352723,360,35279.7,W1-m-RES1-DF,06073014806,RES,RES1,W1,MC,RES1,m
169676,38.4120092,-121.441457,360,570648.0,W1-m-RES1-DF,06067009617,RES,RES1,W1,MC,RES1,m
169730,35.3909803,-118.9988901,360,179244.4,W1-m-RES1-DF,06029000701,RES,RES1,W1,MC,RES1,m
169793,38.6834922,-121.465714,360,327959.3,W1-m-RES1-DF,06067007208,RES,RES1,W1,MC,RES1,m
169867,37.7708668,-122.4449409,360,39619.62,W1-m-RES1-DF,06075016601,RES,RES1,W1,MC,RES1,m
170035,38.6506226,-121.1293034,360,333274.0,W1-m-RES1-DF,06067008507,RES,RES1,W1,MC,RES1,m
170091,35.2886404,-118.9986461,360,315157.9,W1-m-RES1-DF,06029003208,RES,RES1,W1,MC,RES1,m
170191,38.0053331,-121.7994409,360,317313.9,W1-m-RES1-DF,06013306003,RES,RES1,W1,MC,RES1,m
170282,34.0683644,-118.2660132,360,14687.67,W1-m-RES1-DF,06037208402,RES,RES1,W1,MC,RES1,m
170337,38.0244534,-121.3514914,360,232621.0,W1-m-RES1-DF,06077003216,RES,RES1,W1,MC,RES1,m
170358,33.9539269,-117.2395681,360,49848.04,W1-m-RES1-DF,06065042407,RES,RES1,W1,MC,RES1,m
170449,34.00884,-117.8115666,360,314263.5,W1-m-RES1-DF,06037403319,RES,RES1,W1,MC,RES1,m
170515,37.5569619,-122.0212342,360,499403.5,W1-m-RES1-DF,06001441602,RES,RES1,W1,MC,RES1,m
170584,39.068005,-121.1014847,360,340175.6,W1-m-RES1-DF,06057000105,RES,RES1,W1,MC,RES1,m
170692,38.420539,-121.2944057,360,728611.1,W1-m-RES1-DF,06067009336,RES,RES1,W1,MC,RES1,m
170727,38.5176604,-121.4600558,360,171694.7,W1-m-RES1-DF,06067004602,RES,RES1,W1,MC,RES1,m
170796,37.811425,-122.2322366,360,977330.0,W1-m-RES1-DF,06001405100,RES,RES1,W1,MC,RES1,m
170872,36.828991,-119.5870612,360,857066.9,W1-m-RES1-DF,06019005915,RES,RES1,W1,MC,RES1,m
170955,39.7589033,-121.5862872,360,52900.75,W1-m-RES1-DF,06007002000,RES,RES1,W1,MC,RES1,m
171026,38.4649426,-120.5707494,360,751673.8,W1-m-RES1-DF,06005000101,RES,RES1,W1,MC,RES1,m
171085,34.2073831,-118.3073649,360,813563.4,W1-m-RES1-DF,06037310100,RES,RES1,W1,MC,RES1,m
171128,34.055737,-117.9166732,360,490931.6,W1-m-RES1-DF,06037406601,RES,RES1,W1,MC,RES1,m
171263,36.2803804,-121.6972544,360,88209.92,W1-m-RES1-DF,06053011502,RES,RES1,W1,MC,RES1,m
171375,33.8139782,-118.3240422,360,416831.8,W1-m-RES1-DF,06037651002,RES,RES1,W1,MC,RES1,m
171518,34.2213174,-119.0154067,360,34652.43,W1-m-RES1-DF,06111005308,RES,RES1,W1,MC,RES1,m
171580,34.0074446,-118.2774651,360,31117.56,W1-m-RES1-DF,06037231800,RES,RES1,W1,MC,RES1,m
171651,37.766273,-122.2738461,360,233265.9,W1-m-RES1-DF,06001428600,RES,RES1,W1,MC,RES1,m
171752,38.3288734,-122.0010025,360,76508.81,W1-m-RES1-DF,06095253108,RES,RES1,W1,MC,RES1,m
171837,37.3845968,-121.8211354,360,623906.4,W1-m-RES1-DF,06085504201,RES,RES1,W1,MC,RES1,m
171892,37.7807761,-122.2102384,360,192710.0,W1-m-RES1-DF,06001407102,RES,RES1,W1,MC,RES1,m
172012,33.9124674,-117.5749589,360,320290.6,W1-m-RES1-DF,06065046602,RES,RES1,W1,MC,RES1,m
172156,34.2509896,-119.1655481,360,51350.76,W1-m-RES1-DF,06111005004,RES,RES1,W1,MC,RES1,m
172326,34.1830931,-118.3046921,360,32469.19,W1-m-RES1-DF,06037310704,RES,RES1,W1,MC,RES1,m
172419,33.8793633,-117.8934361,360,196192.9,W1-m-RES1-DF,06059011503,RES,RES1,W1,MC,RES1,m
172432,37.349706,-120.4837725,360,500411.0,W1-m-RES1-DF,06047001007,RES,RES1,W1,MC,RES1,m
172489,34.0465456,-118.022658,360,74037.63,W1-m-RES1-DF,06037434003,RES,RES1,W1,MC,RES1,m
172583,33.7375621,-117.9678007,360,303434.6,W1-m-RES1-DF,06059099222,RES,RES1,W1,MC,RES1,m
172653,34.174165,-118.1372082,360,201810.4,W1-m-RES1-DF,06037461501,RES,RES1,W1,MC,RES1,m
172738,33.6418498,-117.908706,360,263795.4,W1-m-RES1-DF,06059063202,RES,RES1,W1,MC,RES1,m
172825,35.2929428,-120.6565892,360,117925.7,W1-m-RES1-DF,06079010902,RES,RES1,W1,MC,RES1,m
172904,35.3496301,-119.0295124,360,131751.2,W1-m-RES1-DF,06029002702,RES,RES1,W1,MC,RES1,m
173006,33.9920177,-118.327561,360,277483.1,W1-m-RES1-DF,06037234600,RES,RES1,W1,MC,RES1,m
173115,33.576522,-117.7237995,360,71278.84,W1-m-RES1-DF,06059062637,RES,RES1,W1,MC,RES1,m
173174,33.9752682,-118.1791375,360,49825.71,W1-m-RES1-DF,06037533804,RES,RES1,W1,MC,RES1,m
173274,33.794128,-118.2898931,360,24307.29,W1-m-RES1-DF,06037294410,RES,RES1,W1,MC,RES1,m
173342,34.0702955,-118.0127154,360,40121.5,W1-m-RES1-DF,06037433305,RES,RES1,W1,MC,RES1,m
173428,34.1602,-118.4355988,360,292598.4,W1-m-RES1-DF,06037128704,RES,RES1,W1,MC,RES1,m
173488,33.8933016,-118.2965026,360,26501.3,W1-m-RES1-DF,06037603004,RES,RES1,W1,MC,RES1,m
173553,32.8047666,-117.2546785,360,143562.1,W1-m-RES1-DF,06073008003,RES,RES1,W1,MC,RES1,m
173623,35.1220493,-118.007949,360,131401.9,W1-m-RES1-DF,06029005508,RES,RES1,W1,MC,RES1,m
173735,34.4052646,-119.5173821,360,356723.3,W1-m-RES1-DF,06083001601,RES,RES1,W1,MC,RES1,m
173997,34.111855,-117.963614,360,45960.04,W1-m-RES1-DF,06037404600,RES,RES1,W1,MC,RES1,m
174169,34.0684224,-118.3820829,360,191530.3,W1-m-RES1-DF,06037700802,RES,RES1,W1,MC,RES1,m
174281,33.7957685,-117.9799125,360,293779.9,W1-m-RES1-DF,06059088001,RES,RES1,W1,MC,RES1,m
174329,34.0348166,-118.2959265,360,45826.01,W1-m-RES1-DF,06037221601,RES,RES1,W1,MC,RES1,m
174442,34.1622734,-118.3493174,360,239190.4,W1-m-RES1-DF,06037311400,RES,RES1,W1,MC,RES1,m
174549,36.8305138,-121.4128266,360,67998.06,W1-m-RES1-DF,06069000702,RES,RES1,W1,MC,RES1,m
174625,35.4094907,-119.1014197,360,134619.7,W1-m-RES1-DF,06029003806,RES,RES1,W1,MC,RES1,m
174668,33.9372442,-118.1606755,360,221340.6,W1-m-RES1-DF,06037551501,RES,RES1,W1,MC,RES1,m
174729,34.1293952,-117.3778763,360,131946.1,W1-m-RES1-DF,06071003506,RES,RES1,W1,MC,RES1,m
174766,37.2927274,-120.4990996,360,107056.6,W1-m-RES1-DF,06047001503,RES,RES1,W1,MC,RES1,m
174838,34.0782936,-118.1857852,360,125395.0,W1-m-RES1-DF,06037201401,RES,RES1,W1,MC,RES1,m
174919,37.8573281,-122.2842016,360,230421.5,W1-m-RES1-DF,06001423300,RES,RES1,W1,MC,RES1,m
175040,39.7577702,-121.8820647,360,574748.3,W1-m-RES1-DF,06007000404,RES,RES1,W1,MC,RES1,m
175106,33.7394656,-117.2214165,360,79031.59,W1-m-RES1-DF,06065042731,RES,RES1,W1,MC,RES1,m
175157,36.682091,-119.4417828,360,220752.5,W1-m-RES1-DF,06019006302,RES,RES1,W1,MC,RES1,m
175198,38.2769169,-121.3716467,360,168103.8,W1-m-RES1-DF,06067009501,RES,RES1,W1,MC,RES1,m
175272,37.8618284,-122.2490093,360,260348.6,W1-m-RES1-DF,06001423700,RES,RES1,W1,MC,RES1,m
175428,36.9693894,-122.0047204,360,261548.6,W1-m-RES1-DF,06087100900,RES,RES1,W1,MC,RES1,m
175563,38.6572651,-121.3509893,360,194562.7,W1-m-RES1-DF,06067007503,RES,RES1,W1,MC,RES1,m
175611,36.6969398,-121.604063,360,83627.28,W1-m-RES1-DF,06053010604,RES,RES1,W1,MC,RES1,m
175812,40.9204305,-121.4437132,360,282500.5,W1-m-RES1-DF,06089012702,RES,RES1,W1,MC,RES1,m
175884,37.2199919,-121.9979469,360,594036.8,W1-m-RES1-DF,06085507003,RES,RES1,W1,MC,RES1,m
175946,33.9279734,-118.0347279,360,130280.2,W1-m-RES1-DF,06037503105,RES,RES1,W1,MC,RES1,m
176056,38.7453927,-121.2762314,360,224352.0,W1-m-RES1-DF,06061020806,RES,RES1,W1,MC,RES1,m
176257,34.1640599,-118.5101001,360,578884.3,W1-m-RES1-DF,06037139600,RES,RES1,W1,MC,RES1,m
176318,37.7056085,-122.4922777,360,589589.0,W1-m-RES1-DF,06081600900,RES,RES1,W1,MC,RES1,m
176402,34.0592472,-118.0747627,360,71867.04,W1-m-RES1-DF,06037433602,RES,RES1,W1,MC,RES1,m
176490,34.1687001,-118.9463969,360,532018.9,W1-m-RES1-DF,06111005901,RES,RES1,W1,MC,RES1,m
176524,34.4027575,-117.6297819,360,78487.29,W1-m-RES1-DF,06071009121,RES,RES1,W1,MC,RES1,m
176552,33.99336,-117.4427252,360,191131.7,W1-m-RES1-DF,06065040302,RES,RES1,W1,MC,RES1,m
176683,37.5935809,-120.8748334,360,497074.0,W1-m-RES1-DF,06099002903,RES,RES1,W1,MC,RES1,m
176781,37.8485452,-122.2647353,360,175603.2,W1-m-RES1-DF,06001400500,RES,RES1,W1,MC,RES1,m
176883,34.030982,-118.2124516,360,73649.07,W1-m-RES1-DF,06037204700,RES,RES1,W1,MC,RES1,m
176925,33.9227363,-117.2393879,360,31592.4,W1-m-RES1-DF,06065042516,RES,RES1,W1,MC,RES1,m
177132,37.5973795,-122.3682086,360,242245.4,W1-m-RES1-DF,06081605100,RES,RES1,W1,MC,RES1,m
177270,37.5208244,-122.2883185,360,981504.2,W1-m-RES1-DF,06081608700,RES,RES1,W1,MC,RES1,m
177354,33.7548946,-117.8902562,360,198014.8,W1-m-RES1-DF,06059075202,RES,RES1,W1,MC,RES1,m
177448,33.8295224,-118.068418,360,70266.4,W1-m-RES1-DF,06037555212,RES,RES1,W1,MC,RES1,m
177495,36.7708251,-120.4178637,360,85302.08,W1-m-RES1-DF,06019008303,RES,RES1,W1,MC,RES1,m
177575,33.8019004,-118.1433453,360,80333.55,W1-m-RES1-DF,06037574202,RES,RES1,W1,MC,RES1,m
177679,36.0473536,-119.3444282,360,377316.4,W1-m-RES1-DF,06107003201,RES,RES1,W1,MC,RES1,m
177750,33.7249948,-118.0488764,360,177149.9,W1-m-RES1-DF,06059099508,RES,RES1,W1,MC,RES1,m
177803,37.3413457,-121.7977324,360,294666.7,W1-m-RES1-DF,06085503322,RES,RES1,W1,MC,RES1,m
177845,37.3596272,-121.98154,360,428134.3,W1-m-RES1-DF,06085505304,RES,RES1,W1,MC,RES1,m
177908,37.3089937,-121.7397926,360,226593.8,W1-m-RES1-DF,06085503330,RES,RES1,W1,MC,RES1,m
177991,32.7997469,-117.1197439,360,416526.6,W1-m-RES1-DF,06073009306,RES,RES1,W1,MC,RES1,m
178055,37.967884,-121.7692731,360,14730.72,W1-m-RES1-DF,06013355110,RES,RES1,W1,MC,RES1,m
178113,33.8972475,-117.3464492,360,143411.1,W1-m-RES1-DF,06065042005,RES,RES1,W1,MC,RES1,m
178190,32.7519747,-117.2431575,360,53411.28,W1-m-RES1-DF,06073007501,RES,RES1,W1,MC,RES1,m
178311,33.9970125,-117.8572097,360,149367.4,W1-m-RES1-DF,06037403326,RES,RES1,W1,MC,RES1,m
178431,39.0412302,-122.9626051,360,91243.57,W1-m-RES1-DF,06033000300,RES,RES1,W1,MC,RES1,m
178529,34.0478233,-117.3011532,360,2754.2,W1-m-RES1-DF,06071007112,RES,RES1,W1,MC,RES1,m
178573,33.0365882,-117.126654,360,451101.3,W1-m-RES1-DF,06073017066,RES,RES1,W1,MC,RES1,m
178656,34.0766629,-118.0708582,360,155293.6,W1-m-RES1-DF,06037432901,RES,RES1,W1,MC,RES1,m
178723,34.5359455,-117.3255347,360,69160.19,W1-m-RES1-DF,06071009916,RES,RES1,W1,MC,RES1,m
178765,33.5997255,-117.7565534,360,49778.41,W1-m-RES1-DF,06059062649,RES,RES1,W1,MC,RES1,m
178824,34.2774288,-118.4744906,360,287649.6,W1-m-RES1-DF,06037109200,RES,RES1,W1,MC,RES1,m
178900,37.3135949,-121.9863813,360,552783.3,W1-m-RES1-DF,06085506204,RES,RES1,W1,MC,RES1,m
178976,34.1718995,-117.2852183,360,216862.9,W1-m-RES1-DF,06071004505,RES,RES1,W1,MC,RES1,m
179101,38.1263451,-121.2524203,360,21580.56,W1-m-RES1-DF,06077004404,RES,RES1,W1,MC,RES1,m
179150,34.4768743,-117.3728997,360,13427.4,W1-m-RES1-DF,06071009906,RES,RES1,W1,MC,RES1,m
179174,37.742358,-121.8968778,360,14678.86,W1-m-RES1-DF,06013355123,RES,RES1,W1,MC,RES1,m
179204,37.4514096,-121.9009356,360,281160.8,W1-m-RES1-DF,06085504421,RES,RES1,W1,MC,RES1,m
179264,32.7799093,-117.1959447,360,337213.0,W1-m-RES1-DF,06073009104,RES,RES1,W1,MC,RES1,m
179364,33.8538919,-118.1483367,360,408131.8,W1-m-RES1-DF,06037570701,RES,RES1,W1,MC,RES1,m
179433,40.6147259,-122.3986943,360,137901.0,W1-m-RES1-DF,06089010704,RES,RES1,W1,MC,RES1,m
179517,34.0586251,-118.0948587,360,71090.99,W1-m-RES1-DF,06037482503,RES,RES1,W1,MC,RES1,m
179581,34.1282537,-117.5821678,360,39560.4,W1-m-RES1-DF,06071002025,RES,RES1,W1,MC,RES1,m
179652,33.4516492,-117.6512749,360,104063.0,W1-m-RES1-DF,06059042206,RES,RES1,W1,MC,RES1,m
179680,33.8411165,-117.1987844,360,69988.4,W1-m-RES1-DF,06065042629,RES,RES1,W1,MC,RES1,m
179705,33.1039144,-117.1859805,360,335143.1,W1-m-RES1-DF,06073020043,RES,RES1,W1,MC,RES1,m
179787,37.6290085,-122.4138753,360,120557.8,W1-m-RES1-DF,06081604104,RES,RES1,W1,MC,RES1,m
179865,36.2125325,-119.081705,360,268631.0,W1-m-RES1-DF,06107002602,RES,RES1,W1,MC,RES1,m
179948,33.6655719,-117.9278881,360,145702.2,W1-m-RES1-DF,06059063807,RES,RES1,W1,MC,RES1,m
180091,35.4395808,-120.8898281,360,305269.4,W1-m-RES1-DF,06079010504,RES,RES1,W1,MC,RES1,m
180137,36.6605315,-121.7650065,360,37949.19,W1-m-RES1-DF,06053014105,RES,RES1,W1,MC,RES1,m
180228,37.5808809,-122.4857578,360,771608.9,W1-m-RES1-DF,06081603300,RES,RES1,W1,MC,RES1,m
180312,33.4870977,-117.1248116,360,115563.0,W1-m-RES1-DF,06065043222,RES,RES1,W1,MC,RES1,m
180349,33.101082,-117.2486143,360,11699.86,W1-m-RES1-DF,06073020033,RES,RES1,W1,MC,RES1,m
180430,34.1047367,-118.288505,360,51164.04,W1-m-RES1-DF,06037189101,RES,RES1,W1,MC,RES1,m
180546,36.8461075,-119.8416132,360,1179703.0,W1-m-RES1-DF,06019004301,RES,RES1,W1,MC,RES1,m
180585,37.7883324,-122.4269759,360,19089.56,W1-m-RES1-DF,06075015201,RES,RES1,W1,MC,RES1,m
180715,34.1429013,-116.0542212,360,63400.18,W1-m-RES1-DF,06071010433,RES,RES1,W1,MC,RES1,m
180839,37.7741957,-122.4477882,360,139521.9,W1-m-RES1-DF,06075016500,RES,RES1,W1,MC,RES1,m
180960,37.3045277,-121.9716433,360,173744.1,W1-m-RES1-DF,06085506305,RES,RES1,W1,MC,RES1,m
181054,37.614101,-122.4171185,360,529376.5,W1-m-RES1-DF,06081603900,RES,RES1,W1,MC,RES1,m
181167,34.7004763,-118.1244376,360,73063.19,W1-m-RES1-DF,06037900606,RES,RES1,W1,MC,RES1,m
181423,34.0968737,-117.778655,360,174601.8,W1-m-RES1-DF,06037401500,RES,RES1,W1,MC,RES1,m
181542,38.098306,-122.5861375,360,596156.6,W1-m-RES1-DF,06041103200,RES,RES1,W1,MC,RES1,m
181679,36.3313556,-119.6766498,360,483701.0,W1-m-RES1-DF,06031001001,RES,RES1,W1,MC,RES1,m
181901,34.2060072,-118.4445251,360,108992.3,W1-m-RES1-DF,06037127102,RES,RES1,W1,MC,RES1,m
182035,36.285001,-119.1467114,360,428221.0,W1-m-RES1-DF,06107001502,RES,RES1,W1,MC,RES1,m
182090,34.125432,-118.1909385,360,120888.2,W1-m-RES1-DF,06037183221,RES,RES1,W1,MC,RES1,m
182185,34.048259,-117.6422286,360,80997.37,W1-m-RES1-DF,06071001813,RES,RES1,W1,MC,RES1,m
182283,33.8270219,-118.1316188,360,684566.2,W1-m-RES1-DF,06037573601,RES,RES1,W1,MC,RES1,m
182352,33.6333794,-116.1831423,360,114075.7,W1-m-RES1-DF,06065045615,RES,RES1,W1,MC,RES1,m
182495,33.821196,-116.3874317,360,80246.54,W1-m-RES1-DF,06065044505,RES,RES1,W1,MC,RES1,m
182580,37.9582537,-121.9860714,360,86090.86,W1-m-RES1-DF,06013334007,RES,RES1,W1,MC,RES1,m
182702,37.8006183,-122.4321105,360,94491.5,W1-m-RES1-DF,06075012902,RES,RES1,W1,MC,RES1,m
182815,32.6817819,-117.0792343,360,36394.88,W1-m-RES1-DF,06073012002,RES,RES1,W1,MC,RES1,m
182908,36.8049491,-119.7677716,360,226997.0,W1-m-RES1-DF,06019005302,RES,RES1,W1,MC,RES1,m
182984,34.1553775,-118.0470542,360,916112.9,W1-m-RES1-DF,06037430600,RES,RES1,W1,MC,RES1,m
183058,37.7477424,-122.1533513,360,164951.1,W1-m-RES1-DF,06001410100,RES,RES1,W1,MC,RES1,m
183160,37.8794472,-122.2896362,360,322784.6,W1-m-RES1-DF,06001421900,RES,RES1,W1,MC,RES1,m
183264,41.009419,-122.8214045,360,466112.2,W1-m-RES1-DF,06105000102,RES,RES1,W1,MC,RES1,m
183333,33.957068,-117.945019,360,526119.4,W1-m-RES1-DF,06037500100,RES,RES1,W1,MC,RES1,m
183449,36.2324904,-119.6239493,360,602984.6,W1-m-RES1-DF,06031001200,RES,RES1,W1,MC,RES1,m
183508,34.1156122,-118.0227563,360,562484.4,W1-m-RES1-DF,06037430803,RES,RES1,W1,MC,RES1,m
183587,38.2762632,-122.0156731,360,125257.0,W1-m-RES1-DF,06095252316,RES,RES1,W1,MC,RES1,m
183621,33.8928105,-118.1236012,360,71889.61,W1-m-RES1-DF,06037554101,RES,RES1,W1,MC,RES1,m
183715,37.29773,-121.8778357,360,17336.09,W1-m-RES1-DF,06085503123,RES,RES1,W1,MC,RES1,m
183759,35.5054276,-119.2910288,360,155275.6,W1-m-RES1-DF,06029004002,RES,RES1,W1,MC,RES1,m
183804,33.9185093,-116.9607492,360,79620.4,W1-m-RES1-DF,06065043820,RES,RES1,W1,MC,RES1,m
183869,33.9472944,-118.3097251,360,384099.0,W1-m-RES1-DF,06037238000,RES,RES1,W1,MC,RES1,m
183956,32.5555376,-117.0474702,360,30740.33,W1-m-RES1-DF,06073010013,RES,RES1,W1,MC,RES1,m
184021,33.1902158,-117.3791048,360,44028.58,W1-m-RES1-DF,06073018302,RES,RES1,W1,MC,RES1,m
184231,39.4224535,-123.3672551,360,215519.8,W1-m-RES1-DF,06045010700,RES,RES1,W1,MC,RES1,m
184323,37.9613436,-121.3057992,360,5279.02,W1-m-RES1-DF,06077000401,RES,RES1,W1,MC,RES1,m
184424,33.9551248,-118.1223634,360,418733.4,W1-m-RES1-DF,06037550602,RES,RES1,W1,MC,RES1,m
184452,38.6509225,-121.1036665,360,624076.2,W1-m-RES1-DF,06067008513,RES,RES1,W1,MC,RES1,m
184514,37.9757911,-121.3623551,360,802381.4,W1-m-RES1-DF,06077003117,RES,RES1,W1,MC,RES1,m
184571,32.7707042,-116.9501574,360,373460.3,W1-m-RES1-DF,06073015403,RES,RES1,W1,MC,RES1,m
184597,33.9512593,-118.2508919,360,110554.2,W1-m-RES1-DF,06037535200,RES,RES1,W1,MC,RES1,m
184662,34.0738344,-118.5557893,360,277929.3,W1-m-RES1-DF,06037262601,RES,RES1,W1,MC,RES1,m
184680,34.0353096,-117.965298,360,122687.0,W1-m-RES1-DF,06037407201,RES,RES1,W1,MC,RES1,m
184736,34.0756705,-118.277696,360,32017.5,W1-m-RES1-DF,06037195802,RES,RES1,W1,MC,RES1,m
184786,32.6927627,-117.0986384,360,48037.6,W1-m-RES1-DF,06073003303,RES,RES1,W1,MC,RES1,m
184847,34.1674774,-119.1721779,360,225237.0,W1-m-RES1-DF,06111004000,RES,RES1,W1,MC,RES1,m
184919,32.7083898,-117.14508,360,18600.95,W1-m-RES1-DF,06073004700,RES,RES1,W1,MC,RES1,m
184965,37.9945465,-121.8812282,360,226349.4,W1-m-RES1-DF,06013313107,RES,RES1,W1,MC,RES1,m
185005,36.7613689,-119.7634701,360,120663.0,W1-m-RES1-DF,06019002501,RES,RES1,W1,MC,RES1,m
185058,33.9564141,-118.2892796,360,35309.6,W1-m-RES1-DF,06037240302,RES,RES1,W1,MC,RES1,m
185146,34.2559405,-118.3083483,360,258101.3,W1-m-RES1-DF,06037103402,RES,RES1,W1,MC,RES1,m
185233,37.276823,-121.8872996,360,453553.1,W1-m-RES1-DF,06085503002,RES,RES1,W1,MC,RES1,m
185369,34.6260842,-120.2035741,360,237364.6,W1-m-RES1-DF,06083001912,RES,RES1,W1,MC,RES1,m
185423,38.4867855,-121.5240112,360,250716.0,W1-m-RES1-DF,06067004019,RES,RES1,W1,MC,RES1,m
185478,33.9482522,-118.2972695,360,49395.31,W1-m-RES1-DF,06037600201,RES,RES1,W1,MC,RES1,m
185573,34.1101738,-118.0605045,360,161637.4,W1-m-RES1-DF,06037431900,RES,RES1,W1,MC,RES1,m
185654,33.1639595,-117.1525765,360,71346.99,W1-m-RES1-DF,06073020040,RES,RES1,W1,MC,RES1,m
185715,33.2266523,-117.3615455,360,173829.5,W1-m-RES1-DF,06073018601,RES,RES1,W1,MC,RES1,m
185766,32.7699088,-117.104336,360,582428.5,W1-m-RES1-DF,06073002001,RES,RES1,W1,MC,RES1,m
185862,37.6270595,-122.0596257,360,111734.6,W1-m-RES1-DF,06001438204,RES,RES1,W1,MC,RES1,m
185900,36.057953,-119.5540669,360,13025.47,W1-m-RES1-DF,06031980100,RES,RES1,W1,MC,RES1,m
185946,34.0846031,-117.6280461,360,93623.88,W1-m-RES1-DF,06071001305,RES,RES1,W1,MC,RES1,m
186080,37.6586484,-122.0688949,360,173648.5,W1-m-RES1-DF,06001436500,RES,RES1,W1,MC,RES1,m
186164,33.8912102,-118.0911533,360,292156.9,W1-m-RES1-DF,06037552900,RES,RES1,W1,MC,RES1,m
186223,32.6703515,-117.0785895,360,81436.58,W1-m-RES1-DF,06073012102,RES,RES1,W1,MC,RES1,m
186315,34.1033578,-118.329714,360,2272.98,W1-m-RES1-DF,06037190201,RES,RES1,W1,MC,RES1,m
186372,34.0426941,-117.4982032,360,3682.75,W1-m-RES1-DF,06071002602,RES,RES1,W1,MC,RES1,m
186427,33.7912054,-116.981562,360,43029.48,W1-m-RES1-DF,06065051301,RES,RES1,W1,MC,RES1,m
186500,34.0596025,-118.0345817,360,45237.5,W1-m-RES1-DF,06037433402,RES,RES1,W1,MC,RES1,m
186567,37.904474,-122.2911565,360,321824.0,W1-m-RES1-DF,06013390200,RES,RES1,W1,MC,RES1,m
186643,34.0385957,-117.3231362,360,13796.76,W1-m-RES1-DF,06071007107,RES,RES1,W1,MC,RES1,m
186743,34.1648374,-118.3382685,360,381836.8,W1-m-RES1-DF,06037311500,RES,RES1,W1,MC,RES1,m
186805,33.8831037,-117.2329274,360,14922.66,W1-m-RES1-DF,06065042507,RES,RES1,W1,MC,RES1,m
186853,32.7625611,-115.5662146,360,29927.7,W1-m-RES1-DF,06025011803,RES,RES1,W1,MC,RES1,m
186918,36.0575575,-118.9973951,360,127435.0,W1-m-RES1-DF,06107003904,RES,RES1,W1,MC,RES1,m
186992,33.174934,-117.1309202,360,283241.5,W1-m-RES1-DF,06073020304,RES,RES1,W1,MC,RES1,m
187026,34.8721108,-118.1861335,360,52595.55,W1-m-RES1-DF,06029005805,RES,RES1,W1,MC,RES1,m
187126,37.3169847,-122.0275787,360,302917.2,W1-m-RES1-DF,06085508005,RES,RES1,W1,MC,RES1,m
187246,33.5316199,-117.6978084,360,406953.7,W1-m-RES1-DF,06059042329,RES,RES1,W1,MC,RES1,m
187304,33.7526438,-118.159894,360,190033.4,W1-m-RES1-DF,06037576700,RES,RES1,W1,MC,RES1,m
187388,34.1202031,-117.5626734,360,62447.4,W1-m-RES1-DF,06071002035,RES,RES1,W1,MC,RES1,m
187442,33.7755085,-116.4163763,360,359953.1,W1-m-RES1-DF,06065044917,RES,RES1,W1,MC,RES1,m
187509,34.49858,-119.7772649,360,473441.4,W1-m-RES1-DF,06083000103,RES,RES1,W1,MC,RES1,m
187566,34.0340047,-117.7449569,360,167191.8,W1-m-RES1-DF,06037402902,RES,RES1,W1,MC,RES1,m
187663,34.4151458,-118.4899601,360,73518.83,W1-m-RES1-DF,06037920030,RES,RES1,W1,MC,RES1,m
187708,38.5938992,-121.5160845,360,306050.0,W1-m-RES1-DF,06113010104,RES,RES1,W1,MC,RES1,m
187801,37.2058395,-119.2805522,360,725985.8,W1-m-RES1-DF,06019006409,RES,RES1,W1,MC,RES1,m
187831,37.7112928,-122.4205879,360,63635.0,W1-m-RES1-DF,06075060502,RES,RES1,W1,MC,RES1,m
187898,38.632475,-121.463671,360,175211.2,W1-m-RES1-DF,06067006705,RES,RES1,W1,MC,RES1,m
187983,37.2986938,-120.4642099,360,195474.0,W1-m-RES1-DF,06047001401,RES,RES1,W1,MC,RES1,m
188042,32.620179,-117.0177977,360,4263.93,W1-m-RES1-DF,06073013327,RES,RES1,W1,MC,RES1,m
188085,34.3821828,-116.6220325,360,208624.1,W1-m-RES1-DF,06071010424,RES,RES1,W1,MC,RES1,m
188130,33.9283078,-117.2132757,360,9453.8,W1-m-RES1-DF,06065046800,RES,RES1,W1,MC,RES1,m
188195,33.8359574,-118.1337041,360,358632.7,W1-m-RES1-DF,06037571201,RES,RES1,W1,MC,RES1,m
188254,34.1676376,-119.1819132,360,234920.1,W1-m-RES1-DF,06111004101,RES,RES1,W1,MC,RES1,m
188372,37.5874869,-120.9444976,360,171819.4,W1-m-RES1-DF,06099002602,RES,RES1,W1,MC,RES1,m
188459,33.5428104,-116.9590173,360,88429.41,W1-m-RES1-DF,06065043293,RES,RES1,W1,MC,RES1,m
188544,33.9417625,-118.0007907,360,397397.8,W1-m-RES1-DF,06037503402,RES,RES1,W1,MC,RES1,m
188672,34.0114681,-118.4101859,360,127753.0,W1-m-RES1-DF,06037702801,RES,RES1,W1,MC,RES1,m
188766,32.7017506,-116.996053,360,126945.9,W1-m-RES1-DF,06073013903,RES,RES1,W1,MC,RES1,m
188836,37.3931319,-121.8651427,360,400887.9,W1-m-RES1-DF,06085504321,RES,RES1,W1,MC,RES1,m
188860,33.9828819,-118.216407,360,11673.6,W1-m-RES1-DF,06037533105,RES,RES1,W1,MC,RES1,m
188968,34.2905478,-119.2995884,360,57902.5,W1-m-RES1-DF,06111002301,RES,RES1,W1,MC,RES1,m
189051,34.120029,-118.2241896,360,71773.15,W1-m-RES1-DF,06037186202,RES,RES1,W1,MC,RES1,m
189157,34.0168871,-118.1827461,360,50587.6,W1-m-RES1-DF,06037531302,RES,RES1,W1,MC,RES1,m
189281,37.3224577,-121.9330738,360,239954.1,W1-m-RES1-DF,06085502001,RES,RES1,W1,MC,RES1,m
189443,37.4901543,-120.832593,360,243420.0,W1-m-RES1-DF,06099003904,RES,RES1,W1,MC,RES1,m
189519,33.8975428,-118.1828739,360,82704.96,W1-m-RES1-DF,06037553702,RES,RES1,W1,MC,RES1,m
189561,37.9905867,-121.308748,360,87381.98,W1-m-RES1-DF,06077003308,RES,RES1,W1,MC,RES1,m
189593,33.8216423,-118.2814216,360,167552.2,W1-m-RES1-DF,06037543601,RES,RES1,W1,MC,RES1,m
189631,38.386851,-121.4250567,360,968543.1,W1-m-RES1-DF,06067009637,RES,RES1,W1,MC,RES1,m
189714,33.8321962,-117.8268662,360,360332.3,W1-m-RES1-DF,06059075813,RES,RES1,W1,MC,RES1,m
189806,37.0261543,-122.0324756,360,634242.6,W1-m-RES1-DF,06087120800,RES,RES1,W1,MC,RES1,m
189887,38.0069228,-120.2905739,360,607952.8,W1-m-RES1-DF,06109002201,RES,RES1,W1,MC,RES1,m
189960,37.8416451,-122.0018029,360,413905.9,W1-m-RES1-DF,06013346206,RES,RES1,W1,MC,RES1,m
190104,33.7247482,-116.2114685,360,69341.34,W1-m-RES1-DF,06065045303,RES,RES1,W1,MC,RES1,m
190207,32.8265799,-117.011746,360,145546.5,W1-m-RES1-DF,06073016619,RES,RES1,W1,MC,RES1,m
190393,33.9590575,-118.3700611,360,87519.49,W1-m-RES1-DF,06037601401,RES,RES1,W1,MC,RES1,m
190492,34.0465241,-118.3554675,360,42218.79,W1-m-RES1-DF,06037217101,RES,RES1,W1,MC,RES1,m
190565,34.0490294,-118.3045035,360,40594.39,W1-m-RES1-DF,06037213202,RES,RES1,W1,MC,RES1,m
190677,33.9204031,-118.3581593,360,102024.9,W1-m-RES1-DF,06037602106,RES,RES1,W1,MC,RES1,m
190752,37.7758427,-122.4921123,360,326405.0,W1-m-RES1-DF,06075047801,RES,RES1,W1,MC,RES1,m
190857,32.745617,-117.2061685,360,14432.4,W1-m-RES1-DF,06073006600,RES,RES1,W1,MC,RES1,m
190988,34.0668011,-117.6510112,360,67487.46,W1-m-RES1-DF,06071001400,RES,RES1,W1,MC,RES1,m
191118,34.0000986,-118.0983071,360,363851.7,W1-m-RES1-DF,06037500700,RES,RES1,W1,MC,RES1,m
191147,33.7166603,-116.9908874,360,31264.16,W1-m-RES1-DF,06065043316,RES,RES1,W1,MC,RES1,m
191191,37.3415391,-122.0050075,360,574918.0,W1-m-RES1-DF,06085508206,RES,RES1,W1,MC,RES1,m
191260,37.9644055,-122.0398545,360,55450.17,W1-m-RES1-DF,06013336103,RES,RES1,W1,MC,RES1,m
191350,38.1423605,-121.2785258,360,47853.99,W1-m-RES1-DF,06077004203,RES,RES1,W1,MC,RES1,m
191475,32.7156318,-117.1551725,360,5310.9,W1-m-RES1-DF,06073005202,RES,RES1,W1,MC,RES1,m
191568,36.8058055,-119.8857853,360,128000.0,W1-m-RES1-DF,06019004217,RES,RES1,W1,MC,RES1,m
191646,33.9822727,-118.0620364,360,327719.7,W1-m-RES1-DF,06037501002,RES,RES1,W1,MC,RES1,m
191764,35.6228478,-120.5895083,360,121812.0,W1-m-RES1-DF,06079010302,RES,RES1,W1,MC,RES1,m
191853,38.5800861,-121.469372,360,167086.0,W1-m-RES1-DF,06067000400,RES,RES1,W1,MC,RES1,m
191912,34.1622363,-119.1909594,360,315002.4,W1-m-RES1-DF,06111004200,RES,RES1,W1,MC,RES1,m
192025,34.2897466,-118.4345091,360,281425.5,W1-m-RES1-DF,06037320202,RES,RES1,W1,MC,RES1,m
192076,33.0753039,-117.1867393,360,28119.41,W1-m-RES1-DF,06073017112,RES,RES1,W1,MC,RES1,m
192143,33.8356458,-117.7654493,360,312732.7,W1-m-RES1-DF,06059021920,RES,RES1,W1,MC,RES1,m
192224,34.1358007,-118.4214241,360,461657.7,W1-m-RES1-DF,06037143902,RES,RES1,W1,MC,RES1,m
192309,33.8273615,-118.3328098,360,126085.7,W1-m-RES1-DF,06037650801,RES,RES1,W1,MC,RES1,m
192415,36.0990535,-119.5600632,360,97270.0,W1-m-RES1-DF,06031001402,RES,RES1,W1,MC,RES1,m
192525,38.4894406,-122.7211476,360,133731.2,W1-m-RES1-DF,06097152402,RES,RES1,W1,MC,RES1,m
192645,38.5121908,-121.5088949,360,509909.0,W1-m-RES1-DF,06067003400,RES,RES1,W1,MC,RES1,m
192744,38.4144344,-122.8473555,360,256636.8,W1-m-RES1-DF,06097153405,RES,RES1,W1,MC,RES1,m
192805,37.3225494,-121.839789,360,186128.9,W1-m-RES1-DF,06085503111,RES,RES1,W1,MC,RES1,m
192842,34.1379864,-118.4376485,360,771714.2,W1-m-RES1-DF,06037141700,RES,RES1,W1,MC,RES1,m
192871,33.7368341,-117.8922263,360,120208.8,W1-m-RES1-DF,06059074806,RES,RES1,W1,MC,RES1,m
192911,37.2721374,-121.8082789,360,160187.7,W1-m-RES1-DF,06085512056,RES,RES1,W1,MC,RES1,m
192975,36.5082093,-119.5666686,360,329301.0,W1-m-RES1-DF,06019007202,RES,RES1,W1,MC,RES1,m
193096,32.6978029,-117.1559017,360,4130.874,W1-m-RES1-DF,06073005103,RES,RES1,W1,MC,RES1,m
193147,38.5110145,-121.5376295,360,466180.0,W1-m-RES1-DF,06067004005,RES,RES1,W1,MC,RES1,m
193278,34.0529634,-118.1585861,360,302129.6,W1-m-RES1-DF,06037482001,RES,RES1,W1,MC,RES1,m
193356,38.6713901,-121.7353709,360,244196.0,W1-m-RES1-DF,06113011209,RES,RES1,W1,MC,RES1,m
193458,37.9540677,-122.1903602,360,177729.2,W1-m-RES1-DF,06013356002,RES,RES1,W1,MC,RES1,m
193540,36.7785155,-119.854289,360,238213.0,W1-m-RES1-DF,06019003805,RES,RES1,W1,MC,RES1,m
193619,39.350653,-120.1915261,360,358674.0,W1-m-RES1-DF,06057001211,RES,RES1,W1,MC,RES1,m
193680,34.0190693,-118.1283266,360,91831.41,W1-m-RES1-DF,06037530204,RES,RES1,W1,MC,RES1,m
193780,33.5110087,-117.7138298,360,178356.1,W1-m-RES1-DF,06059042317,RES,RES1,W1,MC,RES1,m
193840,34.1943814,-118.1576995,360,277643.1,W1-m-RES1-DF,06037460302,RES,RES1,W1,MC,RES1,m
193910,38.6490292,-121.2391074,360,929757.4,W1-m-RES1-DF,06067008006,RES,RES1,W1,MC,RES1,m
193953,38.445785,-121.3867947,360,688042.0,W1-m-RES1-DF,06067009334,RES,RES1,W1,MC,RES1,m
194034,37.5647659,-121.9732496,360,135665.0,W1-m-RES1-DF,06001441924,RES,RES1,W1,MC,RES1,m
194128,36.552917,-119.3860401,360,414251.0,W1-m-RES1-DF,06107000402,RES,RES1,W1,MC,RES1,m
194235,37.2980468,-121.9205873,360,165706.5,W1-m-RES1-DF,06085502202,RES,RES1,W1,MC,RES1,m
194313,33.2378523,-117.3157508,360,73206.25,W1-m-RES1-DF,06073018521,RES,RES1,W1,MC,RES1,m
194406,37.0997288,-121.6367125,360,171059.2,W1-m-RES1-DF,06085512307,RES,RES1,W1,MC,RES1,m
194441,34.157787,-117.5056476,360,5582.31,W1-m-RES1-DF,06071002042,RES,RES1,W1,MC,RES1,m
194494,33.6401283,-117.8123266,360,203472.1,W1-m-RES1-DF,06059062631,RES,RES1,W1,MC,RES1,m
194573,32.7561468,-116.9918436,360,256829.8,W1-m-RES1-DF,06073013701,RES,RES1,W1,MC,RES1,m
194627,32.8745994,-117.2161852,360,99048.0,W1-m-RES1-DF,06073008378,RES,RES1,W1,MC,RES1,m
194810,37.8687746,-122.2698172,360,2095.0,W1-m-RES1-DF,06001422902,RES,RES1,W1,MC,RES1,m
194899,33.8637798,-117.9548148,360,169702.4,W1-m-RES1-DF,06059001902,RES,RES1,W1,MC,RES1,m
194994,34.2083989,-118.4697657,360,142320.7,W1-m-RES1-DF,06037127300,RES,RES1,W1,MC,RES1,m
195064,34.0617068,-117.7658059,360,45823.96,W1-m-RES1-DF,06037402304,RES,RES1,W1,MC,RES1,m
195299,33.8807307,-118.410369,360,251434.6,W1-m-RES1-DF,06037620904,RES,RES1,W1,MC,RES1,m
195377,33.492418,-117.6744668,360,2853.12,W1-m-RES1-DF,06059042340,RES,RES1,W1,MC,RES1,m
195456,37.7282698,-122.4683645,360,1436230.0,W1-m-RES1-DF,06075030900,RES,RES1,W1,MC,RES1,m
195495,39.0842462,-121.5468241,360,299637.0,W1-m-RES1-DF,06115040600,RES,RES1,W1,MC,RES1,m
195652,37.8895825,-122.1040793,360,621520.0,W1-m-RES1-DF,06013349000,RES,RES1,W1,MC,RES1,m
195750,34.0851077,-117.8182916,360,392225.6,W1-m-RES1-DF,06037401304,RES,RES1,W1,MC,RES1,m
195791,33.9802371,-117.0777946,360,90477.85,W1-m-RES1-DF,06065043823,RES,RES1,W1,MC,RES1,m
195939,35.4995179,-120.5628476,360,243768.6,W1-m-RES1-DF,06079013100,RES,RES1,W1,MC,RES1,m
196178,32.7521788,-117.2007826,360,54013.79,W1-m-RES1-DF,06073006500,RES,RES1,W1,MC,RES1,m
196286,34.1092,-118.0734465,360,259341.6,W1-m-RES1-DF,06037480101,RES,RES1,W1,MC,RES1,m
196354,38.0330943,-121.3465815,360,227637.0,W1-m-RES1-DF,06077003210,RES,RES1,W1,MC,RES1,m
196396,38.1609825,-122.259801,360,155864.0,W1-m-RES1-DF,06055201007,RES,RES1,W1,MC,RES1,m
196440,37.2707459,-121.8458034,360,490988.8,W1-m-RES1-DF,06085512019,RES,RES1,W1,MC,RES1,m
196557,34.1403264,-118.261783,360,26352.9,W1-m-RES1-DF,06037302302,RES,RES1,W1,MC,RES1,m
196688,34.0542615,-118.2674354,360,6303.6,W1-m-RES1-DF,06037209106,RES,RES1,W1,MC,RES1,m
196754,33.9255436,-118.2453429,360,76021.4,W1-m-RES1-DF,06037540700,RES,RES1,W1,MC,RES1,m
196857,33.8349406,-118.0524061,360,470819.9,W1-m-RES1-DF,06059110111,RES,RES1,W1,MC,RES1,m
196981,33.7776731,-117.9584718,360,198028.7,W1-m-RES1-DF,06059088701,RES,RES1,W1,MC,RES1,m
197078,37.8172535,-122.105392,360,790709.8,W1-m-RES1-DF,06013352102,RES,RES1,W1,MC,RES1,m
197139,33.0017151,-116.9906297,360,142773.5,W1-m-RES1-DF,06073017021,RES,RES1,W1,MC,RES1,m
197169,37.6750754,-122.4856364,360,443119.0,W1-m-RES1-DF,06081601501,RES,RES1,W1,MC,RES1,m
197264,34.0523836,-118.38703,360,180558.3,W1-m-RES1-DF,06037217001,RES,RES1,W1,MC,RES1,m
197338,34.2593157,-118.4495333,360,357111.6,W1-m-RES1-DF,06037109601,RES,RES1,W1,MC,RES1,m
197384,37.7111907,-122.4069124,360,194824.1,W1-m-RES1-DF,06075026403,RES,RES1,W1,MC,RES1,m
197439,32.7743451,-116.9700128,360,399031.1,W1-m-RES1-DF,06073015302,RES,RES1,W1,MC,RES1,m
197558,33.6942404,-117.9606349,360,442113.0,W1-m-RES1-DF,06059099232,RES,RES1,W1,MC,RES1,m
197645,33.1995591,-117.3606744,360,126605.9,W1-m-RES1-DF,06073018509,RES,RES1,W1,MC,RES1,m
197704,37.7263801,-122.4798147,360,1560.8,W1-m-RES1-DF,06075033201,RES,RES1,W1,MC,RES1,m
197758,33.9217962,-118.1395384,360,118068.4,W1-m-RES1-DF,06037551203,RES,RES1,W1,MC,RES1,m
197852,37.6444886,-122.4357422,360,575222.4,W1-m-RES1-DF,06081602400,RES,RES1,W1,MC,RES1,m
197899,36.7114943,-121.6399562,360,157705.5,W1-m-RES1-DF,06053000105,RES,RES1,W1,MC,RES1,m
198022,34.1133365,-117.833697,360,297913.8,W1-m-RES1-DF,06037401202,RES,RES1,W1,MC,RES1,m
198082,33.7707391,-118.1353099,360,306990.3,W1-m-RES1-DF,06037577606,RES,RES1,W1,MC,RES1,m
198273,34.4401328,-119.5033056,360,381552.5,W1-m-RES1-DF,06083001706,RES,RES1,W1,MC,RES1,m
198383,38.0384996,-122.5839959,360,1098898.0,W1-m-RES1-DF,06041107000,RES,RES1,W1,MC,RES1,m
198410,33.7141447,-117.2157957,360,210518.1,W1-m-RES1-DF,06065042709,RES,RES1,W1,MC,RES1,m
198484,32.9890371,-117.2402703,360,186701.9,W1-m-RES1-DF,06073017306,RES,RES1,W1,MC,RES1,m
198527,33.8622022,-118.3764818,360,155117.4,W1-m-RES1-DF,06037620704,RES,RES1,W1,MC,RES1,m
198588,34.1262224,-117.6325852,360,16720.36,W1-m-RES1-DF,06071000819,RES,RES1,W1,MC,RES1,m
198634,33.8836408,-118.0892786,360,214161.4,W1-m-RES1-DF,06037554600,RES,RES1,W1,MC,RES1,m
198692,34.0436624,-118.3028632,360,46907.82,W1-m-RES1-DF,06037221210,RES,RES1,W1,MC,RES1,m
198793,37.3122608,-121.9703576,360,115841.7,W1-m-RES1-DF,06085506304,RES,RES1,W1,MC,RES1,m
198925,38.1924399,-120.3934798,360,734976.9,W1-m-RES1-DF,06009000501,RES,RES1,W1,MC,RES1,m
198984,34.1112758,-118.309312,360,619837.5,W1-m-RES1-DF,06037189300,RES,RES1,W1,MC,RES1,m
199029,34.0802795,-116.20558,360,80342.21,W1-m-RES1-DF,06071010432,RES,RES1,W1,MC,RES1,m
199094,33.6936573,-116.2807908,360,133579.0,W1-m-RES1-DF,06065045129,RES,RES1,W1,MC,RES1,m
199203,37.3059451,-121.9360263,360,360892.0,W1-m-RES1-DF,06085502101,RES,RES1,W1,MC,RES1,m
199299,34.0218574,-118.4018807,360,6292.44,W1-m-RES1-DF,06037269905,RES,RES1,W1,MC,RES1,m
199371,33.7713059,-117.9150747,360,75569.76,W1-m-RES1-DF,06059089106,RES,RES1,W1,MC,RES1,m
199513,36.1783683,-119.2649899,360,571051.4,W1-m-RES1-DF,06107002402,RES,RES1,W1,MC,RES1,m
199564,34.5250009,-117.3320772,360,55942.9,W1-m-RES1-DF,06071009918,RES,RES1,W1,MC,RES1,m
199607,38.5604477,-121.7208578,360,242482.0,W1-m-RES1-DF,06113010609,RES,RES1,W1,MC,RES1,m
199723,34.1082685,-118.1449206,360,652964.9,W1-m-RES1-DF,06037480500,RES,RES1,W1,MC,RES1,m
199766,33.9654756,-118.1747795,360,13621.0,W1-m-RES1-DF,06037534406,RES,RES1,W1,MC,RES1,m
199830,37.3451032,-122.0268266,360,643729.8,W1-m-RES1-DF,06085508203,RES,RES1,W1,MC,RES1,m
199922,39.0342246,-121.6633133,360,189323.4,W1-m-RES1-DF,06101051000,RES,RES1,W1,MC,RES1,m
200017,33.8406153,-118.2181146,360,189600.0,W1-m-RES1-DF,06037544001,RES,RES1,W1,MC,RES1,m
200077,33.9587246,-118.2488361,360,76350.64,W1-m-RES1-DF,06037535102,RES,RES1,W1,MC,RES1,m
200130,34.2426809,-118.4700957,360,90416.55,W1-m-RES1-DF,06037117201,RES,RES1,W1,MC,RES1,m
200308,36.3286165,-119.6462216,360,111529.0,W1-m-RES1-DF,06031000902,RES,RES1,W1,MC,RES1,m
200370,33.90678,-116.3494734,360,46713.07,W1-m-RES1-DF,06065047202,RES,RES1,W1,MC,RES1,m
200462,33.7216699,-117.870064,360,300961.9,W1-m-RES1-DF,06059074200,RES,RES1,W1,MC,RES1,m
200562,39.2079313,-120.1434473,360,563039.8,W1-m-RES1-DF,06061020104,RES,RES1,W1,MC,RES1,m
200614,35.3579308,-119.083759,360,27905.08,W1-m-RES1-DF,06029001803,RES,RES1,W1,MC,RES1,m
200714,36.7808008,-119.6911659,360,470562.0,W1-m-RES1-DF,06019005804,RES,RES1,W1,MC,RES1,m
200756,34.0140532,-118.3058946,360,64163.88,W1-m-RES1-DF,06037231302,RES,RES1,W1,MC,RES1,m
200827,33.664929,-117.9840914,360,465193.9,W1-m-RES1-DF,06059099243,RES,RES1,W1,MC,RES1,m
200925,34.0976137,-118.0712086,360,161638.4,W1-m-RES1-DF,06037481201,RES,RES1,W1,MC,RES1,m
200982,37.6626736,-122.4560776,360,483137.6,W1-m-RES1-DF,06081601700,RES,RES1,W1,MC,RES1,m
201039,37.7794926,-122.4443716,360,180175.2,W1-m-RES1-DF,06075015702,RES,RES1,W1,MC,RES1,m
201130,34.2748423,-118.6719499,360,392877.7,W1-m-RES1-DF,06111008302,RES,RES1,W1,MC,RES1,m
201186,34.1102337,-117.4447262,360,67396.41,W1-m-RES1-DF,06071002801,RES,RES1,W1,MC,RES1,m
201264,33.21679,-117.251038,360,104335.6,W1-m-RES1-DF,06073019404,RES,RES1,W1,MC,RES1,m
201379,35.3362806,-118.9902464,360,19150.72,W1-m-RES1-DF,06029002502,RES,RES1,W1,MC,RES1,m
201463,32.5641852,-117.0496292,360,78742.55,W1-m-RES1-DF,06073010005,RES,RES1,W1,MC,RES1,m
201546,34.0053604,-118.4165319,360,110405.4,W1-m-RES1-DF,06037702802,RES,RES1,W1,MC,RES1,m
201629,32.9677095,-117.0283696,360,158045.2,W1-m-RES1-DF,06073017009,RES,RES1,W1,MC,RES1,m
201678,34.0552711,-117.9463761,360,229440.4,W1-m-RES1-DF,06037406701,RES,RES1,W1,MC,RES1,m
201780,37.80162,-122.415681,360,55391.84,W1-m-RES1-DF,06075010300,RES,RES1,W1,MC,RES1,m
201929,33.7485812,-117.9548863,360,306158.3,W1-m-RES1-DF,06059088904,RES,RES1,W1,MC,RES1,m
202060,33.1142976,-117.0779506,360,109701.2,W1-m-RES1-DF,06073020601,RES,RES1,W1,MC,RES1,m
202152,38.6841331,-121.2813111,360,250393.0,W1-m-RES1-DF,06067008141,RES,RES1,W1,MC,RES1,m
202266,38.6722962,-121.2146576,360,484779.0,W1-m-RES1-DF,06067008206,RES,RES1,W1,MC,RES1,m
202349,34.1084263,-116.3113492,360,195324.1,W1-m-RES1-DF,06071010419,RES,RES1,W1,MC,RES1,m
202418,37.5396667,-121.9903682,360,312474.0,W1-m-RES1-DF,06001442502,RES,RES1,W1,MC,RES1,m
202508,34.0085204,-117.6218774,360,31257.39,W1-m-RES1-DF,06071001910,RES,RES1,W1,MC,RES1,m
202574,33.5184948,-117.5437029,360,144279.6,W1-m-RES1-DF,06059032064,RES,RES1,W1,MC,RES1,m
202697,38.6342017,-121.37517,360,174805.5,W1-m-RES1-DF,06067006003,RES,RES1,W1,MC,RES1,m
202756,34.1140024,-118.1948974,360,53337.27,W1-m-RES1-DF,06037183610,RES,RES1,W1,MC,RES1,m
202882,33.7360737,-117.9088098,360,383771.9,W1-m-RES1-DF,06059074803,RES,RES1,W1,MC,RES1,m
202916,36.8810266,-119.7627101,360,282142.0,W1-m-RES1-DF,06019005528,RES,RES1,W1,MC,RES1,m
202991,37.2743975,-119.6649168,360,260698.7,W1-m-RES1-DF,06039000111,RES,RES1,W1,MC,RES1,m
203029,36.804879,-120.398557,360,146042.0,W1-m-RES1-DF,06019008301,RES,RES1,W1,MC,RES1,m
203242,37.8004341,-122.2707274,360,12746.25,W1-m-RES1-DF,06001403000,RES,RES1,W1,MC,RES1,m
203296,34.4636693,-118.6354865,360,13520.85,W1-m-RES1-DF,06037920119,RES,RES1,W1,MC,RES1,m
203361,38.4278406,-122.7036893,360,81851.24,W1-m-RES1-DF,06097151404,RES,RES1,W1,MC,RES1,m
203472,38.5557636,-121.2938015,360,120635.0,W1-m-RES1-DF,06067008803,RES,RES1,W1,MC,RES1,m
203558,38.8548216,-121.5333568,360,268293.3,W1-m-RES1-DF,06101051100,RES,RES1,W1,MC,RES1,m
203631,32.7281529,-117.1080467,360,207521.2,W1-m-RES1-DF,06073002502,RES,RES1,W1,MC,RES1,m
203682,34.4517457,-117.240767,360,118562.5,W1-m-RES1-DF,06071009718,RES,RES1,W1,MC,RES1,m
203765,34.0585147,-118.3261907,360,261058.2,W1-m-RES1-DF,06037212702,RES,RES1,W1,MC,RES1,m
203925,34.6835703,-118.120601,360,289508.3,W1-m-RES1-DF,06037900501,RES,RES1,W1,MC,RES1,m
204016,33.8783269,-118.1600077,360,46449.78,W1-m-RES1-DF,06037570203,RES,RES1,W1,MC,RES1,m
204074,35.3576996,-119.137959,360,131346.5,W1-m-RES1-DF,06029003820,RES,RES1,W1,MC,RES1,m
204174,35.1210056,-120.3378789,360,444212.6,W1-m-RES1-DF,06079012302,RES,RES1,W1,MC,RES1,m
204250,34.124489,-117.308567,360,178457.5,W1-m-RES1-DF,06071004700,RES,RES1,W1,MC,RES1,m
204302,34.1180317,-118.0740581,360,284748.6,W1-m-RES1-DF,06037480012,RES,RES1,W1,MC,RES1,m
204379,34.1848596,-118.4095169,360,241631.3,W1-m-RES1-DF,06037123700,RES,RES1,W1,MC,RES1,m
204408,33.1620265,-117.1899633,360,24201.45,W1-m-RES1-DF,06073020039,RES,RES1,W1,MC,RES1,m
204431,33.5698486,-117.1620199,360,31618.4,W1-m-RES1-DF,06065043210,RES,RES1,W1,MC,RES1,m
204505,35.757339,-119.2517659,360,147184.9,W1-m-RES1-DF,06029004802,RES,RES1,W1,MC,RES1,m
204639,33.8334835,-118.1970981,360,473843.1,W1-m-RES1-DF,06037571800,RES,RES1,W1,MC,RES1,m
204739,38.43518,-122.708351,360,124022.3,W1-m-RES1-DF,06097151900,RES,RES1,W1,MC,RES1,m
204867,32.6599903,-117.0941732,360,43751.91,W1-m-RES1-DF,06073011602,RES,RES1,W1,MC,RES1,m
204961,33.9227671,-117.9678486,360,414808.3,W1-m-RES1-DF,06059001301,RES,RES1,W1,MC,RES1,m
205020,33.9296426,-118.2679732,360,84909.36,W1-m-RES1-DF,06037241001,RES,RES1,W1,MC,RES1,m
205075,32.710698,-117.0295699,360,193099.5,W1-m-RES1-DF,06073003105,RES,RES1,W1,MC,RES1,m
205096,35.2742933,-119.0655377,360,447414.8,W1-m-RES1-DF,06029003219,RES,RES1,W1,MC,RES1,m
205123,40.8576023,-124.0778006,360,69836.3,W1-m-RES1-DF,06023001002,RES,RES1,W1,MC,RES1,m
205297,33.8342568,-117.9106145,360,75654.88,W1-m-RES1-DF,06059087302,RES,RES1,W1,MC,RES1,m
205365,33.9100517,-117.2393048,360,15393.78,W1-m-RES1-DF,06065042510,RES,RES1,W1,MC,RES1,m
205480,33.1115032,-117.0899733,360,122400.3,W1-m-RES1-DF,06073020500,RES,RES1,W1,MC,RES1,m
205568,33.7748641,-117.8809944,360,297595.2,W1-m-RES1-DF,06059075301,RES,RES1,W1,MC,RES1,m
205638,33.8906775,-118.2582528,360,213854.8,W1-m-RES1-DF,06037543000,RES,RES1,W1,MC,RES1,m
205698,40.4806114,-121.7401412,360,446413.0,W1-m-RES1-DF,06089012603,RES,RES1,W1,MC,RES1,m
205732,33.860135,-117.5772414,360,160557.1,W1-m-RES1-DF,06065041807,RES,RES1,W1,MC,RES1,m
205788,34.0796236,-117.9156009,360,421243.0,W1-m-RES1-DF,06037405600,RES,RES1,W1,MC,RES1,m
205852,35.3462897,-118.9932858,360,121727.7,W1-m-RES1-DF,06029002501,RES,RES1,W1,MC,RES1,m
205987,37.3040362,-120.4781907,360,94959.0,W1-m-RES1-DF,06047001302,RES,RES1,W1,MC,RES1,m
206037,34.1578512,-119.1820395,360,73114.0,W1-m-RES1-DF,06111004505,RES,RES1,W1,MC,RES1,m
206113,37.3603463,-122.0177173,360,157144.4,W1-m-RES1-DF,06085508510,RES,RES1,W1,MC,RES1,m
206148,35.3035184,-119.1143189,360,117065.0,W1-m-RES1-DF,06029003134,RES,RES1,W1,MC,RES1,m
206335,37.3061873,-121.8725034,360,85827.06,W1-m-RES1-DF,06085503121,RES,RES1,W1,MC,RES1,m
206464,34.2003096,-118.4001219,360,121852.9,W1-m-RES1-DF,06037123301,RES,RES1,W1,MC,RES1,m
206518,33.9369118,-118.3141122,360,231154.0,W1-m-RES1-DF,06037600400,RES,RES1,W1,MC,RES1,m
206562,32.8086291,-117.0132342,360,574082.9,W1-m-RES1-DF,06073009804,RES,RES1,W1,MC,RES1,m
206668,34.0036015,-118.0763818,360,119891.7,W1-m-RES1-DF,06037500402,RES,RES1,W1,MC,RES1,m
206781,37.9516759,-121.2605535,360,56830.84,W1-m-RES1-DF,06077001900,RES,RES1,W1,MC,RES1,m
206843,34.5379508,-118.1303814,360,39166.27,W1-m-RES1-DF,06037910213,RES,RES1,W1,MC,RES1,m
206950,36.5998071,-119.4975161,360,191663.0,W1-m-RES1-DF,06019006802,RES,RES1,W1,MC,RES1,m
207087,34.2706551,-119.2416995,360,272995.8,W1-m-RES1-DF,06111002700,RES,RES1,W1,MC,RES1,m
207145,41.5767503,-124.027796,360,64283.84,W1-m-RES1-DF,06015000203,RES,RES1,W1,MC,RES1,m
207239,37.7102505,-121.9676415,360,192261.0,W1-m-RES1-DF,06001450502,RES,RES1,W1,MC,RES1,m
207264,34.3997193,-117.3871379,360,12959.2,W1-m-RES1-DF,06071010042,RES,RES1,W1,MC,RES1,m
207415,36.1963691,-119.3370033,360,118896.0,W1-m-RES1-DF,06107002901,RES,RES1,W1,MC,RES1,m
207480,37.3118086,-121.8324347,360,298643.9,W1-m-RES1-DF,06085503211,RES,RES1,W1,MC,RES1,m
207536,34.0492746,-117.845788,360,238186.3,W1-m-RES1-DF,06037403409,RES,RES1,W1,MC,RES1,m
207612,39.1198966,-121.6618817,360,631600.0,W1-m-RES1-DF,06101050503,RES,RES1,W1,MC,RES1,m
207701,32.9657965,-117.0440195,360,390184.7,W1-m-RES1-DF,06073017041,RES,RES1,W1,MC,RES1,m
207788,37.273586,-121.9156579,360,1095366.0,W1-m-RES1-DF,06085502902,RES,RES1,W1,MC,RES1,m
208135,34.027277,-118.2328862,360,62628.0,W1-m-RES1-DF,06037206051,RES,RES1,W1,MC,RES1,m
208280,39.3131684,-121.9711945,360,92673.56,W1-m-RES1-DF,06011000500,RES,RES1,W1,MC,RES1,m
208392,34.0901508,-118.6392857,360,400650.7,W1-m-RES1-DF,06037800104,RES,RES1,W1,MC,RES1,m
208489,36.7923198,-119.7356023,360,115443.0,W1-m-RES1-DF,06019005202,RES,RES1,W1,MC,RES1,m
208588,37.6667865,-119.0226571,360,863792.9,W1-m-RES1-DF,06051000202,RES,RES1,W1,MC,RES1,m
208698,32.840773,-117.2571775,360,584012.4,W1-m-RES1-DF,06073008303,RES,RES1,W1,MC,RES1,m
208803,35.209665,-117.8866346,360,102697.9,W1-m-RES1-DF,06029006500,RES,RES1,W1,MC,RES1,m
208860,40.5631564,-122.4129541,360,404160.0,W1-m-RES1-DF,06089010601,RES,RES1,W1,MC,RES1,m
208937,38.6623784,-121.4465162,360,380452.0,W1-m-RES1-DF,06067007204,RES,RES1,W1,MC,RES1,m
209032,37.4839983,-120.8421053,360,128632.0,W1-m-RES1-DF,06099003803,RES,RES1,W1,MC,RES1,m
209119,38.0173661,-121.336835,360,377189.7,W1-m-RES1-DF,06077003203,RES,RES1,W1,MC,RES1,m
209300,32.7533382,-117.1630702,360,95126.78,W1-m-RES1-DF,06073000400,RES,RES1,W1,MC,RES1,m
209414,37.3124132,-122.0405536,360,369298.4,W1-m-RES1-DF,06085507807,RES,RES1,W1,MC,RES1,m
209523,34.5997039,-120.133372,360,136649.5,W1-m-RES1-DF,06083001910,RES,RES1,W1,MC,RES1,m
209707,36.8245965,-119.7061942,360,256373.4,W1-m-RES1-DF,06019005602,RES,RES1,W1,MC,RES1,m
209761,34.1557646,-117.2351871,360,146895.5,W1-m-RES1-DF,06071007411,RES,RES1,W1,MC,RES1,m
209828,34.1397261,-117.2914063,360,226624.9,W1-m-RES1-DF,06071005300,RES,RES1,W1,MC,RES1,m
209864,34.1912719,-117.3523945,360,27424.56,W1-m-RES1-DF,06071004511,RES,RES1,W1,MC,RES1,m
209929,33.9427647,-117.9631381,360,427915.4,W1-m-RES1-DF,06059001101,RES,RES1,W1,MC,RES1,m
209995,32.80353,-117.1955336,360,68242.84,W1-m-RES1-DF,06073009102,RES,RES1,W1,MC,RES1,m
210115,32.8176159,-117.2136663,360,608224.5,W1-m-RES1-DF,06073008503,RES,RES1,W1,MC,RES1,m
210195,33.7219602,-117.9462686,360,414678.0,W1-m-RES1-DF,06059099225,RES,RES1,W1,MC,RES1,m
210236,37.4359496,-122.1435945,360,719628.5,W1-m-RES1-DF,06085511400,RES,RES1,W1,MC,RES1,m
210282,35.3067749,-119.0121373,360,8636.82,W1-m-RES1-DF,06029003127,RES,RES1,W1,MC,RES1,m
210377,34.1460631,-119.1943303,360,196243.5,W1-m-RES1-DF,06111004400,RES,RES1,W1,MC,RES1,m
210576,34.3968141,-119.5217962,360,183702.4,W1-m-RES1-DF,06083001604,RES,RES1,W1,MC,RES1,m
210708,33.1151161,-117.2578699,360,192033.9,W1-m-RES1-DF,06073020030,RES,RES1,W1,MC,RES1,m
210748,36.8280891,-121.3701113,360,144680.8,W1-m-RES1-DF,06069000601,RES,RES1,W1,MC,RES1,m
210812,34.046637,-117.9477563,360,160442.1,W1-m-RES1-DF,06037407501,RES,RES1,W1,MC,RES1,m
210877,37.6020139,-120.9524192,360,246653.0,W1-m-RES1-DF,06099002603,RES,RES1,W1,MC,RES1,m
210927,33.7188931,-118.0458582,360,67126.75,W1-m-RES1-DF,06059099416,RES,RES1,W1,MC,RES1,m
211109,33.6644113,-117.8830875,360,170840.4,W1-m-RES1-DF,06059063101,RES,RES1,W1,MC,RES1,m
211261,38.000836,-122.2941567,360,315989.9,W1-m-RES1-DF,06013359103,RES,RES1,W1,MC,RES1,m
211357,38.1618795,-121.1498366,360,221227.2,W1-m-RES1-DF,06077004701,RES,RES1,W1,MC,RES1,m
211404,33.0311115,-117.075587,360,265824.1,W1-m-RES1-DF,06073017058,RES,RES1,W1,MC,RES1,m
211569,37.6930926,-121.8176792,360,600137.1,W1-m-RES1-DF,06001451300,RES,RES1,W1,MC,RES1,m
211615,34.4462512,-118.5457329,360,51816.6,W1-m-RES1-DF,06037920110,RES,RES1,W1,MC,RES1,m
211683,37.3645486,-121.8620422,360,68083.2,W1-m-RES1-DF,06085503709,RES,RES1,W1,MC,RES1,m
211798,37.4745729,-122.1975109,360,346233.0,W1-m-RES1-DF,06081610602,RES,RES1,W1,MC,RES1,m
211888,33.9565607,-118.3475932,360,93806.86,W1-m-RES1-DF,06037601002,RES,RES1,W1,MC,RES1,m
211974,33.9001198,-118.3317138,360,56893.32,W1-m-RES1-DF,06037603705,RES,RES1,W1,MC,RES1,m
212135,32.9639446,-117.2598039,360,184282.0,W1-m-RES1-DF,06073017202,RES,RES1,W1,MC,RES1,m
212163,33.7935861,-117.2041411,360,7357.17,W1-m-RES1-DF,06065042747,RES,RES1,W1,MC,RES1,m
212275,33.7746714,-116.4690053,360,237416.4,W1-m-RES1-DF,06065045000,RES,RES1,W1,MC,RES1,m
212349,34.0513558,-117.422521,360,73550.45,W1-m-RES1-DF,06071002608,RES,RES1,W1,MC,RES1,m
212374,34.493125,-117.2247154,360,87576.71,W1-m-RES1-DF,06071009724,RES,RES1,W1,MC,RES1,m
212448,39.009987,-121.019603,360,667935.2,W1-m-RES1-DF,06061021902,RES,RES1,W1,MC,RES1,m
212616,37.7438747,-122.4202434,360,204460.4,W1-m-RES1-DF,06075025300,RES,RES1,W1,MC,RES1,m
212716,34.0639097,-117.9540826,360,290391.3,W1-m-RES1-DF,06037406801,RES,RES1,W1,MC,RES1,m
212764,37.7795615,-122.4319544,360,5869.2,W1-m-RES1-DF,06075016101,RES,RES1,W1,MC,RES1,m
213007,38.6002992,-121.2103613,360,416400.9,W1-m-RES1-DF,06067008706,RES,RES1,W1,MC,RES1,m
213037,34.0302232,-117.9214927,360,284780.4,W1-m-RES1-DF,06037407801,RES,RES1,W1,MC,RES1,m
213137,38.3184553,-122.7071995,360,73242.48,W1-m-RES1-DF,06097151204,RES,RES1,W1,MC,RES1,m
213289,34.1381275,-117.9091006,360,195490.4,W1-m-RES1-DF,06037400602,RES,RES1,W1,MC,RES1,m
213341,37.7337691,-122.4206236,360,300775.2,W1-m-RES1-DF,06075025403,RES,RES1,W1,MC,RES1,m
213394,34.0951421,-118.1377177,360,61581.06,W1-m-RES1-DF,06037480303,RES,RES1,W1,MC,RES1,m
213535,33.9340988,-117.9135027,360,306863.8,W1-m-RES1-DF,06059001501,RES,RES1,W1,MC,RES1,m
213556,33.9682914,-118.2147574,360,174982.0,W1-m-RES1-DF,06037534700,RES,RES1,W1,MC,RES1,m
213618,34.0099782,-118.3409807,360,35636.63,W1-m-RES1-DF,06037236102,RES,RES1,W1,MC,RES1,m
213702,34.1634006,-118.1369963,360,142401.8,W1-m-RES1-DF,06037462100,RES,RES1,W1,MC,RES1,m
213844,34.2507603,-116.8822975,360,198780.2,W1-m-RES1-DF,06071011203,RES,RES1,W1,MC,RES1,m
213941,33.3908784,-117.1450848,360,88846.29,W1-m-RES1-DF,06073019002,RES,RES1,W1,MC,RES1,m
214011,36.7181755,-119.5325212,360,339345.3,W1-m-RES1-DF,06019006202,RES,RES1,W1,MC,RES1,m
214113,34.0437257,-117.3867642,360,160848.8,W1-m-RES1-DF,06071004003,RES,RES1,W1,MC,RES1,m
214198,38.5480623,-123.024235,360,126442.5,W1-m-RES1-DF,06097153709,RES,RES1,W1,MC,RES1,m
214265,38.0245526,-121.3141008,360,173894.6,W1-m-RES1-DF,06077003310,RES,RES1,W1,MC,RES1,m
214311,33.6518163,-117.5071044,360,65302.9,W1-m-RES1-DF,06059032041,RES,RES1,W1,MC,RES1,m
214384,36.8049393,-119.742957,360,219737.0,W1-m-RES1-DF,06019005304,RES,RES1,W1,MC,RES1,m
214446,33.937452,-116.9514019,360,17748.84,W1-m-RES1-DF,06065043818,RES,RES1,W1,MC,RES1,m
214540,37.7868659,-121.2731729,360,740301.1,W1-m-RES1-DF,06077005122,RES,RES1,W1,MC,RES1,m
214670,36.9617347,-120.0589263,360,73550.07,W1-m-RES1-DF,06039000802,RES,RES1,W1,MC,RES1,m
214759,33.9956333,-118.4203026,360,87886.9,W1-m-RES1-DF,06037275200,RES,RES1,W1,MC,RES1,m
214829,32.6311503,-117.0127578,360,260901.9,W1-m-RES1-DF,06073013414,RES,RES1,W1,MC,RES1,m
214894,34.0382967,-118.1545859,360,100074.1,W1-m-RES1-DF,06037530400,RES,RES1,W1,MC,RES1,m
214996,33.8231245,-116.5369013,360,32567.64,W1-m-RES1-DF,06065941400,RES,RES1,W1,MC,RES1,m
215057,33.8596484,-118.1925812,360,74840.4,W1-m-RES1-DF,06037570303,RES,RES1,W1,MC,RES1,m
215100,34.2905628,-118.4941725,360,544846.7,W1-m-RES1-DF,06037106645,RES,RES1,W1,MC,RES1,m
215217,36.3256057,-119.1200844,360,552155.2,W1-m-RES1-DF,06107001400,RES,RES1,W1,MC,RES1,m
215310,34.0872608,-118.296037,360,67505.13,W1-m-RES1-DF,06037191500,RES,RES1,W1,MC,RES1,m
215378,33.9799005,-117.3528319,360,35636.57,W1-m-RES1-DF,06065030503,RES,RES1,W1,MC,RES1,m
215438,37.6931543,-121.0417588,360,506166.0,W1-m-RES1-DF,06099000512,RES,RES1,W1,MC,RES1,m
215510,37.7609519,-122.4019893,360,322409.2,W1-m-RES1-DF,06075022704,RES,RES1,W1,MC,RES1,m
215595,34.0348455,-118.3046372,360,24242.55,W1-m-RES1-DF,06037221500,RES,RES1,W1,MC,RES1,m
215700,33.7363844,-117.8640244,360,207674.7,W1-m-RES1-DF,06059074602,RES,RES1,W1,MC,RES1,m
215812,34.1118065,-117.7812612,360,232531.0,W1-m-RES1-DF,06037408900,RES,RES1,W1,MC,RES1,m
215906,37.7453063,-122.1571742,360,150088.1,W1-m-RES1-DF,06001410200,RES,RES1,W1,MC,RES1,m
216056,34.2865005,-118.4160998,360,173131.4,W1-m-RES1-DF,06037104201,RES,RES1,W1,MC,RES1,m
216128,37.9689431,-122.2944098,360,404952.7,W1-m-RES1-DF,06013360200,RES,RES1,W1,MC,RES1,m
216264,37.4772604,-122.1329779,360,191739.2,W1-m-RES1-DF,06081611800,RES,RES1,W1,MC,RES1,m
216391,37.9594613,-122.3844207,360,166984.3,W1-m-RES1-DF,06013365002,RES,RES1,W1,MC,RES1,m
216515,32.7501624,-117.2185931,360,148922.3,W1-m-RES1-DF,06073006802,RES,RES1,W1,MC,RES1,m
216571,37.4800834,-122.2479926,360,595022.4,W1-m-RES1-DF,06081609900,RES,RES1,W1,MC,RES1,m
216624,33.175429,-117.2666505,360,35665.08,W1-m-RES1-DF,06073019809,RES,RES1,W1,MC,RES1,m
216697,33.9702059,-118.1616452,360,21190.42,W1-m-RES1-DF,06037534102,RES,RES1,W1,MC,RES1,m
216899,37.4798388,-122.2044791,360,175145.5,W1-m-RES1-DF,06081610500,RES,RES1,W1,MC,RES1,m
216978,33.8014503,-118.1934104,360,54424.76,W1-m-RES1-DF,06037573101,RES,RES1,W1,MC,RES1,m
217066,33.8682287,-118.0397288,360,551182.1,W1-m-RES1-DF,06037554518,RES,RES1,W1,MC,RES1,m
217114,36.7687839,-119.7790843,360,67554.0,W1-m-RES1-DF,06019003401,RES,RES1,W1,MC,RES1,m
217206,33.1274233,-117.1531487,360,73692.45,W1-m-RES1-DF,06073020310,RES,RES1,W1,MC,RES1,m
217287,33.962202,-118.2750006,360,40692.47,W1-m-RES1-DF,06037239702,RES,RES1,W1,MC,RES1,m
217378,34.0768408,-117.3768767,360,87023.85,W1-m-RES1-DF,06071003609,RES,RES1,W1,MC,RES1,m
217555,34.2763658,-119.2944448,360,52983.18,W1-m-RES1-DF,06111002400,RES,RES1,W1,MC,RES1,m
217666,34.2340798,-118.4488025,360,57920.55,W1-m-RES1-DF,06037120105,RES,RES1,W1,MC,RES1,m
217814,33.7762285,-118.3690173,360,494841.0,W1-m-RES1-DF,06037670417,RES,RES1,W1,MC,RES1,m
217864,34.1129684,-117.3642497,360,240103.5,W1-m-RES1-DF,06071003803,RES,RES1,W1,MC,RES1,m
217943,37.7409198,-121.823992,360,22229.77,W1-m-RES1-DF,06001450752,RES,RES1,W1,MC,RES1,m
218015,36.8282804,-119.659049,360,336590.0,W1-m-RES1-DF,06019005907,RES,RES1,W1,MC,RES1,m
218104,38.2395178,-122.1784603,360,247800.8,W1-m-RES1-DF,06095252204,RES,RES1,W1,MC,RES1,m
218229,34.0760031,-117.8613914,360,667643.6,W1-m-RES1-DF,06037403601,RES,RES1,W1,MC,RES1,m
218333,34.0598252,-118.2865323,360,7214.4,W1-m-RES1-DF,06037212204,RES,RES1,W1,MC,RES1,m
218434,32.9677362,-117.0571307,360,387099.2,W1-m-RES1-DF,06073017040,RES,RES1,W1,MC,RES1,m
218518,34.0723997,-117.9670237,360,153828.0,W1-m-RES1-DF,06037404806,RES,RES1,W1,MC,RES1,m
218579,36.1899328,-119.3214123,360,309440.0,W1-m-RES1-DF,06107002904,RES,RES1,W1,MC,RES1,m
218628,34.0292579,-117.8513684,360,124516.7,W1-m-RES1-DF,06037403404,RES,RES1,W1,MC,RES1,m
218677,37.3642463,-118.437388,360,226882.2,W1-m-RES1-DF,06027000300,RES,RES1,W1,MC,RES1,m
218803,34.2771069,-119.2516503,360,336342.9,W1-m-RES1-DF,06111001901,RES,RES1,W1,MC,RES1,m
218939,37.7887307,-122.4524293,360,333555.3,W1-m-RES1-DF,06075013300,RES,RES1,W1,MC,RES1,m
219081,34.1720072,-118.353119,360,195558.7,W1-m-RES1-DF,06037311200,RES,RES1,W1,MC,RES1,m
219140,34.2837188,-119.2043463,360,131077.0,W1-m-RES1-DF,06111009400,RES,RES1,W1,MC,RES1,m
219219,38.7329396,-121.2705132,360,243484.0,W1-m-RES1-DF,06061020713,RES,RES1,W1,MC,RES1,m
219303,33.7616099,-118.2947359,360,554433.7,W1-m-RES1-DF,06037295103,RES,RES1,W1,MC,RES1,m
219484,33.8066097,-118.0372135,360,278888.4,W1-m-RES1-DF,06059110113,RES,RES1,W1,MC,RES1,m
219558,34.0034845,-118.4598118,360,257493.3,W1-m-RES1-DF,06037273100,RES,RES1,W1,MC,RES1,m
219617,33.9128051,-118.3416726,360,37385.04,W1-m-RES1-DF,06037602510,RES,RES1,W1,MC,RES1,m
219832,36.212815,-121.1254693,360,139247.5,W1-m-RES1-DF,06053011302,RES,RES1,W1,MC,RES1,m
219914,34.0167262,-118.4182342,360,84448.32,W1-m-RES1-DF,06037271801,RES,RES1,W1,MC,RES1,m
220073,33.8257929,-116.4318499,360,20227.86,W1-m-RES1-DF,06065940600,RES,RES1,W1,MC,RES1,m
220139,36.9345915,-121.7679291,360,37235.55,W1-m-RES1-DF,06087110504,RES,RES1,W1,MC,RES1,m
220284,37.7546895,-120.8604232,360,894188.0,W1-m-RES1-DF,06099000202,RES,RES1,W1,MC,RES1,m
220338,33.9089692,-118.1644315,360,96176.07,W1-m-RES1-DF,06037553602,RES,RES1,W1,MC,RES1,m
220436,34.2109438,-118.2283376,360,171592.4,W1-m-RES1-DF,06037300503,RES,RES1,W1,MC,RES1,m
220522,32.9851335,-117.1744567,360,19657.9,W1-m-RES1-DF,06073017062,RES,RES1,W1,MC,RES1,m
220576,37.9572626,-122.01491,360,247598.4,W1-m-RES1-DF,06013337100,RES,RES1,W1,MC,RES1,m
220655,34.2274729,-119.0596977,360,218479.8,W1-m-RES1-DF,06111005503,RES,RES1,W1,MC,RES1,m
220689,34.4865291,-118.552028,360,15614.05,W1-m-RES1-DF,06037920120,RES,RES1,W1,MC,RES1,m
220750,37.6677204,-121.8281073,360,314042.8,W1-m-RES1-DF,06001450742,RES,RES1,W1,MC,RES1,m
220817,34.2199093,-118.5393555,360,64374.65,W1-m-RES1-DF,06037131021,RES,RES1,W1,MC,RES1,m
220946,37.9524848,-121.3008145,360,1112.444,W1-m-RES1-DF,06077000300,RES,RES1,W1,MC,RES1,m
221013,35.8715047,-119.264054,360,110264.0,W1-m-RES1-DF,06107004402,RES,RES1,W1,MC,RES1,m
221093,37.2453788,-121.8801869,360,126211.2,W1-m-RES1-DF,06085511915,RES,RES1,W1,MC,RES1,m
221150,33.9841386,-117.9033277,360,20535.2,W1-m-RES1-DF,06037408724,RES,RES1,W1,MC,RES1,m
221279,38.6097462,-122.9669388,360,250271.2,W1-m-RES1-DF,06097154000,RES,RES1,W1,MC,RES1,m
221527,37.540812,-121.97872,360,67607.1,W1-m-RES1-DF,06001441926,RES,RES1,W1,MC,RES1,m
221625,33.9380023,-117.4081832,360,266299.7,W1-m-RES1-DF,06065031401,RES,RES1,W1,MC,RES1,m
221672,34.1665091,-118.9266027,360,97891.68,W1-m-RES1-DF,06111005910,RES,RES1,W1,MC,RES1,m
221687,34.0814165,-117.3615997,360,12438.58,W1-m-RES1-DF,06071003611,RES,RES1,W1,MC,RES1,m
221908,33.9848466,-118.1524876,360,32576.88,W1-m-RES1-DF,06037532304,RES,RES1,W1,MC,RES1,m
221981,33.0613079,-117.275903,360,110167.2,W1-m-RES1-DF,06073017605,RES,RES1,W1,MC,RES1,m
222035,37.9638025,-122.5614951,360,579984.1,W1-m-RES1-DF,06041118100,RES,RES1,W1,MC,RES1,m
222136,32.7084535,-117.1381422,360,36641.51,W1-m-RES1-DF,06073004800,RES,RES1,W1,MC,RES1,m
222213,38.7326215,-121.0109264,360,702257.9,W1-m-RES1-DF,06017030801,RES,RES1,W1,MC,RES1,m
222225,38.4854276,-121.4563988,360,47623.0,W1-m-RES1-DF,06067004907,RES,RES1,W1,MC,RES1,m
222402,38.4509389,-122.736743,360,193407.0,W1-m-RES1-DF,06097153001,RES,RES1,W1,MC,RES1,m
222509,34.6173553,-118.1947725,360,33595.86,W1-m-RES1-DF,06037910210,RES,RES1,W1,MC,RES1,m
222575,40.3618083,-120.6742775,360,523261.2,W1-m-RES1-DF,06035040302,RES,RES1,W1,MC,RES1,m
222666,39.6722796,-121.5902502,360,164461.2,W1-m-RES1-DF,06007002300,RES,RES1,W1,MC,RES1,m
222725,37.4605444,-122.1476465,360,122590.5,W1-m-RES1-DF,06081612101,RES,RES1,W1,MC,RES1,m
222778,37.7523832,-122.4517871,360,389411.2,W1-m-RES1-DF,06075030500,RES,RES1,W1,MC,RES1,m
222807,34.270047,-118.3813338,360,1088.56,W1-m-RES1-DF,06037980021,RES,RES1,W1,MC,RES1,m
222868,37.7703481,-122.4377358,360,129333.2,W1-m-RES1-DF,06075016700,RES,RES1,W1,MC,RES1,m
223034,36.9803378,-121.9508138,360,100337.8,W1-m-RES1-DF,06087121802,RES,RES1,W1,MC,RES1,m
223109,33.8912309,-118.0639397,360,214039.0,W1-m-RES1-DF,06037552602,RES,RES1,W1,MC,RES1,m
223210,33.7902748,-118.2975505,360,41440.54,W1-m-RES1-DF,06037294421,RES,RES1,W1,MC,RES1,m
223327,38.3705059,-122.6996383,360,46775.58,W1-m-RES1-DF,06097151307,RES,RES1,W1,MC,RES1,m
223490,34.0620828,-118.3944002,360,251289.8,W1-m-RES1-DF,06037700902,RES,RES1,W1,MC,RES1,m
223597,32.688526,-117.0307834,360,45724.2,W1-m-RES1-DF,06073003213,RES,RES1,W1,MC,RES1,m
223625,33.8976939,-118.2950879,360,107765.3,W1-m-RES1-DF,06037603008,RES,RES1,W1,MC,RES1,m
223707,33.5365937,-117.7194079,360,213455.1,W1-m-RES1-DF,06059042326,RES,RES1,W1,MC,RES1,m
223827,33.7964377,-117.8843992,360,6363.69,W1-m-RES1-DF,06059076104,RES,RES1,W1,MC,RES1,m
223915,36.4355464,-121.3299972,360,136942.8,W1-m-RES1-DF,06053011104,RES,RES1,W1,MC,RES1,m
223982,32.7638395,-117.0835975,360,222599.7,W1-m-RES1-DF,06073002803,RES,RES1,W1,MC,RES1,m
224050,33.7235939,-117.9329098,360,392313.8,W1-m-RES1-DF,06059099226,RES,RES1,W1,MC,RES1,m
224096,34.1873507,-118.5606591,360,251352.0,W1-m-RES1-DF,06037134901,RES,RES1,W1,MC,RES1,m
224184,38.3856363,-122.9507491,360,165819.7,W1-m-RES1-DF,06097154306,RES,RES1,W1,MC,RES1,m
224274,34.0217432,-118.1822337,360,36963.79,W1-m-RES1-DF,06037531301,RES,RES1,W1,MC,RES1,m
224356,34.2690645,-118.5343557,360,635438.3,W1-m-RES1-DF,06037111206,RES,RES1,W1,MC,RES1,m
224383,33.8513236,-117.5872061,360,77269.92,W1-m-RES1-DF,06065041806,RES,RES1,W1,MC,RES1,m
224422,37.3249229,-121.764157,360,21781.34,W1-m-RES1-DF,06085503326,RES,RES1,W1,MC,RES1,m
224480,33.9992665,-118.4045296,360,69004.8,W1-m-RES1-DF,06037275101,RES,RES1,W1,MC,RES1,m
224686,34.111192,-117.814475,360,321594.8,W1-m-RES1-DF,06037401311,RES,RES1,W1,MC,RES1,m
224744,33.6205591,-117.2726363,360,20912.05,W1-m-RES1-DF,06065046405,RES,RES1,W1,MC,RES1,m
224781,36.2183673,-119.3587287,360,298894.0,W1-m-RES1-DF,06107002204,RES,RES1,W1,MC,RES1,m
224849,37.8947347,-122.3047951,360,121801.4,W1-m-RES1-DF,06001420301,RES,RES1,W1,MC,RES1,m
224908,37.7449859,-121.9480394,360,388270.1,W1-m-RES1-DF,06013345102,RES,RES1,W1,MC,RES1,m
225009,32.5966578,-117.0802103,360,26555.88,W1-m-RES1-DF,06073013205,RES,RES1,W1,MC,RES1,m
225102,33.8462667,-117.8849288,360,346551.6,W1-m-RES1-DF,06059086402,RES,RES1,W1,MC,RES1,m
225277,34.198294,-118.59964,360,54371.64,W1-m-RES1-DF,06037134520,RES,RES1,W1,MC,RES1,m
225323,38.4009925,-121.4098678,360,826546.0,W1-m-RES1-DF,06067009651,RES,RES1,W1,MC,RES1,m
225340,37.7160857,-122.4571712,360,279869.6,W1-m-RES1-DF,06075031402,RES,RES1,W1,MC,RES1,m
225366,37.7231655,-122.3685424,360,7782.9,W1-m-RES1-DF,06075980600,RES,RES1,W1,MC,RES1,m
225411,33.8604957,-117.3150981,360,142847.3,W1-m-RES1-DF,06065042009,RES,RES1,W1,MC,RES1,m
225505,34.184898,-118.344165,360,281973.8,W1-m-RES1-DF,06037311000,RES,RES1,W1,MC,RES1,m
225597,38.3108358,-122.2620496,360,389226.4,W1-m-RES1-DF,06055200400,RES,RES1,W1,MC,RES1,m
225637,38.7132482,-121.3406272,360,758003.1,W1-m-RES1-DF,06067007437,RES,RES1,W1,MC,RES1,m
225660,32.6235959,-117.1291773,360,187214.6,W1-m-RES1-DF,06073010601,RES,RES1,W1,MC,RES1,m
225681,33.8644669,-118.1891228,360,80083.1,W1-m-RES1-DF,06037570306,RES,RES1,W1,MC,RES1,m
225705,34.5369451,-117.2168232,360,75166.27,W1-m-RES1-DF,06071009727,RES,RES1,W1,MC,RES1,m
225777,37.4321826,-122.2034339,360,629806.1,W1-m-RES1-DF,06081612900,RES,RES1,W1,MC,RES1,m
225871,36.8121984,-119.7632007,360,58456.0,W1-m-RES1-DF,06019005403,RES,RES1,W1,MC,RES1,m
225995,33.9114883,-117.6312527,360,55304.68,W1-m-RES1-DF,06065040609,RES,RES1,W1,MC,RES1,m
226237,37.2792209,-121.9460918,360,251467.7,W1-m-RES1-DF,06085506502,RES,RES1,W1,MC,RES1,m
226366,36.6856739,-121.6550156,360,15326.1,W1-m-RES1-DF,06053001802,RES,RES1,W1,MC,RES1,m
226421,34.5616733,-118.0375369,360,49096.53,W1-m-RES1-DF,06037910714,RES,RES1,W1,MC,RES1,m
226530,37.7504463,-122.1837659,360,77281.77,W1-m-RES1-DF,06001409500,RES,RES1,W1,MC,RES1,m
226614,32.7979879,-117.1639702,360,42795.0,W1-m-RES1-DF,06073008701,RES,RES1,W1,MC,RES1,m
226762,36.9004008,-121.7665098,360,28030.2,W1-m-RES1-DF,06087110401,RES,RES1,W1,MC,RES1,m
226908,33.1166075,-117.3234185,360,115657.0,W1-m-RES1-DF,06073017813,RES,RES1,W1,MC,RES1,m
226962,37.6449187,-120.9254524,360,430271.0,W1-m-RES1-DF,06099002006,RES,RES1,W1,MC,RES1,m
227072,38.4078526,-122.7283931,360,194955.3,W1-m-RES1-DF,06097153201,RES,RES1,W1,MC,RES1,m
227161,34.0333803,-118.1944807,360,47151.7,W1-m-RES1-DF,06037203900,RES,RES1,W1,MC,RES1,m
227230,36.9667902,-120.0812696,360,506325.0,W1-m-RES1-DF,06039000701,RES,RES1,W1,MC,RES1,m
227304,33.9711665,-118.2465194,360,39402.73,W1-m-RES1-DF,06037535002,RES,RES1,W1,MC,RES1,m
227348,38.3861148,-122.6519679,360,187976.3,W1-m-RES1-DF,06097151505,RES,RES1,W1,MC,RES1,m
227386,38.5407306,-121.7024346,360,571115.2,W1-m-RES1-DF,06113010607,RES,RES1,W1,MC,RES1,m
227511,37.7378474,-122.1733603,360,151166.8,W1-m-RES1-DF,06001409300,RES,RES1,W1,MC,RES1,m
227596,37.3293246,-121.8781864,360,21441.95,W1-m-RES1-DF,06085501602,RES,RES1,W1,MC,RES1,m
227685,34.2352193,-118.4310495,360,168407.0,W1-m-RES1-DF,06037119801,RES,RES1,W1,MC,RES1,m
227791,39.1745665,-121.6462398,360,649644.9,W1-m-RES1-DF,06101050603,RES,RES1,W1,MC,RES1,m
227840,34.1120542,-117.3081812,360,70192.66,W1-m-RES1-DF,06071004800,RES,RES1,W1,MC,RES1,m
227908,33.2241243,-117.2353782,360,167459.4,W1-m-RES1-DF,06073019205,RES,RES1,W1,MC,RES1,m
227963,35.3407855,-119.2046722,360,280590.8,W1-m-RES1-DF,06029003213,RES,RES1,W1,MC,RES1,m
228131,35.493502,-120.6613921,360,175906.1,W1-m-RES1-DF,06079012502,RES,RES1,W1,MC,RES1,m
228277,34.0985766,-118.2961735,360,9152.0,W1-m-RES1-DF,06037191201,RES,RES1,W1,MC,RES1,m
228365,33.7440141,-116.9520967,360,86767.71,W1-m-RES1-DF,06065043308,RES,RES1,W1,MC,RES1,m
228428,36.6073772,-119.4571017,360,121293.0,W1-m-RES1-DF,06019006603,RES,RES1,W1,MC,RES1,m
228507,33.9771948,-118.1965242,360,47723.94,W1-m-RES1-DF,06037533602,RES,RES1,W1,MC,RES1,m
228615,37.8106454,-122.4245951,360,130185.3,W1-m-RES1-DF,06075010202,RES,RES1,W1,MC,RES1,m
228737,33.7629063,-118.135114,360,211722.7,W1-m-RES1-DF,06037577400,RES,RES1,W1,MC,RES1,m
228795,37.4093269,-121.8596884,360,601965.0,W1-m-RES1-DF,06085504315,RES,RES1,W1,MC,RES1,m
228826,34.1770962,-117.3024683,360,199675.1,W1-m-RES1-DF,06071004509,RES,RES1,W1,MC,RES1,m
228930,34.1878048,-118.8826181,360,140509.7,W1-m-RES1-DF,06111006900,RES,RES1,W1,MC,RES1,m
229130,34.0567584,-118.062176,360,20669.73,W1-m-RES1-DF,06037433506,RES,RES1,W1,MC,RES1,m
229229,34.5067523,-117.3135253,360,116937.6,W1-m-RES1-DF,06071009912,RES,RES1,W1,MC,RES1,m
229266,36.6701185,-121.6776093,360,203984.6,W1-m-RES1-DF,06053001600,RES,RES1,W1,MC,RES1,m
229359,34.2237427,-118.2192387,360,843277.1,W1-m-RES1-DF,06037460601,RES,RES1,W1,MC,RES1,m
229470,38.4423863,-121.466027,360,492582.0,W1-m-RES1-DF,06067009618,RES,RES1,W1,MC,RES1,m
229511,37.807347,-122.4749184,360,73376.52,W1-m-RES1-DF,06075060100,RES,RES1,W1,MC,RES1,m
229582,33.9551285,-118.1484663,360,103982.1,W1-m-RES1-DF,06037550802,RES,RES1,W1,MC,RES1,m
229676,36.6892587,-119.5750615,360,300552.1,W1-m-RES1-DF,06019006101,RES,RES1,W1,MC,RES1,m
229723,36.7901386,-119.8353599,360,205831.0,W1-m-RES1-DF,06019004703,RES,RES1,W1,MC,RES1,m
229754,37.3407497,-122.0798238,360,719726.3,W1-m-RES1-DF,06085510100,RES,RES1,W1,MC,RES1,m
229822,38.5740594,-121.440758,360,526709.7,W1-m-RES1-DF,06067000200,RES,RES1,W1,MC,RES1,m
229862,34.376269,-118.5185808,360,20868.84,W1-m-RES1-DF,06037920342,RES,RES1,W1,MC,RES1,m
229950,38.322283,-122.6934098,360,334220.7,W1-m-RES1-DF,06097151203,RES,RES1,W1,MC,RES1,m
230022,37.8018998,-122.4052575,360,89067.13,W1-m-RES1-DF,06075010402,RES,RES1,W1,MC,RES1,m
230096,33.9304056,-117.2250806,360,60910.18,W1-m-RES1-DF,06065042520,RES,RES1,W1,MC,RES1,m
230174,33.7888906,-117.9105799,360,318316.4,W1-m-RES1-DF,06059088403,RES,RES1,W1,MC,RES1,m
230313,33.9352796,-118.1339117,360,103288.4,W1-m-RES1-DF,06037551300,RES,RES1,W1,MC,RES1,m
230514,37.9559478,-121.2858947,360,2204.219,W1-m-RES1-DF,06077000102,RES,RES1,W1,MC,RES1,m
230616,33.9334312,-118.2857529,360,152391.0,W1-m-RES1-DF,06037241202,RES,RES1,W1,MC,RES1,m
230681,33.7803613,-118.0368158,360,346790.7,W1-m-RES1-DF,06059110005,RES,RES1,W1,MC,RES1,m
230700,38.5017199,-121.5454108,360,474557.0,W1-m-RES1-DF,06067004015,RES,RES1,W1,MC,RES1,m
230738,37.6002716,-122.4182149,360,474658.0,W1-m-RES1-DF,06081604600,RES,RES1,W1,MC,RES1,m
230784,32.8079329,-116.7640796,360,213022.2,W1-m-RES1-DF,06073021204,RES,RES1,W1,MC,RES1,m
230824,38.4732642,-121.3162322,360,816029.3,W1-m-RES1-DF,06067009330,RES,RES1,W1,MC,RES1,m
230934,40.6530627,-124.2233155,360,429732.2,W1-m-RES1-DF,06023010800,RES,RES1,W1,MC,RES1,m
231049,37.2550203,-121.9400151,360,310864.9,W1-m-RES1-DF,06085502704,RES,RES1,W1,MC,RES1,m
231118,37.8337423,-121.0633993,360,389978.8,W1-m-RES1-DF,06077004906,RES,RES1,W1,MC,RES1,m
231229,32.8513885,-116.9321095,360,90695.12,W1-m-RES1-DF,06073016705,RES,RES1,W1,MC,RES1,m
231263,33.9465593,-118.240423,360,28907.58,W1-m-RES1-DF,06037242202,RES,RES1,W1,MC,RES1,m
231310,34.6968119,-118.1081654,360,130127.3,W1-m-RES1-DF,06037900608,RES,RES1,W1,MC,RES1,m
231447,32.8462115,-116.9780656,360,76107.72,W1-m-RES1-DF,06073016615,RES,RES1,W1,MC,RES1,m
231527,36.8703229,-119.763675,360,629444.0,W1-m-RES1-DF,06019005516,RES,RES1,W1,MC,RES1,m
231606,36.6632958,-121.6049632,360,425.0,W1-m-RES1-DF,06053980000,RES,RES1,W1,MC,RES1,m
231714,38.3694953,-122.3628375,360,398918.6,W1-m-RES1-DF,06055201200,RES,RES1,W1,MC,RES1,m
231789,37.9035472,-121.6319653,360,133461.9,W1-m-RES1-DF,06013304007,RES,RES1,W1,MC,RES1,m
231851,32.7824563,-117.1653561,360,167129.5,W1-m-RES1-DF,06073008800,RES,RES1,W1,MC,RES1,m
231896,34.0376682,-118.0694193,360,34347.28,W1-m-RES1-DF,06037980036,RES,RES1,W1,MC,RES1,m
232009,34.0837728,-118.3388222,360,194271.4,W1-m-RES1-DF,06037191902,RES,RES1,W1,MC,RES1,m
232068,38.9508575,-120.7300282,360,73457.28,W1-m-RES1-DF,06017030604,RES,RES1,W1,MC,RES1,m
232140,34.0726142,-118.3073155,360,39075.36,W1-m-RES1-DF,06037211410,RES,RES1,W1,MC,RES1,m
232293,37.9283069,-122.3567115,360,327904.9,W1-m-RES1-DF,06013379000,RES,RES1,W1,MC,RES1,m
232348,34.0407402,-117.9245461,360,101678.2,W1-m-RES1-DF,06037407902,RES,RES1,W1,MC,RES1,m
232408,34.1745779,-118.6102569,360,160404.4,W1-m-RES1-DF,06037137202,RES,RES1,W1,MC,RES1,m
232469,37.5856169,-121.9620462,360,241435.6,W1-m-RES1-DF,06001441100,RES,RES1,W1,MC,RES1,m
232570,37.9837231,-121.7056383,360,149732.8,W1-m-RES1-DF,06013302007,RES,RES1,W1,MC,RES1,m
232734,37.7601234,-122.3852679,360,148733.1,W1-m-RES1-DF,06075022600,RES,RES1,W1,MC,RES1,m
233054,37.3306153,-121.8955567,360,103041.2,W1-m-RES1-DF,06085500800,RES,RES1,W1,MC,RES1,m
233160,33.9928507,-117.3656092,360,76589.06,W1-m-RES1-DF,06065030103,RES,RES1,W1,MC,RES1,m
233203,38.0910546,-122.2030664,360,146917.8,W1-m-RES1-DF,06095250502,RES,RES1,W1,MC,RES1,m
233293,34.094395,-118.319013,360,11464.71,W1-m-RES1-DF,06037190902,RES,RES1,W1,MC,RES1,m
233576,37.7753353,-122.4022844,360,85930.85,W1-m-RES1-DF,06075018000,RES,RES1,W1,MC,RES1,m
233679,33.6322217,-117.6565092,360,231860.1,W1-m-RES1-DF,06059032032,RES,RES1,W1,MC,RES1,m
233721,34.1162767,-117.6203447,360,357763.6,W1-m-RES1-DF,06071000812,RES,RES1,W1,MC,RES1,m
233757,33.898257,-118.3395521,360,189104.0,W1-m-RES1-DF,06037603703,RES,RES1,W1,MC,RES1,m
233817,33.7780719,-118.0585144,360,856067.4,W1-m-RES1-DF,06059110012,RES,RES1,W1,MC,RES1,m
233856,33.9436514,-118.3633461,360,30223.2,W1-m-RES1-DF,06037601501,RES,RES1,W1,MC,RES1,m
233995,38.5336236,-121.4693182,360,185008.2,W1-m-RES1-DF,06067003700,RES,RES1,W1,MC,RES1,m
234019,41.2860192,-122.4609376,360,155926.8,W1-m-RES1-DF,06093001001,RES,RES1,W1,MC,RES1,m
234062,34.0418546,-118.3794518,360,26639.91,W1-m-RES1-DF,06037269601,RES,RES1,W1,MC,RES1,m
234124,38.6135131,-121.4515224,360,41774.4,W1-m-RES1-DF,06067006802,RES,RES1,W1,MC,RES1,m
234241,37.3315973,-121.9439802,360,450943.1,W1-m-RES1-DF,06085505800,RES,RES1,W1,MC,RES1,m
234323,33.9274048,-118.4038218,360,345470.9,W1-m-RES1-DF,06037620001,RES,RES1,W1,MC,RES1,m
234439,36.9747885,-121.969755,360,125727.3,W1-m-RES1-DF,06087121702,RES,RES1,W1,MC,RES1,m
234517,37.4406529,-122.2489961,360,627373.6,W1-m-RES1-DF,06081613300,RES,RES1,W1,MC,RES1,m
234579,34.0412046,-118.4672574,360,22387.2,W1-m-RES1-DF,06037267405,RES,RES1,W1,MC,RES1,m
234704,34.0158731,-118.1597749,360,62637.0,W1-m-RES1-DF,06037531702,RES,RES1,W1,MC,RES1,m
234791,34.4371897,-119.6890139,360,619148.3,W1-m-RES1-DF,06083000600,RES,RES1,W1,MC,RES1,m
234892,35.5323359,-121.0767032,360,245593.2,W1-m-RES1-DF,06079010403,RES,RES1,W1,MC,RES1,m
234977,35.3910584,-119.1369582,360,78131.56,W1-m-RES1-DF,06029003816,RES,RES1,W1,MC,RES1,m
235017,37.9412497,-122.0417539,360,478362.4,W1-m-RES1-DF,06013338102,RES,RES1,W1,MC,RES1,m
235092,36.6015567,-121.8432617,360,123381.4,W1-m-RES1-DF,06053013600,RES,RES1,W1,MC,RES1,m
235199,34.0805209,-118.4165583,360,784168.8,W1-m-RES1-DF,06037700700,RES,RES1,W1,MC,RES1,m
235288,36.3293134,-121.2400259,360,108801.6,W1-m-RES1-DF,06053011202,RES,RES1,W1,MC,RES1,m
235375,37.3799483,-122.023162,360,150222.9,W1-m-RES1-DF,06085508707,RES,RES1,W1,MC,RES1,m
235423,34.0948043,-118.1743332,360,94408.34,W1-m-RES1-DF,06037201110,RES,RES1,W1,MC,RES1,m
235539,37.7968323,-122.4337546,360,67473.28,W1-m-RES1-DF,06075013002,RES,RES1,W1,MC,RES1,m
235729,34.0943604,-118.3299158,360,29638.4,W1-m-RES1-DF,06037190802,RES,RES1,W1,MC,RES1,m
235831,37.5066106,-120.8537161,360,33020.0,W1-m-RES1-DF,06099003908,RES,RES1,W1,MC,RES1,m
235904,38.848668,-119.9502341,360,480252.6,W1-m-RES1-DF,06017030507,RES,RES1,W1,MC,RES1,m
236031,33.7442645,-117.899419,360,80539.36,W1-m-RES1-DF,06059074802,RES,RES1,W1,MC,RES1,m
236179,37.9314923,-122.031045,360,981955.8,W1-m-RES1-DF,06013338201,RES,RES1,W1,MC,RES1,m
236273,34.0684645,-117.2511419,360,86710.48,W1-m-RES1-DF,06071007201,RES,RES1,W1,MC,RES1,m
236367,37.7981065,-122.266955,360,8249.346,W1-m-RES1-DF,06001403301,RES,RES1,W1,MC,RES1,m
236441,34.0743077,-118.3857264,360,66447.87,W1-m-RES1-DF,06037214904,RES,RES1,W1,MC,RES1,m
236554,37.3061059,-121.9278721,360,60332.5,W1-m-RES1-DF,06085502104,RES,RES1,W1,MC,RES1,m
236605,33.5409988,-117.6451783,360,141044.1,W1-m-RES1-DF,06059032058,RES,RES1,W1,MC,RES1,m
236705,37.8207423,-122.273409,360,84544.44,W1-m-RES1-DF,06001401400,RES,RES1,W1,MC,RES1,m
236800,34.001808,-118.2792325,360,24034.01,W1-m-RES1-DF,06037231902,RES,RES1,W1,MC,RES1,m
236852,36.3057992,-119.8032657,360,268448.0,W1-m-RES1-DF,06031000406,RES,RES1,W1,MC,RES1,m
236963,37.9866563,-121.8155459,360,190617.7,W1-m-RES1-DF,06013307101,RES,RES1,W1,MC,RES1,m
237019,34.0222083,-118.3226729,360,113834.8,W1-m-RES1-DF,06037219020,RES,RES1,W1,MC,RES1,m
237096,36.9173419,-121.7441342,360,142380.7,W1-m-RES1-DF,06087110102,RES,RES1,W1,MC,RES1,m
237208,34.1757378,-118.3642963,360,94146.64,W1-m-RES1-DF,06037124300,RES,RES1,W1,MC,RES1,m
237285,32.7620185,-117.0103064,360,222586.6,W1-m-RES1-DF,06073014901,RES,RES1,W1,MC,RES1,m
237388,35.3604441,-119.0153687,360,83444.25,W1-m-RES1-DF,06029002002,RES,RES1,W1,MC,RES1,m
237469,40.9502798,-123.2351549,360,298671.4,W1-m-RES1-DF,06105000200,RES,RES1,W1,MC,RES1,m
237510,33.0026703,-116.7739397,360,29703.54,W1-m-RES1-DF,06073020811,RES,RES1,W1,MC,RES1,m
237541,33.8493201,-118.191734,360,68374.3,W1-m-RES1-DF,06037571703,RES,RES1,W1,MC,RES1,m
237717,37.6546407,-121.0306027,360,254067.7,W1-m-RES1-DF,06099000602,RES,RES1,W1,MC,RES1,m
237810,33.8585141,-117.4974545,360,35321.58,W1-m-RES1-DF,06065041415,RES,RES1,W1,MC,RES1,m
237904,37.1159262,-121.6532803,360,85233.58,W1-m-RES1-DF,06085512313,RES,RES1,W1,MC,RES1,m
238003,38.6165035,-121.3109972,360,556036.4,W1-m-RES1-DF,06067007802,RES,RES1,W1,MC,RES1,m
238044,34.2142143,-118.3705556,360,72886.08,W1-m-RES1-DF,06037122121,RES,RES1,W1,MC,RES1,m
238119,34.8349834,-117.1482404,360,156350.3,W1-m-RES1-DF,06071011802,RES,RES1,W1,MC,RES1,m
238172,34.24691,-116.8516241,360,295896.0,W1-m-RES1-DF,06071011405,RES,RES1,W1,MC,RES1,m
238216,34.2026924,-118.5855271,360,127895.6,W1-m-RES1-DF,06037134002,RES,RES1,W1,MC,RES1,m
238262,37.7021431,-122.4318027,360,309944.5,W1-m-RES1-DF,06081600300,RES,RES1,W1,MC,RES1,m
238394,33.8701465,-118.3023094,360,174993.8,W1-m-RES1-DF,06037603200,RES,RES1,W1,MC,RES1,m
238525,34.2529415,-118.5934782,360,134695.4,W1-m-RES1-DF,06037113323,RES,RES1,W1,MC,RES1,m
238589,32.7839546,-116.9482329,360,78331.01,W1-m-RES1-DF,06073015407,RES,RES1,W1,MC,RES1,m
238671,38.8664057,-121.1914705,360,409789.0,W1-m-RES1-DF,06061021204,RES,RES1,W1,MC,RES1,m
238743,40.5335307,-122.3930037,360,473919.0,W1-m-RES1-DF,06089011002,RES,RES1,W1,MC,RES1,m
238817,33.9650257,-116.5060565,360,72210.88,W1-m-RES1-DF,06065044509,RES,RES1,W1,MC,RES1,m
238870,33.7028358,-117.1643829,360,94100.72,W1-m-RES1-DF,06065042752,RES,RES1,W1,MC,RES1,m
238914,35.1294913,-119.4622029,360,221680.8,W1-m-RES1-DF,06029003600,RES,RES1,W1,MC,RES1,m
239191,36.7082365,-120.1192112,360,357126.3,W1-m-RES1-DF,06019003900,RES,RES1,W1,MC,RES1,m
239244,36.9512885,-120.0451888,360,279790.0,W1-m-RES1-DF,06039000902,RES,RES1,W1,MC,RES1,m
239298,33.5554102,-117.0783394,360,13042.01,W1-m-RES1-DF,06065043297,RES,RES1,W1,MC,RES1,m
239358,37.7647879,-122.4240946,360,39337.06,W1-m-RES1-DF,06075020201,RES,RES1,W1,MC,RES1,m
239482,33.8814617,-118.2121771,360,151804.3,W1-m-RES1-DF,06037542402,RES,RES1,W1,MC,RES1,m
239535,36.818587,-119.8507578,360,239203.0,W1-m-RES1-DF,06019004213,RES,RES1,W1,MC,RES1,m
239603,33.3971255,-117.2419668,360,190225.9,W1-m-RES1-DF,06073018903,RES,RES1,W1,MC,RES1,m
239671,33.8050178,-116.536936,360,303458.3,W1-m-RES1-DF,06065044805,RES,RES1,W1,MC,RES1,m
239788,34.2511012,-118.2525977,360,603899.8,W1-m-RES1-DF,06037300301,RES,RES1,W1,MC,RES1,m
239842,37.356236,-121.9983729,360,11221.47,W1-m-RES1-DF,06085508507,RES,RES1,W1,MC,RES1,m
239966,34.036336,-118.387153,360,229972.3,W1-m-RES1-DF,06037269700,RES,RES1,W1,MC,RES1,m
240030,32.7250358,-116.9790904,360,72333.76,W1-m-RES1-DF,06073013504,RES,RES1,W1,MC,RES1,m
240061,37.8185883,-121.2386569,360,454084.0,W1-m-RES1-DF,06077005134,RES,RES1,W1,MC,RES1,m
240196,38.4048427,-121.9313985,360,236589.3,W1-m-RES1-DF,06095252904,RES,RES1,W1,MC,RES1,m
240320,37.8910377,-122.2812606,360,614560.0,W1-m-RES1-DF,06001421300,RES,RES1,W1,MC,RES1,m
240394,37.8120851,-122.2190899,360,395100.7,W1-m-RES1-DF,06001405000,RES,RES1,W1,MC,RES1,m
240630,34.027317,-118.3023777,360,89573.63,W1-m-RES1-DF,06037222100,RES,RES1,W1,MC,RES1,m
240690,34.7933571,-118.2199113,360,20992.64,W1-m-RES1-DF,06037900902,RES,RES1,W1,MC,RES1,m
240768,32.9286051,-117.2301246,360,32432.94,W1-m-RES1-DF,06073008373,RES,RES1,W1,MC,RES1,m
240946,38.8972765,-120.0072676,360,290694.4,W1-m-RES1-DF,06017030402,RES,RES1,W1,MC,RES1,m
241048,39.1611141,-121.005663,360,498223.0,W1-m-RES1-DF,06057000702,RES,RES1,W1,MC,RES1,m
241103,35.2390042,-118.911723,360,54314.97,W1-m-RES1-DF,06029006404,RES,RES1,W1,MC,RES1,m
241177,34.0700618,-117.1781209,360,65885.67,W1-m-RES1-DF,06071008003,RES,RES1,W1,MC,RES1,m
241271,34.0227451,-117.6828193,360,256107.4,W1-m-RES1-DF,06071000604,RES,RES1,W1,MC,RES1,m
241308,32.9283981,-117.1225673,360,101773.2,W1-m-RES1-DF,06073008381,RES,RES1,W1,MC,RES1,m
241642,34.6136153,-118.1327083,360,179335.1,W1-m-RES1-DF,06037910218,RES,RES1,W1,MC,RES1,m
241687,38.5972308,-121.3242593,360,202503.5,W1-m-RES1-DF,06067008909,RES,RES1,W1,MC,RES1,m
241796,37.9149121,-120.3980846,360,393641.1,W1-m-RES1-DF,06109005101,RES,RES1,W1,MC,RES1,m
241948,36.7090138,-119.5638396,360,225589.0,W1-m-RES1-DF,06019006002,RES,RES1,W1,MC,RES1,m
242005,32.7850586,-117.0733912,360,558524.2,W1-m-RES1-DF,06073009705,RES,RES1,W1,MC,RES1,m
242038,33.9243583,-118.2341162,360,70997.08,W1-m-RES1-DF,06037540600,RES,RES1,W1,MC,RES1,m
242143,33.8800941,-118.3916672,360,344350.5,W1-m-RES1-DF,06037620802,RES,RES1,W1,MC,RES1,m
242222,33.8909348,-118.304508,360,81285.12,W1-m-RES1-DF,06037603006,RES,RES1,W1,MC,RES1,m
242311,37.2007899,-119.6956425,360,533324.9,W1-m-RES1-DF,06039000110,RES,RES1,W1,MC,RES1,m
242368,32.6335939,-117.0936978,360,27916.0,W1-m-RES1-DF,06073012501,RES,RES1,W1,MC,RES1,m
242506,34.1174905,-118.2455175,360,22079.13,W1-m-RES1-DF,06037186401,RES,RES1,W1,MC,RES1,m
242610,34.1060811,-117.7639868,360,270673.5,W1-m-RES1-DF,06037401602,RES,RES1,W1,MC,RES1,m
242677,33.7308151,-117.8825425,360,225214.5,W1-m-RES1-DF,06059074702,RES,RES1,W1,MC,RES1,m
242738,40.5789707,-121.8493587,360,229620.5,W1-m-RES1-DF,06089012604,RES,RES1,W1,MC,RES1,m
242792,33.962408,-118.2629489,360,72183.83,W1-m-RES1-DF,06037239802,RES,RES1,W1,MC,RES1,m
242863,37.6629029,-121.0548486,360,483068.5,W1-m-RES1-DF,06099000601,RES,RES1,W1,MC,RES1,m
243012,34.1048517,-117.7978096,360,342667.0,W1-m-RES1-DF,06037400304,RES,RES1,W1,MC,RES1,m
243093,34.2136956,-118.6209257,360,388251.7,W1-m-RES1-DF,06037134302,RES,RES1,W1,MC,RES1,m
243182,37.9672954,-121.2542262,360,35837.45,W1-m-RES1-DF,06077001800,RES,RES1,W1,MC,RES1,m
243251,34.1351285,-118.2491936,360,30884.12,W1-m-RES1-DF,06037302504,RES,RES1,W1,MC,RES1,m
243330,36.4515644,-119.4467551,360,123297.5,W1-m-RES1-DF,06107000302,RES,RES1,W1,MC,RES1,m
243403,34.1128414,-117.3322549,360,126324.6,W1-m-RES1-DF,06071004302,RES,RES1,W1,MC,RES1,m
243465,34.0957106,-117.4468885,360,34661.98,W1-m-RES1-DF,06071002804,RES,RES1,W1,MC,RES1,m
243504,37.488909,-122.2762011,360,321876.1,W1-m-RES1-DF,06081609602,RES,RES1,W1,MC,RES1,m
243537,38.2700745,-122.006417,360,255873.6,W1-m-RES1-DF,06095252610,RES,RES1,W1,MC,RES1,m
243572,37.7601324,-122.2593887,360,178522.6,W1-m-RES1-DF,06001428500,RES,RES1,W1,MC,RES1,m
243658,37.6810989,-122.4788078,360,435230.0,W1-m-RES1-DF,06081601400,RES,RES1,W1,MC,RES1,m
243742,33.836022,-118.158392,360,417594.0,W1-m-RES1-DF,06037571400,RES,RES1,W1,MC,RES1,m
243801,38.4219801,-122.1823391,360,103035.2,W1-m-RES1-DF,06055201403,RES,RES1,W1,MC,RES1,m
243852,34.4878822,-117.197475,360,57811.05,W1-m-RES1-DF,06071009721,RES,RES1,W1,MC,RES1,m
243954,37.7324326,-121.421163,360,8638.324,W1-m-RES1-DF,06077005405,RES,RES1,W1,MC,RES1,m
244064,33.8886904,-118.2870814,360,158088.7,W1-m-RES1-DF,06037291210,RES,RES1,W1,MC,RES1,m
244146,33.6195275,-117.6376827,360,144874.4,W1-m-RES1-DF,06059032037,RES,RES1,W1,MC,RES1,m
244288,33.6446413,-117.9767121,360,499039.8,W1-m-RES1-DF,06059099220,RES,RES1,W1,MC,RES1,m
244383,37.9855938,-121.3159453,360,21834.81,W1-m-RES1-DF,06077003116,RES,RES1,W1,MC,RES1,m
244513,34.049584,-118.3424594,360,48415.45,W1-m-RES1-DF,06037217200,RES,RES1,W1,MC,RES1,m
244722,34.0735978,-117.5077958,360,175341.0,W1-m-RES1-DF,06071002204,RES,RES1,W1,MC,RES1,m
244830,36.7319333,-121.6896251,360,76386.42,W1-m-RES1-DF,06053010504,RES,RES1,W1,MC,RES1,m
244919,34.1021592,-118.0597828,360,326098.1,W1-m-RES1-DF,06037432002,RES,RES1,W1,MC,RES1,m
245010,37.6685047,-122.11212,360,43325.18,W1-m-RES1-DF,06001436200,RES,RES1,W1,MC,RES1,m
245136,34.238143,-118.4987424,360,509479.2,W1-m-RES1-DF,06037117302,RES,RES1,W1,MC,RES1,m
245217,41.6608649,-122.6745712,360,409963.0,W1-m-RES1-DF,06093000701,RES,RES1,W1,MC,RES1,m
245271,33.5281671,-114.6694119,360,117490.2,W1-m-RES1-DF,06065045900,RES,RES1,W1,MC,RES1,m
245358,34.154452,-118.1488732,360,57687.09,W1-m-RES1-DF,06037461901,RES,RES1,W1,MC,RES1,m
245434,36.8306918,-119.7326786,360,174172.0,W1-m-RES1-DF,06019005605,RES,RES1,W1,MC,RES1,m
245461,33.6619506,-116.189441,360,28874.94,W1-m-RES1-DF,06065045708,RES,RES1,W1,MC,RES1,m
245534,34.0995052,-117.392199,360,24475.6,W1-m-RES1-DF,06071003510,RES,RES1,W1,MC,RES1,m
245597,37.5218355,-121.932256,360,69990.76,W1-m-RES1-DF,06001443105,RES,RES1,W1,MC,RES1,m
245837,39.0410532,-121.4339803,360,357154.1,W1-m-RES1-DF,06115040800,RES,RES1,W1,MC,RES1,m
245953,37.6985123,-122.1575782,360,618060.9,W1-m-RES1-DF,06001433300,RES,RES1,W1,MC,RES1,m
246013,33.8829956,-118.3393815,360,389792.6,W1-m-RES1-DF,06037603702,RES,RES1,W1,MC,RES1,m
246053,33.9177523,-116.4319169,360,570.846,W1-m-RES1-DF,06065047201,RES,RES1,W1,MC,RES1,m
246128,33.9645064,-117.7026857,360,287038.5,W1-m-RES1-DF,06071000120,RES,RES1,W1,MC,RES1,m
246228,32.7518842,-117.1289229,360,64944.8,W1-m-RES1-DF,06073001301,RES,RES1,W1,MC,RES1,m
246278,33.0297828,-117.0548471,360,308197.1,W1-m-RES1-DF,06073017059,RES,RES1,W1,MC,RES1,m
246352,38.5845228,-122.8226027,360,94508.84,W1-m-RES1-DF,06097153904,RES,RES1,W1,MC,RES1,m
246543,36.9011737,-121.3587465,360,335872.0,W1-m-RES1-DF,06069000100,RES,RES1,W1,MC,RES1,m
246653,34.00781,-118.3313568,360,84348.0,W1-m-RES1-DF,06037234301,RES,RES1,W1,MC,RES1,m
246697,38.5072047,-121.5248771,360,431736.0,W1-m-RES1-DF,06067004006,RES,RES1,W1,MC,RES1,m
246755,36.3207094,-119.778526,360,340662.0,W1-m-RES1-DF,06031000403,RES,RES1,W1,MC,RES1,m
246804,33.9159653,-118.2135933,360,55769.75,W1-m-RES1-DF,06037540502,RES,RES1,W1,MC,RES1,m
246890,37.3161335,-118.5534882,360,73375.05,W1-m-RES1-DF,06027000200,RES,RES1,W1,MC,RES1,m
246969,34.2797379,-118.4939447,360,328694.8,W1-m-RES1-DF,06037106646,RES,RES1,W1,MC,RES1,m
247138,33.6209027,-117.9165233,360,525469.8,W1-m-RES1-DF,06059063400,RES,RES1,W1,MC,RES1,m
247194,38.3191257,-121.924618,360,107741.4,W1-m-RES1-DF,06095252915,RES,RES1,W1,MC,RES1,m
247283,36.7926787,-119.8702496,360,235410.0,W1-m-RES1-DF,06019003809,RES,RES1,W1,MC,RES1,m
247345,34.0737571,-118.2633774,360,26782.03,W1-m-RES1-DF,06037195720,RES,RES1,W1,MC,RES1,m
247496,37.3235979,-120.607301,360,693873.2,W1-m-RES1-DF,06047000702,RES,RES1,W1,MC,RES1,m
247533,34.3132628,-118.4400764,360,6157.36,W1-m-RES1-DF,06037106408,RES,RES1,W1,MC,RES1,m
247623,34.0874189,-117.7134868,360,219974.6,W1-m-RES1-DF,06037402002,RES,RES1,W1,MC,RES1,m
247685,37.0431408,-119.9882049,360,508896.6,W1-m-RES1-DF,06039000514,RES,RES1,W1,MC,RES1,m
247776,37.6876466,-122.1145204,360,143908.8,W1-m-RES1-DF,06001433700,RES,RES1,W1,MC,RES1,m
247843,33.7942301,-116.4493909,360,61758.48,W1-m-RES1-DF,06065044916,RES,RES1,W1,MC,RES1,m
248001,37.6431726,-122.1115983,360,274465.1,W1-m-RES1-DF,06001437200,RES,RES1,W1,MC,RES1,m
248064,34.1348083,-117.7779112,360,490667.1,W1-m-RES1-DF,06037400207,RES,RES1,W1,MC,RES1,m
248213,37.7959455,-122.277268,360,38898.46,W1-m-RES1-DF,06001983200,RES,RES1,W1,MC,RES1,m
248254,34.0508472,-118.2114522,360,17011.77,W1-m-RES1-DF,06037203602,RES,RES1,W1,MC,RES1,m
248284,33.9496836,-117.4643999,360,73875.54,W1-m-RES1-DF,06065041001,RES,RES1,W1,MC,RES1,m
248305,34.4520113,-117.5382885,360,14272.88,W1-m-RES1-DF,06071009123,RES,RES1,W1,MC,RES1,m
248383,38.5476099,-121.4711098,360,193683.6,W1-m-RES1-DF,06067002700,RES,RES1,W1,MC,RES1,m
248425,37.7744602,-122.4837889,360,270276.3,W1-m-RES1-DF,06075047702,RES,RES1,W1,MC,RES1,m
248657,34.0340797,-118.4524613,360,153318.2,W1-m-RES1-DF,06037267600,RES,RES1,W1,MC,RES1,m
248723,34.4465685,-119.80683,360,381280.0,W1-m-RES1-DF,06083002913,RES,RES1,W1,MC,RES1,m
248763,33.9680493,-117.5626522,360,14517.4,W1-m-RES1-DF,06065040621,RES,RES1,W1,MC,RES1,m
248786,37.7519364,-122.4716313,360,554919.4,W1-m-RES1-DF,06075030302,RES,RES1,W1,MC,RES1,m
248933,32.6925295,-117.1440193,360,12699.19,W1-m-RES1-DF,06073005000,RES,RES1,W1,MC,RES1,m
248992,33.8706184,-117.3647047,360,72703.12,W1-m-RES1-DF,06065042003,RES,RES1,W1,MC,RES1,m
249117,37.5641565,-120.949922,360,429560.0,W1-m-RES1-DF,06099003002,RES,RES1,W1,MC,RES1,m
249214,38.339239,-122.4691776,360,225662.0,W1-m-RES1-DF,06097150306,RES,RES1,W1,MC,RES1,m
249302,33.6288846,-117.6812546,360,8441.235,W1-m-RES1-DF,06059032027,RES,RES1,W1,MC,RES1,m
249406,33.9542813,-118.2050283,360,80773.84,W1-m-RES1-DF,06037535702,RES,RES1,W1,MC,RES1,m
249530,37.9651247,-121.2685355,360,14487.4,W1-m-RES1-DF,06077001600,RES,RES1,W1,MC,RES1,m
249572,38.608575,-121.5307665,360,630355.8,W1-m-RES1-DF,06067007020,RES,RES1,W1,MC,RES1,m
249676,36.3080545,-119.6308433,360,210850.0,W1-m-RES1-DF,06031001100,RES,RES1,W1,MC,RES1,m
249818,33.7410279,-118.2837798,360,27574.02,W1-m-RES1-DF,06037296220,RES,RES1,W1,MC,RES1,m
249908,37.3402713,-120.8828702,360,140661.8,W1-m-RES1-DF,06047000401,RES,RES1,W1,MC,RES1,m
249964,40.6078798,-122.4161068,360,427261.7,W1-m-RES1-DF,06089010702,RES,RES1,W1,MC,RES1,m
250017,33.1446732,-117.069259,360,229625.7,W1-m-RES1-DF,06073020109,RES,RES1,W1,MC,RES1,m
250088,37.8063266,-122.2962183,360,80830.81,W1-m-RES1-DF,06001402200,RES,RES1,W1,MC,RES1,m
250209,36.7363393,-119.8277278,360,67139.82,W1-m-RES1-DF,06019000702,RES,RES1,W1,MC,RES1,m
250270,33.9067388,-118.1554543,360,147447.2,W1-m-RES1-DF,06037553504,RES,RES1,W1,MC,RES1,m
250343,37.8871646,-122.0283977,360,539926.4,W1-m-RES1-DF,06013343003,RES,RES1,W1,MC,RES1,m
250426,38.6206259,-121.3564192,360,452860.6,W1-m-RES1-DF,06067005904,RES,RES1,W1,MC,RES1,m
250470,38.3068422,-122.3458092,360,213882.7,W1-m-RES1-DF,06055201101,RES,RES1,W1,MC,RES1,m
250494,34.05711,-118.2640302,360,332.0,W1-m-RES1-DF,06037209103,RES,RES1,W1,MC,RES1,m
250544,34.0478733,-117.7646933,360,52603.82,W1-m-RES1-DF,06037402503,RES,RES1,W1,MC,RES1,m
250635,34.1188748,-118.6018319,360,273169.4,W1-m-RES1-DF,06037800103,RES,RES1,W1,MC,RES1,m
250743,33.2254028,-115.6086847,360,162454.1,W1-m-RES1-DF,06025010102,RES,RES1,W1,MC,RES1,m
250798,37.7322046,-122.4871887,360,702103.1,W1-m-RES1-DF,06075033100,RES,RES1,W1,MC,RES1,m
250817,34.2361726,-116.8230112,360,166968.5,W1-m-RES1-DF,06071011408,RES,RES1,W1,MC,RES1,m
250899,33.8304309,-118.2160453,360,162106.8,W1-m-RES1-DF,06037544002,RES,RES1,W1,MC,RES1,m
250976,34.136085,-118.223659,360,309224.5,W1-m-RES1-DF,06037181300,RES,RES1,W1,MC,RES1,m
251015,37.692162,-122.4894101,360,623760.0,W1-m-RES1-DF,06081601100,RES,RES1,W1,MC,RES1,m
251076,33.8771829,-118.295231,360,105049.8,W1-m-RES1-DF,06037603102,RES,RES1,W1,MC,RES1,m
251155,38.5532547,-122.8024814,360,22947.47,W1-m-RES1-DF,06097153806,RES,RES1,W1,MC,RES1,m
251205,33.9393897,-118.1958301,360,289969.0,W1-m-RES1-DF,06037535902,RES,RES1,W1,MC,RES1,m
251244,33.8525481,-118.2569604,360,656524.0,W1-m-RES1-DF,06037543322,RES,RES1,W1,MC,RES1,m
251282,37.2616899,-121.8047156,360,130845.4,W1-m-RES1-DF,06085512043,RES,RES1,W1,MC,RES1,m
251458,34.0802569,-117.8911998,360,342886.6,W1-m-RES1-DF,06037406103,RES,RES1,W1,MC,RES1,m
251596,36.204251,-120.4089333,360,47355.03,W1-m-RES1-DF,06019007903,RES,RES1,W1,MC,RES1,m
251713,35.402236,-120.5959099,360,189176.3,W1-m-RES1-DF,06079012705,RES,RES1,W1,MC,RES1,m
251832,38.3819817,-122.8272234,360,303259.8,W1-m-RES1-DF,06097153404,RES,RES1,W1,MC,RES1,m
251970,34.0849366,-117.747025,360,252955.4,W1-m-RES1-DF,06037402102,RES,RES1,W1,MC,RES1,m
252054,37.2875185,-120.4452153,360,278593.0,W1-m-RES1-DF,06047001700,RES,RES1,W1,MC,RES1,m
252166,34.602043,-119.0197918,360,174842.4,W1-m-RES1-DF,06111009700,RES,RES1,W1,MC,RES1,m
252268,38.975616,-121.7595873,360,89597.52,W1-m-RES1-DF,06101050900,RES,RES1,W1,MC,RES1,m
252458,38.6584824,-121.2582305,360,630278.6,W1-m-RES1-DF,06067008008,RES,RES1,W1,MC,RES1,m
252579,38.0077971,-121.761924,360,130027.7,W1-m-RES1-DF,06013306002,RES,RES1,W1,MC,RES1,m
252601,38.4780464,-121.4583035,360,180670.0,W1-m-RES1-DF,06067004906,RES,RES1,W1,MC,RES1,m
252714,34.0389491,-118.4799628,360,470380.0,W1-m-RES1-DF,06037701601,RES,RES1,W1,MC,RES1,m
252774,33.8530293,-118.3702823,360,470981.5,W1-m-RES1-DF,06037650502,RES,RES1,W1,MC,RES1,m
252856,34.2106419,-118.8764716,360,531013.3,W1-m-RES1-DF,06111006600,RES,RES1,W1,MC,RES1,m
252875,32.6244456,-116.9775842,360,36917.1,W1-m-RES1-DF,06073013318,RES,RES1,W1,MC,RES1,m
253058,34.1556264,-118.2611397,360,50596.5,W1-m-RES1-DF,06037301801,RES,RES1,W1,MC,RES1,m
253209,38.6932351,-120.9876288,360,116239.0,W1-m-RES1-DF,06017030811,RES,RES1,W1,MC,RES1,m
253278,36.820846,-119.628777,360,1419176.0,W1-m-RES1-DF,06019005912,RES,RES1,W1,MC,RES1,m
253326,34.0082598,-118.2718914,360,18118.73,W1-m-RES1-DF,06037228420,RES,RES1,W1,MC,RES1,m
253354,33.8341094,-116.4669443,360,19778.76,W1-m-RES1-DF,06065044924,RES,RES1,W1,MC,RES1,m
253382,34.1642972,-119.1565272,360,87295.22,W1-m-RES1-DF,06111004710,RES,RES1,W1,MC,RES1,m
253524,34.0750326,-117.5692572,360,43066.14,W1-m-RES1-DF,06071002109,RES,RES1,W1,MC,RES1,m
253590,33.8131222,-118.0403113,360,509981.2,W1-m-RES1-DF,06059110114,RES,RES1,W1,MC,RES1,m
253619,33.8616017,-117.5634468,360,294277.9,W1-m-RES1-DF,06065041812,RES,RES1,W1,MC,RES1,m
253712,37.0354879,-120.0985123,360,505065.3,W1-m-RES1-DF,06039000506,RES,RES1,W1,MC,RES1,m
253802,37.7650522,-122.419688,360,29882.99,W1-m-RES1-DF,06075020102,RES,RES1,W1,MC,RES1,m
253922,38.0586773,-120.190643,360,463415.0,W1-m-RES1-DF,06109003102,RES,RES1,W1,MC,RES1,m
253966,33.5916632,-116.223907,360,29281.56,W1-m-RES1-DF,06065045617,RES,RES1,W1,MC,RES1,m
254018,33.839494,-118.0644185,360,284771.3,W1-m-RES1-DF,06037555107,RES,RES1,W1,MC,RES1,m
254088,34.170093,-118.8895265,360,110496.8,W1-m-RES1-DF,06111005911,RES,RES1,W1,MC,RES1,m
254133,38.0224563,-121.3549153,360,84139.0,W1-m-RES1-DF,06077003217,RES,RES1,W1,MC,RES1,m
254190,33.7957982,-117.9715258,360,245487.2,W1-m-RES1-DF,06059088002,RES,RES1,W1,MC,RES1,m
254252,33.8071157,-118.2140846,360,226735.7,W1-m-RES1-DF,06037572600,RES,RES1,W1,MC,RES1,m
254351,37.7854008,-122.1572103,360,897387.1,W1-m-RES1-DF,06001408100,RES,RES1,W1,MC,RES1,m
254416,39.1226511,-120.2157838,360,367142.5,W1-m-RES1-DF,06061022100,RES,RES1,W1,MC,RES1,m
254514,34.1966625,-118.539496,360,162379.5,W1-m-RES1-DF,06037131024,RES,RES1,W1,MC,RES1,m
254602,34.1348717,-118.0145416,360,162927.3,W1-m-RES1-DF,06037430902,RES,RES1,W1,MC,RES1,m
254684,39.7589882,-121.4356398,360,76611.39,W1-m-RES1-DF,06007002401,RES,RES1,W1,MC,RES1,m
254785,37.8306009,-122.2579159,360,150593.8,W1-m-RES1-DF,06001401200,RES,RES1,W1,MC,RES1,m
254902,34.0663894,-118.1118998,360,87968.3,W1-m-RES1-DF,06037481712,RES,RES1,W1,MC,RES1,m
254984,37.6187443,-122.4730158,360,364347.2,W1-m-RES1-DF,06081603100,RES,RES1,W1,MC,RES1,m
255020,38.673824,-121.5236774,360,607164.0,W1-m-RES1-DF,06067007111,RES,RES1,W1,MC,RES1,m
255134,37.7589136,-122.2346068,360,380810.4,W1-m-RES1-DF,06001428100,RES,RES1,W1,MC,RES1,m
255289,33.7986098,-118.1589748,360,8978.86,W1-m-RES1-DF,06037573403,RES,RES1,W1,MC,RES1,m
255381,33.9065192,-118.0577725,360,197635.2,W1-m-RES1-DF,06037552302,RES,RES1,W1,MC,RES1,m
255473,38.7685433,-120.5987779,360,344098.8,W1-m-RES1-DF,06017031302,RES,RES1,W1,MC,RES1,m
255576,32.724322,-117.1296412,360,133656.4,W1-m-RES1-DF,06073004400,RES,RES1,W1,MC,RES1,m
255709,33.9842413,-118.2251677,360,4401.985,W1-m-RES1-DF,06037532605,RES,RES1,W1,MC,RES1,m
255945,33.9547947,-118.0715453,360,381243.3,W1-m-RES1-DF,06037502700,RES,RES1,W1,MC,RES1,m
256025,34.0747292,-118.2686024,360,28176.42,W1-m-RES1-DF,06037195710,RES,RES1,W1,MC,RES1,m
256178,33.9692983,-118.3644406,360,86832.26,W1-m-RES1-DF,06037601302,RES,RES1,W1,MC,RES1,m
256336,33.7556681,-117.879726,360,239505.1,W1-m-RES1-DF,06059075100,RES,RES1,W1,MC,RES1,m
256439,39.342348,-120.1090918,360,866410.2,W1-m-RES1-DF,06057001205,RES,RES1,W1,MC,RES1,m
256548,33.0016003,-117.2634553,360,214160.0,W1-m-RES1-DF,06073017303,RES,RES1,W1,MC,RES1,m
256614,37.2576127,-121.9812179,360,714551.7,W1-m-RES1-DF,06085507205,RES,RES1,W1,MC,RES1,m
256721,34.1303052,-117.2682465,360,167086.3,W1-m-RES1-DF,06071006301,RES,RES1,W1,MC,RES1,m
256923,34.099784,-118.3326563,360,21634.0,W1-m-RES1-DF,06037190701,RES,RES1,W1,MC,RES1,m
256978,34.5617689,-118.024092,360,22284.44,W1-m-RES1-DF,06037910718,RES,RES1,W1,MC,RES1,m
257069,33.1869406,-117.2418218,360,286643.3,W1-m-RES1-DF,06073019702,RES,RES1,W1,MC,RES1,m
257222,34.9053343,-120.4616815,360,238694.8,W1-m-RES1-DF,06083002011,RES,RES1,W1,MC,RES1,m
257291,34.0781089,-117.6654013,360,326870.3,W1-m-RES1-DF,06071001104,RES,RES1,W1,MC,RES1,m
257421,34.0663331,-118.2880332,360,43374.7,W1-m-RES1-DF,06037211124,RES,RES1,W1,MC,RES1,m
257532,37.8029603,-122.1828718,360,395140.6,W1-m-RES1-DF,06001408000,RES,RES1,W1,MC,RES1,m
257586,37.2368478,-121.8958888,360,341586.3,W1-m-RES1-DF,06085511916,RES,RES1,W1,MC,RES1,m
257663,34.3661561,-118.9484382,360,144682.0,W1-m-RES1-DF,06111000303,RES,RES1,W1,MC,RES1,m
257696,33.9779786,-117.7591432,360,9684.38,W1-m-RES1-DF,06071000117,RES,RES1,W1,MC,RES1,m
257782,37.6035713,-120.9641182,360,153026.0,W1-m-RES1-DF,06099002604,RES,RES1,W1,MC,RES1,m
257860,37.5373868,-122.2888778,360,433500.0,W1-m-RES1-DF,06081608501,RES,RES1,W1,MC,RES1,m
257918,34.0741046,-118.0990696,360,126040.7,W1-m-RES1-DF,06037482301,RES,RES1,W1,MC,RES1,m
257991,32.6663314,-117.0964015,360,40876.8,W1-m-RES1-DF,06073011601,RES,RES1,W1,MC,RES1,m
258071,33.8441318,-117.858244,360,289564.8,W1-m-RES1-DF,06059086407,RES,RES1,W1,MC,RES1,m
258220,33.8089196,-118.1953401,360,243717.0,W1-m-RES1-DF,06037572202,RES,RES1,W1,MC,RES1,m
258284,36.8191591,-121.6752959,360,241740.0,W1-m-RES1-DF,06053010305,RES,RES1,W1,MC,RES1,m
258351,32.6983939,-117.1778071,360,251984.8,W1-m-RES1-DF,06073011100,RES,RES1,W1,MC,RES1,m
258504,33.0404438,-117.292061,360,150172.0,W1-m-RES1-DF,06073017501,RES,RES1,W1,MC,RES1,m
258630,36.5714778,-119.6205352,360,44193.58,W1-m-RES1-DF,06019007102,RES,RES1,W1,MC,RES1,m
258691,33.770691,-117.9011275,360,353984.0,W1-m-RES1-DF,06059089107,RES,RES1,W1,MC,RES1,m
258829,38.7181989,-120.7826276,360,396595.9,W1-m-RES1-DF,06017031200,RES,RES1,W1,MC,RES1,m
258955,33.8984704,-118.2607508,360,139845.4,W1-m-RES1-DF,06037541100,RES,RES1,W1,MC,RES1,m
259000,34.5287425,-118.0414407,360,45480.96,W1-m-RES1-DF,06037910709,RES,RES1,W1,MC,RES1,m
259197,33.8615748,-117.9022903,360,146027.1,W1-m-RES1-DF,06059011602,RES,RES1,W1,MC,RES1,m
259273,37.4788785,-122.2342081,360,66478.23,W1-m-RES1-DF,06081610901,RES,RES1,W1,MC,RES1,m
259359,34.6507195,-120.4487233,360,149814.6,W1-m-RES1-DF,06083002706,RES,RES1,W1,MC,RES1,m
259506,38.111521,-122.2497147,360,128414.3,W1-m-RES1-DF,06095251500,RES,RES1,W1,MC,RES1,m
259579,33.5845532,-117.2060351,360,133419.4,W1-m-RES1-DF,06065043229,RES,RES1,W1,MC,RES1,m
259772,34.157429,-118.4954117,360,846799.4,W1-m-RES1-DF,06037139701,RES,RES1,W1,MC,RES1,m
259957,38.5900766,-121.2809266,360,192001.0,W1-m-RES1-DF,06067009010,RES,RES1,W1,MC,RES1,m
260051,37.9762424,-121.7937278,360,107388.7,W1-m-RES1-DF,06013355109,RES,RES1,W1,MC,RES1,m
260138,37.9539324,-121.7331883,360,26775.72,W1-m-RES1-DF,06013303209,RES,RES1,W1,MC,RES1,m
260179,34.0589818,-118.1037641,360,68446.26,W1-m-RES1-DF,06037482502,RES,RES1,W1,MC,RES1,m
260264,34.1081935,-118.0849734,360,333484.0,W1-m-RES1-DF,06037480102,RES,RES1,W1,MC,RES1,m
260391,34.1741462,-118.3431013,360,346992.6,W1-m-RES1-DF,06037311300,RES,RES1,W1,MC,RES1,m
260463,37.7932754,-122.1903789,360,305778.3,W1-m-RES1-DF,06001406900,RES,RES1,W1,MC,RES1,m
260617,33.9784618,-118.3013342,360,121385.9,W1-m-RES1-DF,06037237402,RES,RES1,W1,MC,RES1,m
260671,34.003492,-118.2690648,360,44531.73,W1-m-RES1-DF,06037228500,RES,RES1,W1,MC,RES1,m
260752,36.92759,-121.7705127,360,94345.6,W1-m-RES1-DF,06087110503,RES,RES1,W1,MC,RES1,m
260872,38.6817547,-121.3261844,360,285396.2,W1-m-RES1-DF,06067008131,RES,RES1,W1,MC,RES1,m
260980,34.0146198,-118.3963576,360,369446.4,W1-m-RES1-DF,06037702501,RES,RES1,W1,MC,RES1,m
261041,33.7674534,-117.8608693,360,349263.7,W1-m-RES1-DF,06059075401,RES,RES1,W1,MC,RES1,m
261079,38.7077756,-121.3590594,360,171868.0,W1-m-RES1-DF,06067007438,RES,RES1,W1,MC,RES1,m
261179,33.8770106,-117.5781627,360,57948.53,W1-m-RES1-DF,06065041704,RES,RES1,W1,MC,RES1,m
261230,33.8789648,-117.1985032,360,14550.1,W1-m-RES1-DF,06065049001,RES,RES1,W1,MC,RES1,m
261333,34.186395,-118.9441085,360,404124.3,W1-m-RES1-DF,06111006000,RES,RES1,W1,MC,RES1,m
261401,33.9279467,-118.3484192,360,63676.88,W1-m-RES1-DF,06037602104,RES,RES1,W1,MC,RES1,m
261600,36.5477922,-119.5393082,360,496382.0,W1-m-RES1-DF,06019007204,RES,RES1,W1,MC,RES1,m
261699,33.8866381,-117.9568638,360,387221.4,W1-m-RES1-DF,06059001704,RES,RES1,W1,MC,RES1,m
261778,34.4180533,-118.4333418,360,3878.32,W1-m-RES1-DF,06037920041,RES,RES1,W1,MC,RES1,m
261841,37.3026197,-122.0102044,360,751515.4,W1-m-RES1-DF,06085507903,RES,RES1,W1,MC,RES1,m
261869,34.01374,-118.2691132,360,26431.68,W1-m-RES1-DF,06037228410,RES,RES1,W1,MC,RES1,m
261997,37.3162127,-121.9087833,360,50539.54,W1-m-RES1-DF,06085501902,RES,RES1,W1,MC,RES1,m
262082,33.7735719,-118.3868779,360,455089.6,W1-m-RES1-DF,06037670407,RES,RES1,W1,MC,RES1,m
262149,37.2236094,-121.7614495,360,355541.9,W1-m-RES1-DF,06085512035,RES,RES1,W1,MC,RES1,m
262192,37.5346224,-121.9839849,360,262569.0,W1-m-RES1-DF,06001442501,RES,RES1,W1,MC,RES1,m
262262,33.8726125,-118.1125129,360,228559.5,W1-m-RES1-DF,06037554406,RES,RES1,W1,MC,RES1,m
262312,37.7601691,-122.4911696,360,772751.1,W1-m-RES1-DF,06075032700,RES,RES1,W1,MC,RES1,m
262377,34.4443613,-117.2222066,360,46302.14,W1-m-RES1-DF,06071009719,RES,RES1,W1,MC,RES1,m
262447,33.8387012,-118.169799,360,254172.0,W1-m-RES1-DF,06037571504,RES,RES1,W1,MC,RES1,m
262502,34.1712644,-119.1187368,360,3081.51,W1-m-RES1-DF,06111004704,RES,RES1,W1,MC,RES1,m
262524,34.0869985,-117.9791157,360,144321.8,W1-m-RES1-DF,06037404902,RES,RES1,W1,MC,RES1,m
262593,36.5935942,-119.6260162,360,500211.4,W1-m-RES1-DF,06019007003,RES,RES1,W1,MC,RES1,m
262690,38.3121064,-122.427682,360,148597.2,W1-m-RES1-DF,06097150206,RES,RES1,W1,MC,RES1,m
262739,33.9100514,-117.2306582,360,1313.08,W1-m-RES1-DF,06065042509,RES,RES1,W1,MC,RES1,m
262792,34.009534,-117.9031875,360,123916.8,W1-m-RES1-DF,06037408140,RES,RES1,W1,MC,RES1,m
262841,32.5868141,-117.0554425,360,190156.6,W1-m-RES1-DF,06073010001,RES,RES1,W1,MC,RES1,m
262912,33.9660331,-118.1829301,360,14044.8,W1-m-RES1-DF,06037534405,RES,RES1,W1,MC,RES1,m
262998,33.9591434,-116.9737171,360,94226.7,W1-m-RES1-DF,06065043807,RES,RES1,W1,MC,RES1,m
263101,36.0667804,-119.0480764,360,429455.0,W1-m-RES1-DF,06107003602,RES,RES1,W1,MC,RES1,m
263233,36.5846722,-121.0019667,360,205238.6,W1-m-RES1-DF,06069000802,RES,RES1,W1,MC,RES1,m
263320,33.99344,-117.9490595,360,365127.4,W1-m-RES1-DF,06037408624,RES,RES1,W1,MC,RES1,m
263333,34.9714638,-120.4489006,360,78971.34,W1-m-RES1-DF,06083002309,RES,RES1,W1,MC,RES1,m
263356,32.8685872,-116.9617915,360,221923.2,W1-m-RES1-DF,06073016608,RES,RES1,W1,MC,RES1,m
263570,35.2804271,-120.6622745,360,88925.56,W1-m-RES1-DF,06079011101,RES,RES1,W1,MC,RES1,m
263699,37.6807762,-122.0646561,360,203358.5,W1-m-RES1-DF,06001435300,RES,RES1,W1,MC,RES1,m
263787,39.1196085,-121.6292546,360,194764.2,W1-m-RES1-DF,06101050301,RES,RES1,W1,MC,RES1,m
263849,37.5995339,-122.3977958,360,412640.9,W1-m-RES1-DF,06081604800,RES,RES1,W1,MC,RES1,m
263937,37.7196238,-122.44316,360,409491.0,W1-m-RES1-DF,06075026100,RES,RES1,W1,MC,RES1,m
263991,32.5498297,-117.0906305,360,5982.1,W1-m-RES1-DF,06073010109,RES,RES1,W1,MC,RES1,m
264044,32.8338089,-117.028304,360,225325.9,W1-m-RES1-DF,06073016618,RES,RES1,W1,MC,RES1,m
264151,33.7729434,-118.267011,360,49231.56,W1-m-RES1-DF,06037294830,RES,RES1,W1,MC,RES1,m
264221,34.1902993,-118.4356174,360,133220.6,W1-m-RES1-DF,06037128101,RES,RES1,W1,MC,RES1,m
264320,34.0255882,-118.0902015,360,530832.5,W1-m-RES1-DF,06037530007,RES,RES1,W1,MC,RES1,m
264358,34.0709091,-118.2984928,360,12529.85,W1-m-RES1-DF,06037211310,RES,RES1,W1,MC,RES1,m
264473,40.5666835,-122.3356287,360,274152.6,W1-m-RES1-DF,06089011300,RES,RES1,W1,MC,RES1,m
264726,32.7521608,-117.121322,360,55632.56,W1-m-RES1-DF,06073001600,RES,RES1,W1,MC,RES1,m
264829,37.526126,-120.811285,360,881110.9,W1-m-RES1-DF,06099003608,RES,RES1,W1,MC,RES1,m
264919,37.2836065,-121.8718216,360,33905.16,W1-m-RES1-DF,06085503124,RES,RES1,W1,MC,RES1,m
265003,37.7934678,-122.4196321,360,25703.72,W1-m-RES1-DF,06075011001,RES,RES1,W1,MC,RES1,m
265236,33.8513017,-118.2993461,360,27885.82,W1-m-RES1-DF,06037292001,RES,RES1,W1,MC,RES1,m
265384,37.4174201,-122.1281611,360,334270.4,W1-m-RES1-DF,06085510700,RES,RES1,W1,MC,RES1,m
265539,39.7437707,-122.2096798,360,331838.8,W1-m-RES1-DF,06021010200,RES,RES1,W1,MC,RES1,m
265625,36.9666133,-121.9601595,360,102583.3,W1-m-RES1-DF,06087121602,RES,RES1,W1,MC,RES1,m
265776,35.1224643,-120.6131026,360,91815.49,W1-m-RES1-DF,06079012002,RES,RES1,W1,MC,RES1,m
265864,34.1748525,-118.0569913,360,607647.6,W1-m-RES1-DF,06037430501,RES,RES1,W1,MC,RES1,m
265931,33.9054515,-117.9505071,360,372798.1,W1-m-RES1-DF,06059001708,RES,RES1,W1,MC,RES1,m
265964,34.067188,-118.3022323,360,9738.9,W1-m-RES1-DF,06037211803,RES,RES1,W1,MC,RES1,m
266042,34.1534341,-117.828925,360,603911.4,W1-m-RES1-DF,06037400404,RES,RES1,W1,MC,RES1,m
266153,37.2674809,-121.8850395,360,657575.6,W1-m-RES1-DF,06085503003,RES,RES1,W1,MC,RES1,m
266214,34.2539688,-118.3183847,360,213810.2,W1-m-RES1-DF,06037103401,RES,RES1,W1,MC,RES1,m
266458,37.6571981,-121.8877285,360,147520.6,W1-m-RES1-DF,06001450607,RES,RES1,W1,MC,RES1,m
266597,37.8583363,-121.6220116,360,74065.78,W1-m-RES1-DF,06013304002,RES,RES1,W1,MC,RES1,m
266637,33.9402403,-118.2858348,360,96097.32,W1-m-RES1-DF,06037241201,RES,RES1,W1,MC,RES1,m
266687,36.8405425,-120.4386597,360,122008.0,W1-m-RES1-DF,06019008403,RES,RES1,W1,MC,RES1,m
266761,34.1487828,-118.2439771,360,33903.64,W1-m-RES1-DF,06037302003,RES,RES1,W1,MC,RES1,m
266843,32.7067337,-117.0903055,360,20819.98,W1-m-RES1-DF,06073003304,RES,RES1,W1,MC,RES1,m
266905,33.5708444,-117.4049932,360,39818.26,W1-m-RES1-DF,06065046401,RES,RES1,W1,MC,RES1,m
266942,34.0309296,-117.2876608,360,88746.14,W1-m-RES1-DF,06071007105,RES,RES1,W1,MC,RES1,m
267057,38.005762,-121.8893306,360,124580.7,W1-m-RES1-DF,06013313104,RES,RES1,W1,MC,RES1,m
267125,38.4120917,-121.4675273,360,1013229.0,W1-m-RES1-DF,06067009622,RES,RES1,W1,MC,RES1,m
267158,32.6998003,-117.045003,360,24457.8,W1-m-RES1-DF,06073003114,RES,RES1,W1,MC,RES1,m
267229,33.829792,-118.25529,360,188881.2,W1-m-RES1-DF,06037543903,RES,RES1,W1,MC,RES1,m
267284,37.8419909,-122.2648882,360,115578.3,W1-m-RES1-DF,06001400600,RES,RES1,W1,MC,RES1,m
267348,34.1833023,-118.2644781,360,942091.5,W1-m-RES1-DF,06037300702,RES,RES1,W1,MC,RES1,m
267415,37.5481429,-121.9499143,360,678372.9,W1-m-RES1-DF,06001442100,RES,RES1,W1,MC,RES1,m
267479,34.1591197,-118.743988,360,261719.1,W1-m-RES1-DF,06037800334,RES,RES1,W1,MC,RES1,m
267576,37.7564138,-122.2559068,360,124437.1,W1-m-RES1-DF,06001428400,RES,RES1,W1,MC,RES1,m
267710,34.1511594,-118.2692641,360,102724.4,W1-m-RES1-DF,06037301702,RES,RES1,W1,MC,RES1,m
267797,34.1101198,-118.1628752,360,324387.0,W1-m-RES1-DF,06037480703,RES,RES1,W1,MC,RES1,m
267859,33.9490353,-118.3743485,360,6558.72,W1-m-RES1-DF,06037277400,RES,RES1,W1,MC,RES1,m
267919,33.7873397,-118.1000457,360,743394.0,W1-m-RES1-DF,06037574500,RES,RES1,W1,MC,RES1,m
268045,35.3070654,-119.0655635,360,141475.3,W1-m-RES1-DF,06029003124,RES,RES1,W1,MC,RES1,m
268170,37.7968123,-121.979604,360,595094.7,W1-m-RES1-DF,06013345105,RES,RES1,W1,MC,RES1,m
268234,37.7824917,-122.5098754,360,206719.1,W1-m-RES1-DF,06075047904,RES,RES1,W1,MC,RES1,m
268345,37.8839086,-122.2560313,360,658810.8,W1-m-RES1-DF,06001421600,RES,RES1,W1,MC,RES1,m
268467,33.9874686,-118.3730265,360,1017635.0,W1-m-RES1-DF,06037703002,RES,RES1,W1,MC,RES1,m
268551,33.8608342,-117.9286331,360,97998.12,W1-m-RES1-DF,06059011601,RES,RES1,W1,MC,RES1,m
268623,32.9209153,-117.1397621,360,270004.5,W1-m-RES1-DF,06073008356,RES,RES1,W1,MC,RES1,m
268712,34.4587926,-119.2618886,360,240361.2,W1-m-RES1-DF,06111000901,RES,RES1,W1,MC,RES1,m
268822,33.8736922,-118.1382212,360,40627.11,W1-m-RES1-DF,06037554403,RES,RES1,W1,MC,RES1,m
268952,33.812055,-118.3581565,360,286303.1,W1-m-RES1-DF,06037651222,RES,RES1,W1,MC,RES1,m
269004,38.6332061,-121.4522851,360,209113.7,W1-m-RES1-DF,06067006706,RES,RES1,W1,MC,RES1,m
269046,33.5521359,-117.6382734,360,59904.4,W1-m-RES1-DF,06059032059,RES,RES1,W1,MC,RES1,m
269129,33.9516968,-118.0343795,360,210373.3,W1-m-RES1-DF,06037502005,RES,RES1,W1,MC,RES1,m
269209,37.7885222,-121.2235218,360,325600.1,W1-m-RES1-DF,06077005133,RES,RES1,W1,MC,RES1,m
269266,32.6841079,-117.0963553,360,90431.46,W1-m-RES1-DF,06073011802,RES,RES1,W1,MC,RES1,m
269400,38.3374048,-122.7943613,360,445543.5,W1-m-RES1-DF,06097153501,RES,RES1,W1,MC,RES1,m
269733,37.4899766,-121.9742068,360,54462.15,W1-m-RES1-DF,06001441503,RES,RES1,W1,MC,RES1,m
269800,34.1286599,-117.2484059,360,186948.8,W1-m-RES1-DF,06071006304,RES,RES1,W1,MC,RES1,m
269875,33.3618252,-117.2431975,360,86735.48,W1-m-RES1-DF,06073018906,RES,RES1,W1,MC,RES1,m
269962,33.6880204,-117.7600673,360,9009.36,W1-m-RES1-DF,06059052433,RES,RES1,W1,MC,RES1,m
270064,36.6976846,-119.5636903,360,245010.0,W1-m-RES1-DF,06019006102,RES,RES1,W1,MC,RES1,m
270122,33.9802221,-118.24555,360,40433.28,W1-m-RES1-DF,06037533001,RES,RES1,W1,MC,RES1,m
270177,34.1150031,-118.2153416,360,218445.9,W1-m-RES1-DF,06037186203,RES,RES1,W1,MC,RES1,m
270361,33.872133,-118.1001151,360,387670.3,W1-m-RES1-DF,06037554521,RES,RES1,W1,MC,RES1,m
270461,35.3604141,-119.0074086,360,99916.74,W1-m-RES1-DF,06029002001,RES,RES1,W1,MC,RES1,m
270547,34.4674371,-119.7080007,360,465044.3,W1-m-RES1-DF,06083000501,RES,RES1,W1,MC,RES1,m
270571,32.6292227,-116.9845652,360,2515.54,W1-m-RES1-DF,06073013324,RES,RES1,W1,MC,RES1,m
270598,33.7882092,-118.4049517,360,812608.3,W1-m-RES1-DF,06037670326,RES,RES1,W1,MC,RES1,m
270615,38.6698999,-121.1025624,360,1113238.0,W1-m-RES1-DF,06067008512,RES,RES1,W1,MC,RES1,m
270661,34.0814708,-118.0052966,360,156310.7,W1-m-RES1-DF,06037432602,RES,RES1,W1,MC,RES1,m
270741,37.8837325,-121.7493471,360,26982.0,W1-m-RES1-DF,06013304001,RES,RES1,W1,MC,RES1,m
270770,35.4054176,-119.1364533,360,104055.6,W1-m-RES1-DF,06029003815,RES,RES1,W1,MC,RES1,m
270832,34.2648676,-116.8488425,360,192582.5,W1-m-RES1-DF,06071011406,RES,RES1,W1,MC,RES1,m
270885,33.7494876,-117.6163863,360,319297.8,W1-m-RES1-DF,06059032011,RES,RES1,W1,MC,RES1,m
270942,34.0362371,-117.6597588,360,73424.97,W1-m-RES1-DF,06071001704,RES,RES1,W1,MC,RES1,m
271072,34.0781753,-118.3695958,360,196299.4,W1-m-RES1-DF,06037194500,RES,RES1,W1,MC,RES1,m
271236,38.4725689,-122.8006952,360,412459.5,W1-m-RES1-DF,06097152906,RES,RES1,W1,MC,RES1,m
271441,34.0187542,-118.2117951,360,16705.38,W1-m-RES1-DF,06037205120,RES,RES1,W1,MC,RES1,m
271519,37.942375,-121.7148585,360,145491.1,W1-m-RES1-DF,06013303202,RES,RES1,W1,MC,RES1,m
271559,34.420412,-119.635808,360,287427.2,W1-m-RES1-DF,06083001403,RES,RES1,W1,MC,RES1,m
271626,37.779204,-122.497393,360,236025.4,W1-m-RES1-DF,06075047802,RES,RES1,W1,MC,RES1,m
271713,38.999724,-121.5632871,360,1101178.0,W1-m-RES1-DF,06115040701,RES,RES1,W1,MC,RES1,m
271753,35.607995,-117.6968305,360,148080.0,W1-m-RES1-DF,06029005407,RES,RES1,W1,MC,RES1,m
271859,34.103182,-117.3776534,360,139986.4,W1-m-RES1-DF,06071003509,RES,RES1,W1,MC,RES1,m
271911,37.3693384,-122.0059341,360,309726.8,W1-m-RES1-DF,06085508706,RES,RES1,W1,MC,RES1,m
272029,36.529355,-119.3924649,360,218757.6,W1-m-RES1-DF,06107000502,RES,RES1,W1,MC,RES1,m
272110,39.2614322,-120.0403968,360,462150.4,W1-m-RES1-DF,06061020106,RES,RES1,W1,MC,RES1,m
272224,33.8225982,-117.8434316,360,487660.6,W1-m-RES1-DF,06059076208,RES,RES1,W1,MC,RES1,m
272351,33.7575059,-117.9106488,360,35573.63,W1-m-RES1-DF,06059089104,RES,RES1,W1,MC,RES1,m
272473,34.1368977,-118.3857939,360,486102.6,W1-m-RES1-DF,06037143801,RES,RES1,W1,MC,RES1,m
272572,37.9337512,-122.120158,360,796264.8,W1-m-RES1-DF,06013347000,RES,RES1,W1,MC,RES1,m
272604,33.1622282,-117.2623029,360,55848.64,W1-m-RES1-DF,06073019808,RES,RES1,W1,MC,RES1,m
272625,34.1176605,-117.4162682,360,42251.66,W1-m-RES1-DF,06071002307,RES,RES1,W1,MC,RES1,m
272679,37.5411567,-122.2711431,360,304253.2,W1-m-RES1-DF,06081608023,RES,RES1,W1,MC,RES1,m
272739,37.5820081,-122.3620338,360,497347.1,W1-m-RES1-DF,06081605300,RES,RES1,W1,MC,RES1,m
272825,33.7863514,-118.3788676,360,770083.2,W1-m-RES1-DF,06037670418,RES,RES1,W1,MC,RES1,m
272919,39.2838291,-121.6543825,360,228481.4,W1-m-RES1-DF,06101050701,RES,RES1,W1,MC,RES1,m
272974,32.9263898,-117.1946621,360,153674.5,W1-m-RES1-DF,06073008372,RES,RES1,W1,MC,RES1,m
273014,34.2748338,-118.5101489,360,378722.0,W1-m-RES1-DF,06037111201,RES,RES1,W1,MC,RES1,m
273062,32.7643296,-117.0376533,360,262698.3,W1-m-RES1-DF,06073014701,RES,RES1,W1,MC,RES1,m
273163,34.0943238,-117.3192878,360,46699.3,W1-m-RES1-DF,06071004902,RES,RES1,W1,MC,RES1,m
273249,34.0096289,-118.4316771,360,237048.3,W1-m-RES1-DF,06037271902,RES,RES1,W1,MC,RES1,m
273293,38.1377714,-121.3021167,360,269461.8,W1-m-RES1-DF,06077004206,RES,RES1,W1,MC,RES1,m
273612,33.8265454,-117.2151335,360,2948.1,W1-m-RES1-DF,06065042632,RES,RES1,W1,MC,RES1,m
273636,34.1679536,-119.163289,360,68812.59,W1-m-RES1-DF,06111004711,RES,RES1,W1,MC,RES1,m
273712,36.4997312,-121.871267,360,325044.6,W1-m-RES1-DF,06053011604,RES,RES1,W1,MC,RES1,m
273784,37.6763467,-121.0390747,360,195200.0,W1-m-RES1-DF,06099000803,RES,RES1,W1,MC,RES1,m
273879,36.9141769,-121.7596811,360,25138.42,W1-m-RES1-DF,06087110302,RES,RES1,W1,MC,RES1,m
273964,32.6716968,-117.0309545,360,386195.4,W1-m-RES1-DF,06073003207,RES,RES1,W1,MC,RES1,m
274043,36.7867587,-119.7964425,360,194983.0,W1-m-RES1-DF,06019004901,RES,RES1,W1,MC,RES1,m
274131,36.8284596,-119.8539491,360,643713.0,W1-m-RES1-DF,06019004214,RES,RES1,W1,MC,RES1,m
274207,34.0427467,-118.3548171,360,109794.4,W1-m-RES1-DF,06037218300,RES,RES1,W1,MC,RES1,m
274272,34.0961994,-118.3517319,360,11277.16,W1-m-RES1-DF,06037189907,RES,RES1,W1,MC,RES1,m
274368,37.308027,-121.7887155,360,322263.0,W1-m-RES1-DF,06085503327,RES,RES1,W1,MC,RES1,m
274407,34.0020976,-117.9800005,360,309825.9,W1-m-RES1-DF,06037408505,RES,RES1,W1,MC,RES1,m
274464,33.5464501,-117.1337923,360,132516.1,W1-m-RES1-DF,06065043298,RES,RES1,W1,MC,RES1,m
274491,38.2709268,-121.2724647,360,221048.4,W1-m-RES1-DF,06067009408,RES,RES1,W1,MC,RES1,m
274545,37.7304262,-122.4333557,360,310201.1,W1-m-RES1-DF,06075025502,RES,RES1,W1,MC,RES1,m
274587,37.54088,-122.2619095,360,27661.7,W1-m-RES1-DF,06081608013,RES,RES1,W1,MC,RES1,m
274727,33.8941912,-118.3862707,360,381783.8,W1-m-RES1-DF,06037620400,RES,RES1,W1,MC,RES1,m
274835,37.6809369,-122.09333,360,128674.4,W1-m-RES1-DF,06001435500,RES,RES1,W1,MC,RES1,m
274972,39.2581988,-120.3619496,360,1022646.0,W1-m-RES1-DF,06061022014,RES,RES1,W1,MC,RES1,m
275031,33.853417,-118.0578794,360,291804.2,W1-m-RES1-DF,06037554519,RES,RES1,W1,MC,RES1,m
275104,32.9579039,-117.2664207,360,157677.2,W1-m-RES1-DF,06073017201,RES,RES1,W1,MC,RES1,m
275318,37.9403079,-122.3299515,360,373233.0,W1-m-RES1-DF,06013371000,RES,RES1,W1,MC,RES1,m
275377,37.5635065,-122.0305636,360,462864.9,W1-m-RES1-DF,06001441601,RES,RES1,W1,MC,RES1,m
275426,37.7061609,-121.0882291,360,207678.0,W1-m-RES1-DF,06099000514,RES,RES1,W1,MC,RES1,m
275494,33.7190019,-116.3232926,360,226406.2,W1-m-RES1-DF,06065045122,RES,RES1,W1,MC,RES1,m
275571,36.1770603,-121.2767662,360,107202.2,W1-m-RES1-DF,06053011303,RES,RES1,W1,MC,RES1,m
275645,37.4758431,-121.1445457,360,355952.1,W1-m-RES1-DF,06099003205,RES,RES1,W1,MC,RES1,m
275677,34.193936,-118.3943295,360,39805.59,W1-m-RES1-DF,06037123204,RES,RES1,W1,MC,RES1,m
275756,37.2588676,-122.0079378,360,1302810.0,W1-m-RES1-DF,06085507301,RES,RES1,W1,MC,RES1,m
275848,34.4083748,-119.6958761,360,39626.72,W1-m-RES1-DF,06083001206,RES,RES1,W1,MC,RES1,m
275925,34.0297377,-118.3605226,360,55088.24,W1-m-RES1-DF,06037219901,RES,RES1,W1,MC,RES1,m
276078,33.9740171,-118.1046758,360,147410.0,W1-m-RES1-DF,06037502500,RES,RES1,W1,MC,RES1,m
276289,33.9423871,-118.4160617,360,3230.934,W1-m-RES1-DF,06037980028,RES,RES1,W1,MC,RES1,m
276323,35.3328959,-119.1045016,360,6200.72,W1-m-RES1-DF,06029002822,RES,RES1,W1,MC,RES1,m
276418,33.8671814,-117.979525,360,102120.5,W1-m-RES1-DF,06059001801,RES,RES1,W1,MC,RES1,m
276511,39.1509511,-121.0593919,360,226188.0,W1-m-RES1-DF,06057000104,RES,RES1,W1,MC,RES1,m
276611,33.8707215,-117.8891126,360,218188.3,W1-m-RES1-DF,06059011502,RES,RES1,W1,MC,RES1,m
276715,34.0921945,-117.9121006,360,237694.5,W1-m-RES1-DF,06037405702,RES,RES1,W1,MC,RES1,m
276774,37.0766885,-120.7934993,360,137617.8,W1-m-RES1-DF,06047002304,RES,RES1,W1,MC,RES1,m
276819,32.7529867,-117.0895143,360,24822.72,W1-m-RES1-DF,06073002707,RES,RES1,W1,MC,RES1,m
276930,36.6928894,-121.6499433,360,179050.8,W1-m-RES1-DF,06053000400,RES,RES1,W1,MC,RES1,m
277000,33.0127782,-117.1339964,360,1142491.0,W1-m-RES1-DF,06073017065,RES,RES1,W1,MC,RES1,m
277178,33.7847458,-117.9915613,360,134736.0,W1-m-RES1-DF,06059088104,RES,RES1,W1,MC,RES1,m
277334,33.8227747,-118.1957507,360,278731.0,W1-m-RES1-DF,06037577900,RES,RES1,W1,MC,RES1,m
277419,34.2269369,-118.6788342,360,139559.0,W1-m-RES1-DF,06111007511,RES,RES1,W1,MC,RES1,m
277491,37.7321434,-121.2429025,360,1922897.0,W1-m-RES1-DF,06077005106,RES,RES1,W1,MC,RES1,m
277574,34.0593993,-118.3477029,360,89933.98,W1-m-RES1-DF,06037216201,RES,RES1,W1,MC,RES1,m
277665,33.6396957,-117.6945315,360,236352.1,W1-m-RES1-DF,06059052415,RES,RES1,W1,MC,RES1,m
277706,37.7437123,-122.4142166,360,407589.0,W1-m-RES1-DF,06075025200,RES,RES1,W1,MC,RES1,m
277768,34.0887786,-118.2823148,360,31394.56,W1-m-RES1-DF,06037195901,RES,RES1,W1,MC,RES1,m
277889,34.0248596,-118.2796034,360,749.4,W1-m-RES1-DF,06037224702,RES,RES1,W1,MC,RES1,m
277978,33.8982954,-118.3047564,360,106162.5,W1-m-RES1-DF,06037603005,RES,RES1,W1,MC,RES1,m
278152,33.8686572,-117.9934922,360,128119.5,W1-m-RES1-DF,06059110603,RES,RES1,W1,MC,RES1,m
278229,37.7537616,-122.3999432,360,145451.3,W1-m-RES1-DF,06075061401,RES,RES1,W1,MC,RES1,m
278416,34.0244804,-118.2502706,360,25449.81,W1-m-RES1-DF,06037226001,RES,RES1,W1,MC,RES1,m
278516,33.783462,-117.901819,360,195075.7,W1-m-RES1-DF,06059076103,RES,RES1,W1,MC,RES1,m
278584,38.7263795,-121.2381975,360,641254.7,W1-m-RES1-DF,06061020710,RES,RES1,W1,MC,RES1,m
278642,33.7161589,-117.1983059,360,163591.3,W1-m-RES1-DF,06065042741,RES,RES1,W1,MC,RES1,m
278772,32.8037836,-117.2244914,360,161900.5,W1-m-RES1-DF,06073007800,RES,RES1,W1,MC,RES1,m
278846,34.0402202,-118.0321895,360,98987.84,W1-m-RES1-DF,06037434004,RES,RES1,W1,MC,RES1,m
278904,33.6141596,-117.6660675,360,784803.4,W1-m-RES1-DF,06059032002,RES,RES1,W1,MC,RES1,m
279085,37.5509616,-121.9850062,360,35123.2,W1-m-RES1-DF,06001441923,RES,RES1,W1,MC,RES1,m
279200,36.5088463,-119.3471338,360,148082.9,W1-m-RES1-DF,06107000304,RES,RES1,W1,MC,RES1,m
279280,33.6693594,-117.7980786,360,9098.972,W1-m-RES1-DF,06059052514,RES,RES1,W1,MC,RES1,m
279409,37.9504334,-122.0726576,360,497027.4,W1-m-RES1-DF,06013323000,RES,RES1,W1,MC,RES1,m
279514,37.516714,-120.8607176,360,456284.0,W1-m-RES1-DF,06099003909,RES,RES1,W1,MC,RES1,m
279600,33.9043767,-118.1392813,360,158108.3,W1-m-RES1-DF,06037553300,RES,RES1,W1,MC,RES1,m
279647,33.9745955,-118.1751119,360,55130.13,W1-m-RES1-DF,06037533805,RES,RES1,W1,MC,RES1,m
279801,38.28795,-122.2739891,360,187725.6,W1-m-RES1-DF,06055200301,RES,RES1,W1,MC,RES1,m
279891,34.1612478,-118.3921188,360,173198.9,W1-m-RES1-DF,06037125102,RES,RES1,W1,MC,RES1,m
279971,38.279349,-121.2998769,360,524498.0,W1-m-RES1-DF,06067009410,RES,RES1,W1,MC,RES1,m
280042,34.0508743,-118.2978915,360,28893.23,W1-m-RES1-DF,06037213310,RES,RES1,W1,MC,RES1,m
280174,39.7511021,-121.8695203,360,200725.5,W1-m-RES1-DF,06007000403,RES,RES1,W1,MC,RES1,m
280309,34.0546594,-117.7148741,360,26749.88,W1-m-RES1-DF,06071000307,RES,RES1,W1,MC,RES1,m
280428,36.1358963,-119.4402943,360,189318.1,W1-m-RES1-DF,06107003100,RES,RES1,W1,MC,RES1,m
280505,33.919657,-116.8724065,360,107565.2,W1-m-RES1-DF,06065044300,RES,RES1,W1,MC,RES1,m
280596,37.4059123,-122.0838789,360,349727.8,W1-m-RES1-DF,06085509202,RES,RES1,W1,MC,RES1,m
280644,33.9202427,-118.0432662,360,83185.71,W1-m-RES1-DF,06037503104,RES,RES1,W1,MC,RES1,m
280679,36.7468034,-119.7272849,360,171532.0,W1-m-RES1-DF,06019002904,RES,RES1,W1,MC,RES1,m
280736,39.7446519,-121.8643171,360,298818.5,W1-m-RES1-DF,06007000601,RES,RES1,W1,MC,RES1,m
280789,36.7063035,-121.6134029,360,115935.0,W1-m-RES1-DF,06053010603,RES,RES1,W1,MC,RES1,m
280837,38.3772973,-121.9802182,360,129171.2,W1-m-RES1-DF,06095253208,RES,RES1,W1,MC,RES1,m
280946,34.1920485,-118.1161844,360,1018349.0,W1-m-RES1-DF,06037460101,RES,RES1,W1,MC,RES1,m
280985,38.6175616,-121.4908397,360,333308.0,W1-m-RES1-DF,06067007023,RES,RES1,W1,MC,RES1,m
281036,34.0775238,-117.46681,360,79156.19,W1-m-RES1-DF,06071002504,RES,RES1,W1,MC,RES1,m
281088,34.3146862,-118.4482857,360,141451.7,W1-m-RES1-DF,06037106405,RES,RES1,W1,MC,RES1,m
281255,35.4434742,-119.0570396,360,41878.93,W1-m-RES1-DF,06029000106,RES,RES1,W1,MC,RES1,m
281374,37.988214,-120.3985898,360,310168.0,W1-m-RES1-DF,06109001100,RES,RES1,W1,MC,RES1,m
281478,33.6552393,-117.9255747,360,110787.3,W1-m-RES1-DF,06059063808,RES,RES1,W1,MC,RES1,m
281541,33.7600164,-118.3471684,360,475557.8,W1-m-RES1-DF,06037670500,RES,RES1,W1,MC,RES1,m
281606,33.6059752,-117.6438225,360,91638.9,W1-m-RES1-DF,06059032020,RES,RES1,W1,MC,RES1,m
281659,33.7476138,-118.2839528,360,28889.43,W1-m-RES1-DF,06037296210,RES,RES1,W1,MC,RES1,m
281732,37.9675673,-121.3254307,360,78673.0,W1-m-RES1-DF,06077001102,RES,RES1,W1,MC,RES1,m
281782,37.7200119,-121.4337995,360,100684.4,W1-m-RES1-DF,06077005208,RES,RES1,W1,MC,RES1,m
281898,34.0839121,-117.9513657,360,189461.6,W1-m-RES1-DF,06037405201,RES,RES1,W1,MC,RES1,m
282018,33.7521267,-117.9679745,360,218716.8,W1-m-RES1-DF,06059088905,RES,RES1,W1,MC,RES1,m
282070,33.9621527,-118.2861548,360,16559.84,W1-m-RES1-DF,06037238320,RES,RES1,W1,MC,RES1,m
282144,33.803924,-118.1276823,360,363918.1,W1-m-RES1-DF,06037574201,RES,RES1,W1,MC,RES1,m
282196,34.1040633,-118.9803373,360,156362.8,W1-m-RES1-DF,06111007300,RES,RES1,W1,MC,RES1,m
282297,37.9724931,-121.3089795,360,49140.3,W1-m-RES1-DF,06077001200,RES,RES1,W1,MC,RES1,m
282433,34.0930661,-118.2982811,360,14093.0,W1-m-RES1-DF,06037191204,RES,RES1,W1,MC,RES1,m
282492,33.8782843,-116.5444826,360,39997.89,W1-m-RES1-DF,06065044904,RES,RES1,W1,MC,RES1,m
282584,33.6469767,-117.9429797,360,321932.3,W1-m-RES1-DF,06059063601,RES,RES1,W1,MC,RES1,m
282616,38.6790053,-121.3467506,360,251386.0,W1-m-RES1-DF,06067007415,RES,RES1,W1,MC,RES1,m
282642,37.7848955,-121.5500171,360,744270.0,W1-m-RES1-DF,06077005221,RES,RES1,W1,MC,RES1,m
282732,33.9726646,-118.0522272,360,205228.8,W1-m-RES1-DF,06037502100,RES,RES1,W1,MC,RES1,m
282825,34.1150973,-118.6856946,360,145716.8,W1-m-RES1-DF,06037800202,RES,RES1,W1,MC,RES1,m
282934,33.7265068,-117.9978887,360,174638.0,W1-m-RES1-DF,06059099410,RES,RES1,W1,MC,RES1,m
283002,38.4287943,-121.4371081,360,744876.0,W1-m-RES1-DF,06067009643,RES,RES1,W1,MC,RES1,m
283121,32.7871667,-115.561166,360,337924.3,W1-m-RES1-DF,06025011600,RES,RES1,W1,MC,RES1,m
283219,36.2117012,-119.3385748,360,96224.0,W1-m-RES1-DF,06107002304,RES,RES1,W1,MC,RES1,m
283262,35.3724048,-118.9022271,360,108308.1,W1-m-RES1-DF,06029001003,RES,RES1,W1,MC,RES1,m
283441,39.1357597,-123.202651,360,112251.0,W1-m-RES1-DF,06045011600,RES,RES1,W1,MC,RES1,m
283520,37.7345195,-122.3845849,360,54782.52,W1-m-RES1-DF,06075023102,RES,RES1,W1,MC,RES1,m
283569,34.2598765,-118.7804802,360,242941.0,W1-m-RES1-DF,06111007505,RES,RES1,W1,MC,RES1,m
283624,33.9827133,-117.5145711,360,124166.7,W1-m-RES1-DF,06065040606,RES,RES1,W1,MC,RES1,m
283650,34.071705,-117.7311684,360,205566.7,W1-m-RES1-DF,06037402705,RES,RES1,W1,MC,RES1,m
283666,35.2887733,-119.0655505,360,404219.8,W1-m-RES1-DF,06029003218,RES,RES1,W1,MC,RES1,m
283714,37.6721084,-121.787947,360,408360.4,W1-m-RES1-DF,06001451701,RES,RES1,W1,MC,RES1,m
283775,34.1975153,-118.4530799,360,87634.68,W1-m-RES1-DF,06037127803,RES,RES1,W1,MC,RES1,m
283859,38.0609883,-122.1631107,360,117102.4,W1-m-RES1-DF,06095252108,RES,RES1,W1,MC,RES1,m
284057,34.3535231,-119.0606093,360,74436.72,W1-m-RES1-DF,06111000600,RES,RES1,W1,MC,RES1,m
284140,34.0772115,-117.6039166,360,6118.84,W1-m-RES1-DF,06071001312,RES,RES1,W1,MC,RES1,m
284180,34.0249593,-118.4031746,360,14078.78,W1-m-RES1-DF,06037269906,RES,RES1,W1,MC,RES1,m
284298,38.4270571,-122.6702873,360,227649.1,W1-m-RES1-DF,06097151506,RES,RES1,W1,MC,RES1,m
284379,34.1812288,-118.383406,360,35788.74,W1-m-RES1-DF,06037124105,RES,RES1,W1,MC,RES1,m
284450,34.0597621,-118.2903562,360,373.0,W1-m-RES1-DF,06037212203,RES,RES1,W1,MC,RES1,m
284497,34.4661355,-117.62011,360,24985.66,W1-m-RES1-DF,06071009120,RES,RES1,W1,MC,RES1,m
284561,33.1319719,-117.2176253,360,134851.9,W1-m-RES1-DF,06073020019,RES,RES1,W1,MC,RES1,m
284672,37.3011233,-121.9904291,360,788394.2,W1-m-RES1-DF,06085506202,RES,RES1,W1,MC,RES1,m
284774,34.2139885,-118.5912335,360,302630.1,W1-m-RES1-DF,06037134201,RES,RES1,W1,MC,RES1,m
284839,34.180972,-118.1154462,360,651610.7,W1-m-RES1-DF,06037461200,RES,RES1,W1,MC,RES1,m
284890,33.7885725,-118.3578962,360,541903.4,W1-m-RES1-DF,06037670202,RES,RES1,W1,MC,RES1,m
284979,34.0998713,-117.4625277,360,38597.22,W1-m-RES1-DF,06071002406,RES,RES1,W1,MC,RES1,m
285094,38.0067215,-120.3683951,360,178884.1,W1-m-RES1-DF,06109001200,RES,RES1,W1,MC,RES1,m
285227,37.4358428,-121.9128553,360,342325.3,W1-m-RES1-DF,06085504507,RES,RES1,W1,MC,RES1,m
285257,38.6779296,-121.1230683,360,1009487.0,W1-m-RES1-DF,06067008509,RES,RES1,W1,MC,RES1,m
285329,35.572262,-117.8459565,360,50038.0,W1-m-RES1-DF,06029005510,RES,RES1,W1,MC,RES1,m
285415,34.1622937,-118.3657855,360,72232.92,W1-m-RES1-DF,06037125501,RES,RES1,W1,MC,RES1,m
285498,32.7864346,-117.0310998,360,348452.8,W1-m-RES1-DF,06073014804,RES,RES1,W1,MC,RES1,m
285543,34.4940958,-117.3581281,360,26524.05,W1-m-RES1-DF,06071009911,RES,RES1,W1,MC,RES1,m
285582,33.9132697,-118.118832,360,194624.2,W1-m-RES1-DF,06037551802,RES,RES1,W1,MC,RES1,m
285714,37.5751582,-122.3471428,360,209718.4,W1-m-RES1-DF,06081605502,RES,RES1,W1,MC,RES1,m
285838,38.4848798,-121.4265186,360,212566.0,W1-m-RES1-DF,06067005002,RES,RES1,W1,MC,RES1,m
285949,38.4166716,-121.3819931,360,605951.0,W1-m-RES1-DF,06067009308,RES,RES1,W1,MC,RES1,m
286004,37.3433591,-120.5854604,360,352110.0,W1-m-RES1-DF,06047000802,RES,RES1,W1,MC,RES1,m
286155,33.9247336,-117.9292136,360,147002.0,W1-m-RES1-DF,06059001404,RES,RES1,W1,MC,RES1,m
286253,33.690113,-117.9949313,360,76014.08,W1-m-RES1-DF,06059099418,RES,RES1,W1,MC,RES1,m
286368,34.5571887,-120.3728585,360,302692.5,W1-m-RES1-DF,06083003102,RES,RES1,W1,MC,RES1,m
286419,33.9438287,-117.2526691,360,34498.04,W1-m-RES1-DF,06065042405,RES,RES1,W1,MC,RES1,m
286485,34.2778958,-118.7697289,360,221896.1,W1-m-RES1-DF,06111007901,RES,RES1,W1,MC,RES1,m
286568,34.0649899,-118.3456017,360,3851.0,W1-m-RES1-DF,06037215102,RES,RES1,W1,MC,RES1,m
286679,34.1030682,-117.4227318,360,188265.5,W1-m-RES1-DF,06071002902,RES,RES1,W1,MC,RES1,m
286753,41.819927,-121.6337562,360,64647.66,W1-m-RES1-DF,06093000100,RES,RES1,W1,MC,RES1,m
287220,33.6691905,-117.8609131,360,31570.92,W1-m-RES1-DF,06059062610,RES,RES1,W1,MC,RES1,m
287459,37.3908184,-122.0804567,360,138115.2,W1-m-RES1-DF,06085509600,RES,RES1,W1,MC,RES1,m
287601,37.53317,-122.2974907,360,125865.3,W1-m-RES1-DF,06081607200,RES,RES1,W1,MC,RES1,m
287762,37.3467177,-121.9327888,360,187653.5,W1-m-RES1-DF,06085505203,RES,RES1,W1,MC,RES1,m
287853,38.5278326,-122.821957,360,177076.1,W1-m-RES1-DF,06097153811,RES,RES1,W1,MC,RES1,m
287940,38.6404729,-122.2866466,360,90448.38,W1-m-RES1-DF,06055201800,RES,RES1,W1,MC,RES1,m
288035,34.0764499,-118.125985,360,107659.4,W1-m-RES1-DF,06037481606,RES,RES1,W1,MC,RES1,m
288096,34.1291817,-118.1973354,360,179236.8,W1-m-RES1-DF,06037183222,RES,RES1,W1,MC,RES1,m
288218,37.7649354,-122.4294366,360,86964.77,W1-m-RES1-DF,06075020300,RES,RES1,W1,MC,RES1,m
288331,33.9373778,-116.5112051,360,12381.76,W1-m-RES1-DF,06065044515,RES,RES1,W1,MC,RES1,m
288378,37.7595115,-122.4434831,360,275567.1,W1-m-RES1-DF,06075020401,RES,RES1,W1,MC,RES1,m
288489,33.7874679,-118.3208673,360,110657.4,W1-m-RES1-DF,06037670102,RES,RES1,W1,MC,RES1,m
288560,35.3457879,-119.0825787,360,261986.0,W1-m-RES1-DF,06029002807,RES,RES1,W1,MC,RES1,m
288639,33.7405243,-116.3441869,360,127037.9,W1-m-RES1-DF,06065044928,RES,RES1,W1,MC,RES1,m
288703,38.0054139,-121.8636983,360,158618.7,W1-m-RES1-DF,06013313102,RES,RES1,W1,MC,RES1,m
288840,37.5442997,-122.3122363,360,258420.7,W1-m-RES1-DF,06081607400,RES,RES1,W1,MC,RES1,m
289113,37.8053853,-122.0228527,360,1006169.0,W1-m-RES1-DF,06013345203,RES,RES1,W1,MC,RES1,m
289230,36.5799031,-121.6548989,360,653034.9,W1-m-RES1-DF,06053014110,RES,RES1,W1,MC,RES1,m
289267,40.8543026,-124.1579327,360,117120.6,W1-m-RES1-DF,06023001300,RES,RES1,W1,MC,RES1,m
289313,36.7292647,-119.6909112,360,367681.0,W1-m-RES1-DF,06019001418,RES,RES1,W1,MC,RES1,m
289386,33.7206734,-118.075778,360,122848.0,W1-m-RES1-DF,06059099506,RES,RES1,W1,MC,RES1,m
289451,33.4008823,-117.5974403,360,35650.56,W1-m-RES1-DF,06059042115,RES,RES1,W1,MC,RES1,m
289491,33.9580513,-118.167277,360,21359.36,W1-m-RES1-DF,06037534201,RES,RES1,W1,MC,RES1,m
289553,37.2804873,-121.8299569,360,132791.7,W1-m-RES1-DF,06085503218,RES,RES1,W1,MC,RES1,m
289613,41.7468282,-123.8637597,360,562986.9,W1-m-RES1-DF,06015000202,RES,RES1,W1,MC,RES1,m
289684,33.793484,-118.1915444,360,8798.44,W1-m-RES1-DF,06037573002,RES,RES1,W1,MC,RES1,m
289793,36.31258,-119.3866398,360,601359.7,W1-m-RES1-DF,06107002006,RES,RES1,W1,MC,RES1,m
289852,33.8710694,-117.59586,360,310405.3,W1-m-RES1-DF,06065041906,RES,RES1,W1,MC,RES1,m
289968,34.1145966,-117.7080592,360,248469.2,W1-m-RES1-DF,06037401801,RES,RES1,W1,MC,RES1,m
290000,33.7583075,-116.9935262,360,46985.8,W1-m-RES1-DF,06065043505,RES,RES1,W1,MC,RES1,m
290044,34.1434656,-117.4447932,360,30321.15,W1-m-RES1-DF,06071002708,RES,RES1,W1,MC,RES1,m
290089,37.7985075,-122.2543138,360,14470.46,W1-m-RES1-DF,06001405302,RES,RES1,W1,MC,RES1,m
290178,37.9683461,-122.2659021,360,206944.7,W1-m-RES1-DF,06013360102,RES,RES1,W1,MC,RES1,m
290242,32.8083015,-117.1629348,360,393697.4,W1-m-RES1-DF,06073008510,RES,RES1,W1,MC,RES1,m
290314,32.7755049,-117.0837585,360,214195.0,W1-m-RES1-DF,06073002801,RES,RES1,W1,MC,RES1,m
290363,36.4616023,-121.2981854,360,22437.0,W1-m-RES1-DF,06053011106,RES,RES1,W1,MC,RES1,m
290398,33.8199065,-117.2811533,360,56252.44,W1-m-RES1-DF,06065042906,RES,RES1,W1,MC,RES1,m
290424,36.9793081,-120.0497262,360,163896.0,W1-m-RES1-DF,06039000603,RES,RES1,W1,MC,RES1,m
290459,39.0491301,-120.146013,360,268026.3,W1-m-RES1-DF,06017032001,RES,RES1,W1,MC,RES1,m
290510,33.8710042,-118.1793689,360,147839.9,W1-m-RES1-DF,06037570504,RES,RES1,W1,MC,RES1,m
290645,34.633162,-118.6001597,360,101248.6,W1-m-RES1-DF,06037920102,RES,RES1,W1,MC,RES1,m
290717,35.2983441,-119.1848032,360,419965.0,W1-m-RES1-DF,06029003221,RES,RES1,W1,MC,RES1,m
290830,34.0597594,-118.2062827,360,24075.24,W1-m-RES1-DF,06037203300,RES,RES1,W1,MC,RES1,m
290875,32.6290684,-116.9971931,360,3963.27,W1-m-RES1-DF,06073013322,RES,RES1,W1,MC,RES1,m
290920,33.9893984,-117.6051785,360,8618.99,W1-m-RES1-DF,06071001908,RES,RES1,W1,MC,RES1,m
291067,34.1489274,-118.13693,360,20141.86,W1-m-RES1-DF,06037462202,RES,RES1,W1,MC,RES1,m
291143,35.2055468,-118.6830789,360,37562.77,W1-m-RES1-DF,06029006009,RES,RES1,W1,MC,RES1,m
291212,34.1425429,-117.2054264,360,160809.8,W1-m-RES1-DF,06071007404,RES,RES1,W1,MC,RES1,m
291261,38.3324109,-121.943775,360,30703.2,W1-m-RES1-DF,06095252914,RES,RES1,W1,MC,RES1,m
291332,32.7909112,-116.9381289,360,126819.2,W1-m-RES1-DF,06073015704,RES,RES1,W1,MC,RES1,m
291420,36.5233796,-118.8365594,360,376897.3,W1-m-RES1-DF,06107000102,RES,RES1,W1,MC,RES1,m
291512,38.0139328,-122.6665068,360,365211.6,W1-m-RES1-DF,06041113000,RES,RES1,W1,MC,RES1,m
291616,38.7490321,-120.6909165,360,385484.8,W1-m-RES1-DF,06017031301,RES,RES1,W1,MC,RES1,m
291702,37.344543,-121.8523293,360,150397.8,W1-m-RES1-DF,06085503602,RES,RES1,W1,MC,RES1,m
291801,33.807971,-117.8287446,360,392149.9,W1-m-RES1-DF,06059075812,RES,RES1,W1,MC,RES1,m
292016,37.768044,-122.4124918,360,54512.2,W1-m-RES1-DF,06075017700,RES,RES1,W1,MC,RES1,m
292114,34.1024707,-118.2060324,360,104922.6,W1-m-RES1-DF,06037185101,RES,RES1,W1,MC,RES1,m
292170,33.7476958,-116.9237749,360,63298.2,W1-m-RES1-DF,06065043311,RES,RES1,W1,MC,RES1,m
292241,33.2415689,-117.2567952,360,155601.3,W1-m-RES1-DF,06073019303,RES,RES1,W1,MC,RES1,m
292301,37.3564573,-120.6034459,360,217351.0,W1-m-RES1-DF,06047000602,RES,RES1,W1,MC,RES1,m
292375,37.8199523,-121.9861799,360,361026.4,W1-m-RES1-DF,06013346203,RES,RES1,W1,MC,RES1,m
292447,33.9142038,-118.3174586,360,311345.0,W1-m-RES1-DF,06037602601,RES,RES1,W1,MC,RES1,m
292498,33.776931,-117.820557,360,522349.1,W1-m-RES1-DF,06059075808,RES,RES1,W1,MC,RES1,m
292625,36.9944,-122.0430824,360,320181.6,W1-m-RES1-DF,06087100300,RES,RES1,W1,MC,RES1,m
292808,33.682498,-117.3445157,360,128671.0,W1-m-RES1-DF,06065043006,RES,RES1,W1,MC,RES1,m
292914,33.7226068,-118.0371737,360,298769.3,W1-m-RES1-DF,06059099408,RES,RES1,W1,MC,RES1,m
292961,33.5318881,-117.1188981,360,84167.2,W1-m-RES1-DF,06065043218,RES,RES1,W1,MC,RES1,m
293007,35.4050165,-118.9631281,360,228609.8,W1-m-RES1-DF,06029000902,RES,RES1,W1,MC,RES1,m
293062,38.4014918,-121.4255366,360,1098127.0,W1-m-RES1-DF,06067009632,RES,RES1,W1,MC,RES1,m
293157,37.6014201,-120.6513244,360,679189.5,W1-m-RES1-DF,06099002901,RES,RES1,W1,MC,RES1,m
293250,34.179739,-118.4014358,360,306788.1,W1-m-RES1-DF,06037123800,RES,RES1,W1,MC,RES1,m
293343,34.2047822,-118.4531264,360,97217.56,W1-m-RES1-DF,06037127220,RES,RES1,W1,MC,RES1,m
293416,34.0808017,-117.6754832,360,204371.7,W1-m-RES1-DF,06071001001,RES,RES1,W1,MC,RES1,m
293527,33.5601443,-117.7293403,360,73643.24,W1-m-RES1-DF,06059062639,RES,RES1,W1,MC,RES1,m
293611,35.3241289,-118.9231677,360,80495.54,W1-m-RES1-DF,06029002401,RES,RES1,W1,MC,RES1,m
293658,33.8974314,-117.2217753,360,104551.3,W1-m-RES1-DF,06065048902,RES,RES1,W1,MC,RES1,m
293727,37.8049771,-122.4447185,360,298191.2,W1-m-RES1-DF,06075012700,RES,RES1,W1,MC,RES1,m
293806,33.9542642,-118.263888,360,122102.6,W1-m-RES1-DF,06037240020,RES,RES1,W1,MC,RES1,m
293881,36.8266434,-119.7677399,360,424546.0,W1-m-RES1-DF,06019005405,RES,RES1,W1,MC,RES1,m
294015,37.534191,-122.2577671,360,239731.5,W1-m-RES1-DF,06081610304,RES,RES1,W1,MC,RES1,m
294097,36.7165761,-120.0784796,360,372966.6,W1-m-RES1-DF,06019004003,RES,RES1,W1,MC,RES1,m
294281,39.5071861,-121.5606959,360,59468.62,W1-m-RES1-DF,06007002800,RES,RES1,W1,MC,RES1,m
294393,34.0863852,-118.3059567,360,25462.36,W1-m-RES1-DF,06037191610,RES,RES1,W1,MC,RES1,m
294473,33.2377271,-117.2360535,360,131426.7,W1-m-RES1-DF,06073019203,RES,RES1,W1,MC,RES1,m
294510,37.3019065,-122.0019032,360,569151.3,W1-m-RES1-DF,06085507904,RES,RES1,W1,MC,RES1,m
294590,32.8056457,-117.0965022,360,2455.88,W1-m-RES1-DF,06073009509,RES,RES1,W1,MC,RES1,m
294641,34.224146,-118.5787221,360,264365.9,W1-m-RES1-DF,06037113428,RES,RES1,W1,MC,RES1,m
294742,37.7688645,-122.1889326,360,286348.6,W1-m-RES1-DF,06001408700,RES,RES1,W1,MC,RES1,m
294833,33.7701936,-118.029878,360,94562.05,W1-m-RES1-DF,06059099905,RES,RES1,W1,MC,RES1,m
294932,38.4363229,-122.8579577,360,94891.32,W1-m-RES1-DF,06097153601,RES,RES1,W1,MC,RES1,m
295092,36.6852793,-121.5676557,360,210268.5,W1-m-RES1-DF,06053010606,RES,RES1,W1,MC,RES1,m
295218,34.1930055,-119.1827568,360,47608.7,W1-m-RES1-DF,06111008602,RES,RES1,W1,MC,RES1,m
295324,37.9216421,-122.6984111,360,351656.9,W1-m-RES1-DF,06041132100,RES,RES1,W1,MC,RES1,m
295373,34.0890001,-117.4622625,360,86989.32,W1-m-RES1-DF,06071002405,RES,RES1,W1,MC,RES1,m
295403,33.7377146,-117.8366401,360,54060.39,W1-m-RES1-DF,06059074408,RES,RES1,W1,MC,RES1,m
295453,33.9476557,-118.2252846,360,21521.19,W1-m-RES1-DF,06037535606,RES,RES1,W1,MC,RES1,m
295504,37.7982307,-122.2296737,360,93508.47,W1-m-RES1-DF,06001405700,RES,RES1,W1,MC,RES1,m
295586,34.1035491,-118.3071514,360,3983.64,W1-m-RES1-DF,06037190402,RES,RES1,W1,MC,RES1,m
295684,33.8804019,-118.383318,360,498105.1,W1-m-RES1-DF,06037620801,RES,RES1,W1,MC,RES1,m
295761,34.1438202,-116.8683764,360,196248.5,W1-m-RES1-DF,06071011500,RES,RES1,W1,MC,RES1,m
295835,33.7343347,-116.2251547,360,195432.6,W1-m-RES1-DF,06065045302,RES,RES1,W1,MC,RES1,m
295928,34.5237243,-117.4267276,360,45264.52,W1-m-RES1-DF,06071009130,RES,RES1,W1,MC,RES1,m
295950,37.994766,-121.9800064,360,4213.29,W1-m-RES1-DF,06013355202,RES,RES1,W1,MC,RES1,m
296059,34.6531321,-118.1551278,360,116397.6,W1-m-RES1-DF,06037900705,RES,RES1,W1,MC,RES1,m
296183,35.9668581,-120.9172021,360,180131.4,W1-m-RES1-DF,06053011400,RES,RES1,W1,MC,RES1,m
296264,37.78368,-121.9137603,360,72341.36,W1-m-RES1-DF,06013355121,RES,RES1,W1,MC,RES1,m
296308,33.5907214,-117.0287051,360,43930.25,W1-m-RES1-DF,06065043292,RES,RES1,W1,MC,RES1,m
296421,37.9337978,-122.5370667,360,600824.4,W1-m-RES1-DF,06041120002,RES,RES1,W1,MC,RES1,m
296508,34.4044658,-117.3172318,360,98649.85,W1-m-RES1-DF,06071010019,RES,RES1,W1,MC,RES1,m
296591,34.0587041,-118.0200912,360,27421.44,W1-m-RES1-DF,06037433901,RES,RES1,W1,MC,RES1,m
296643,38.4780935,-121.3810288,360,423231.0,W1-m-RES1-DF,06067009316,RES,RES1,W1,MC,RES1,m
296677,33.992355,-117.6674901,360,33249.33,W1-m-RES1-DF,06071012201,RES,RES1,W1,MC,RES1,m
296707,33.7040565,-116.2077625,360,54218.75,W1-m-RES1-DF,06065049501,RES,RES1,W1,MC,RES1,m
296760,39.1602775,-121.0974699,360,322777.6,W1-m-RES1-DF,06057000300,RES,RES1,W1,MC,RES1,m
296817,32.7293502,-117.1194471,360,421250.3,W1-m-RES1-DF,06073004200,RES,RES1,W1,MC,RES1,m
296876,33.5219461,-117.2545877,360,11483.59,W1-m-RES1-DF,06065049702,RES,RES1,W1,MC,RES1,m
296978,38.7187492,-120.8955326,360,782718.3,W1-m-RES1-DF,06017030902,RES,RES1,W1,MC,RES1,m
297047,34.0157537,-118.251933,360,24896.68,W1-m-RES1-DF,06037227020,RES,RES1,W1,MC,RES1,m
297142,32.8191521,-117.273466,360,412871.3,W1-m-RES1-DF,06073008102,RES,RES1,W1,MC,RES1,m
297221,34.1730842,-117.1403551,360,372818.8,W1-m-RES1-DF,06071011101,RES,RES1,W1,MC,RES1,m
297302,36.8474336,-121.6842241,360,169583.7,W1-m-RES1-DF,06053010202,RES,RES1,W1,MC,RES1,m
297508,38.4700199,-121.430955,360,112587.0,W1-m-RES1-DF,06067009640,RES,RES1,W1,MC,RES1,m
297598,34.0498405,-118.2878882,360,11804.13,W1-m-RES1-DF,06037213402,RES,RES1,W1,MC,RES1,m
297721,33.8247002,-117.9977769,360,178917.5,W1-m-RES1-DF,06059086902,RES,RES1,W1,MC,RES1,m
297776,37.8744086,-122.0776411,360,20069.32,W1-m-RES1-DF,06013351105,RES,RES1,W1,MC,RES1,m
297828,36.857772,-119.6696293,360,742115.8,W1-m-RES1-DF,06019005520,RES,RES1,W1,MC,RES1,m
297848,37.4155195,-122.1617499,360,526560.6,W1-m-RES1-DF,06085511502,RES,RES1,W1,MC,RES1,m
297897,37.8159444,-122.2569636,360,64891.96,W1-m-RES1-DF,06001403502,RES,RES1,W1,MC,RES1,m
297945,34.0460383,-117.453897,360,57809.52,W1-m-RES1-DF,06071002610,RES,RES1,W1,MC,RES1,m
297988,37.7286248,-122.4571615,360,556812.4,W1-m-RES1-DF,06075031000,RES,RES1,W1,MC,RES1,m
298051,33.9345323,-118.3220565,360,209350.0,W1-m-RES1-DF,06037600501,RES,RES1,W1,MC,RES1,m
298116,34.4261948,-119.7150662,360,36454.08,W1-m-RES1-DF,06083000301,RES,RES1,W1,MC,RES1,m
298200,38.8567146,-121.0997167,360,828694.9,W1-m-RES1-DF,06061020502,RES,RES1,W1,MC,RES1,m
298300,38.1241929,-121.3575793,360,257646.8,W1-m-RES1-DF,06077004106,RES,RES1,W1,MC,RES1,m
298370,37.6497629,-121.1440457,360,645524.1,W1-m-RES1-DF,06099004000,RES,RES1,W1,MC,RES1,m
298392,34.4957861,-117.4429286,360,91885.5,W1-m-RES1-DF,06071009136,RES,RES1,W1,MC,RES1,m
298415,37.5892853,-122.3981155,360,445881.6,W1-m-RES1-DF,06081604900,RES,RES1,W1,MC,RES1,m
298512,34.1622827,-118.3724264,360,965.6244,W1-m-RES1-DF,06037125404,RES,RES1,W1,MC,RES1,m
298604,33.8376124,-116.5369071,360,337955.0,W1-m-RES1-DF,06065044602,RES,RES1,W1,MC,RES1,m
298696,34.2182586,-118.1926525,360,1164520.0,W1-m-RES1-DF,06037460501,RES,RES1,W1,MC,RES1,m
298762,33.9427497,-118.1850472,360,178439.4,W1-m-RES1-DF,06037536103,RES,RES1,W1,MC,RES1,m
298863,37.3183669,-120.477943,360,101335.4,W1-m-RES1-DF,06047001004,RES,RES1,W1,MC,RES1,m
298922,33.9337586,-117.457896,360,105596.4,W1-m-RES1-DF,06065041203,RES,RES1,W1,MC,RES1,m
298974,38.3003328,-122.0817683,360,72509.76,W1-m-RES1-DF,06095252310,RES,RES1,W1,MC,RES1,m
299056,36.9648983,-119.8457067,360,739184.9,W1-m-RES1-DF,06039000509,RES,RES1,W1,MC,RES1,m
299104,39.7660739,-121.8946861,360,347486.0,W1-m-RES1-DF,06007000401,RES,RES1,W1,MC,RES1,m
299201,39.0836715,-121.6216573,360,444579.1,W1-m-RES1-DF,06101050402,RES,RES1,W1,MC,RES1,m
299239,35.4207607,-119.1660956,360,442854.7,W1-m-RES1-DF,06029003826,RES,RES1,W1,MC,RES1,m
299286,33.6130439,-117.8955202,360,121796.8,W1-m-RES1-DF,06059063005,RES,RES1,W1,MC,RES1,m
299373,38.6626385,-121.0121661,360,546424.5,W1-m-RES1-DF,06017030807,RES,RES1,W1,MC,RES1,m
299447,37.4069801,-122.1144634,360,118139.9,W1-m-RES1-DF,06085509401,RES,RES1,W1,MC,RES1,m
299581,34.0881445,-117.5831129,360,118506.1,W1-m-RES1-DF,06071002111,RES,RES1,W1,MC,RES1,m
299690,38.3420882,-121.9790499,360,223182.3,W1-m-RES1-DF,06095253107,RES,RES1,W1,MC,RES1,m
299775,33.8359668,-118.1163384,360,398796.8,W1-m-RES1-DF,06037571102,RES,RES1,W1,MC,RES1,m
299897,38.3918573,-122.7695059,360,373256.2,W1-m-RES1-DF,06097153301,RES,RES1,W1,MC,RES1,m
300089,34.179407,-118.3086042,360,19964.8,W1-m-RES1-DF,06037310705,RES,RES1,W1,MC,RES1,m
300166,38.6425987,-121.3197236,360,334684.0,W1-m-RES1-DF,06067007906,RES,RES1,W1,MC,RES1,m
300214,33.7513409,-118.3835062,360,246689.0,W1-m-RES1-DF,06037670603,RES,RES1,W1,MC,RES1,m
300265,34.6530404,-118.1832497,360,92648.72,W1-m-RES1-DF,06037901007,RES,RES1,W1,MC,RES1,m
300323,37.3842879,-121.8355147,360,570205.2,W1-m-RES1-DF,06085503802,RES,RES1,W1,MC,RES1,m
300394,34.2527888,-118.7879942,360,82119.9,W1-m-RES1-DF,06111007513,RES,RES1,W1,MC,RES1,m
300439,34.0218424,-118.295871,360,51584.31,W1-m-RES1-DF,06037222600,RES,RES1,W1,MC,RES1,m
300494,34.6541249,-118.2460846,360,8675.82,W1-m-RES1-DF,06037901215,RES,RES1,W1,MC,RES1,m
300547,39.1755854,-121.2253941,360,169200.9,W1-m-RES1-DF,06057000403,RES,RES1,W1,MC,RES1,m
300649,35.1237746,-120.6002959,360,70564.59,W1-m-RES1-DF,06079011903,RES,RES1,W1,MC,RES1,m
300772,33.8928036,-118.1514235,360,194088.2,W1-m-RES1-DF,06037553901,RES,RES1,W1,MC,RES1,m
300887,34.2284548,-118.2563999,360,435933.0,W1-m-RES1-DF,06037300400,RES,RES1,W1,MC,RES1,m
300973,33.650871,-117.9035762,360,184108.6,W1-m-RES1-DF,06059063201,RES,RES1,W1,MC,RES1,m
301040,38.5777705,-121.432632,360,451099.9,W1-m-RES1-DF,06067000100,RES,RES1,W1,MC,RES1,m
301124,34.1651965,-118.1262387,360,327860.3,W1-m-RES1-DF,06037462400,RES,RES1,W1,MC,RES1,m
301190,34.2619342,-118.4808881,360,415716.8,W1-m-RES1-DF,06037109700,RES,RES1,W1,MC,RES1,m
301274,35.0167341,-120.4788612,360,102108.5,W1-m-RES1-DF,06079012405,RES,RES1,W1,MC,RES1,m
301347,37.6729104,-120.9335537,360,922347.1,W1-m-RES1-DF,06099000913,RES,RES1,W1,MC,RES1,m
301434,32.708778,-117.127113,360,45570.8,W1-m-RES1-DF,06073004000,RES,RES1,W1,MC,RES1,m
301492,34.0432749,-118.1886037,360,42232.41,W1-m-RES1-DF,06037530901,RES,RES1,W1,MC,RES1,m
301526,34.4552224,-118.3565595,360,72050.58,W1-m-RES1-DF,06037910810,RES,RES1,W1,MC,RES1,m
301547,34.2250792,-118.3541879,360,138837.6,W1-m-RES1-DF,06037102103,RES,RES1,W1,MC,RES1,m
301809,34.0475565,-118.3635867,360,208670.2,W1-m-RES1-DF,06037216901,RES,RES1,W1,MC,RES1,m
301892,34.1176486,-118.1278865,360,848370.3,W1-m-RES1-DF,06037464102,RES,RES1,W1,MC,RES1,m
301973,35.681483,-119.243478,360,133147.8,W1-m-RES1-DF,06029004704,RES,RES1,W1,MC,RES1,m
302043,38.7026611,-121.3205839,360,199028.0,W1-m-RES1-DF,06067008129,RES,RES1,W1,MC,RES1,m
302182,34.0978837,-117.60459,360,82399.34,W1-m-RES1-DF,06071002105,RES,RES1,W1,MC,RES1,m
302265,36.5494476,-121.9239502,360,427358.6,W1-m-RES1-DF,06053011802,RES,RES1,W1,MC,RES1,m
302397,34.1471798,-118.4423602,360,237128.0,W1-m-RES1-DF,06037141202,RES,RES1,W1,MC,RES1,m
302525,37.9823073,-121.3319619,360,129989.0,W1-m-RES1-DF,06077003115,RES,RES1,W1,MC,RES1,m
302639,34.2976989,-119.0145578,360,279763.6,W1-m-RES1-DF,06111009300,RES,RES1,W1,MC,RES1,m
302704,34.0201691,-118.4138661,360,62126.4,W1-m-RES1-DF,06037271804,RES,RES1,W1,MC,RES1,m
302814,37.7218196,-120.9790608,360,489478.8,W1-m-RES1-DF,06099000407,RES,RES1,W1,MC,RES1,m
302904,34.4583786,-119.6074543,360,657059.8,W1-m-RES1-DF,06083001500,RES,RES1,W1,MC,RES1,m
302962,34.0267671,-118.289558,360,14240.92,W1-m-RES1-DF,06037221900,RES,RES1,W1,MC,RES1,m
303046,33.9415861,-118.3395043,360,36537.34,W1-m-RES1-DF,06037601900,RES,RES1,W1,MC,RES1,m
303134,40.1136833,-123.8592597,360,142859.2,W1-m-RES1-DF,06023011501,RES,RES1,W1,MC,RES1,m
303181,37.3904903,-122.0182184,360,247987.8,W1-m-RES1-DF,06085509002,RES,RES1,W1,MC,RES1,m
303268,37.7833424,-122.4507276,360,177552.7,W1-m-RES1-DF,06075015401,RES,RES1,W1,MC,RES1,m
303367,36.5957767,-121.7844785,360,80628.78,W1-m-RES1-DF,06053014109,RES,RES1,W1,MC,RES1,m
303568,38.5374689,-121.3955102,360,40908.14,W1-m-RES1-DF,06067005205,RES,RES1,W1,MC,RES1,m
303629,33.8849107,-118.2347142,360,148230.5,W1-m-RES1-DF,06037543201,RES,RES1,W1,MC,RES1,m
303679,37.4205586,-122.1184486,360,274880.8,W1-m-RES1-DF,06085510803,RES,RES1,W1,MC,RES1,m
303775,37.9950373,-122.033801,360,503357.8,W1-m-RES1-DF,06013329000,RES,RES1,W1,MC,RES1,m
303891,37.8194586,-122.3704229,360,43811.55,W1-m-RES1-DF,06075017903,RES,RES1,W1,MC,RES1,m
303954,33.7860198,-118.0863456,360,641994.8,W1-m-RES1-DF,06059110007,RES,RES1,W1,MC,RES1,m
304007,38.5067175,-121.4221791,360,312592.0,W1-m-RES1-DF,06067004801,RES,RES1,W1,MC,RES1,m
304057,37.3461125,-121.9734997,360,258278.0,W1-m-RES1-DF,06085505402,RES,RES1,W1,MC,RES1,m
304103,34.3253415,-118.4434033,360,235199.5,W1-m-RES1-DF,06037106010,RES,RES1,W1,MC,RES1,m
304203,33.8530222,-116.3795881,360,36782.57,W1-m-RES1-DF,06065044520,RES,RES1,W1,MC,RES1,m
304303,33.8867825,-118.2954546,360,149703.2,W1-m-RES1-DF,06037603101,RES,RES1,W1,MC,RES1,m
304366,34.0702751,-117.1662286,360,139516.6,W1-m-RES1-DF,06071008405,RES,RES1,W1,MC,RES1,m
304408,32.6077635,-117.0502304,360,220068.7,W1-m-RES1-DF,06073013303,RES,RES1,W1,MC,RES1,m
304479,37.8095098,-122.2982554,360,40642.43,W1-m-RES1-DF,06001401800,RES,RES1,W1,MC,RES1,m
304553,37.3653324,-122.0239218,360,28013.04,W1-m-RES1-DF,06085508509,RES,RES1,W1,MC,RES1,m
304604,34.0745294,-118.2984693,360,6847.23,W1-m-RES1-DF,06037211201,RES,RES1,W1,MC,RES1,m
304663,33.8367116,-117.5575664,360,152520.7,W1-m-RES1-DF,06065047901,RES,RES1,W1,MC,RES1,m
304709,37.317103,-122.010266,360,179345.3,W1-m-RES1-DF,06085508003,RES,RES1,W1,MC,RES1,m
304769,34.2143034,-118.5666432,360,250710.1,W1-m-RES1-DF,06037134101,RES,RES1,W1,MC,RES1,m
304806,34.5456915,-117.3639761,360,122731.1,W1-m-RES1-DF,06071009126,RES,RES1,W1,MC,RES1,m
304970,37.6712489,-121.7756214,360,801616.8,W1-m-RES1-DF,06001451602,RES,RES1,W1,MC,RES1,m
305181,37.4428194,-122.0860254,360,2046.943,W1-m-RES1-DF,06085504601,RES,RES1,W1,MC,RES1,m
305217,33.7946618,-118.2795526,360,122293.0,W1-m-RES1-DF,06037294301,RES,RES1,W1,MC,RES1,m
305318,33.9244565,-117.5494884,360,232312.2,W1-m-RES1-DF,06065040812,RES,RES1,W1,MC,RES1,m
305599,38.5764162,-121.3037255,360,68742.0,W1-m-RES1-DF,06067009007,RES,RES1,W1,MC,RES1,m
305703,34.5346329,-117.9074722,360,133039.4,W1-m-RES1-DF,06037910002,RES,RES1,W1,MC,RES1,m
305920,38.0158566,-121.8345617,360,309920.4,W1-m-RES1-DF,06013305000,RES,RES1,W1,MC,RES1,m
306010,34.3105741,-118.4365572,360,18969.33,W1-m-RES1-DF,06037106407,RES,RES1,W1,MC,RES1,m
306062,32.7116033,-116.9898498,360,139833.9,W1-m-RES1-DF,06073013909,RES,RES1,W1,MC,RES1,m
306149,33.7994363,-118.118082,360,658526.0,W1-m-RES1-DF,06037574300,RES,RES1,W1,MC,RES1,m
306196,35.3382047,-119.1372019,360,271655.0,W1-m-RES1-DF,06029003212,RES,RES1,W1,MC,RES1,m
306439,35.3867101,-119.0632205,360,141790.5,W1-m-RES1-DF,06029000507,RES,RES1,W1,MC,RES1,m
306476,34.1160203,-117.5656981,360,7964.19,W1-m-RES1-DF,06071002049,RES,RES1,W1,MC,RES1,m
306535,38.5419331,-121.3639394,360,282873.0,W1-m-RES1-DF,06067009111,RES,RES1,W1,MC,RES1,m
306609,34.1347523,-118.2363802,360,248834.0,W1-m-RES1-DF,06037302102,RES,RES1,W1,MC,RES1,m
306752,33.8715955,-117.9057059,360,270301.4,W1-m-RES1-DF,06059011403,RES,RES1,W1,MC,RES1,m
306826,37.2635211,-121.8239467,360,177016.8,W1-m-RES1-DF,06085512021,RES,RES1,W1,MC,RES1,m
306865,34.1014112,-117.3419718,360,43670.32,W1-m-RES1-DF,06071004404,RES,RES1,W1,MC,RES1,m
306947,38.3153554,-122.3154135,360,264657.5,W1-m-RES1-DF,06055200704,RES,RES1,W1,MC,RES1,m
307020,37.3012945,-121.8501153,360,42368.36,W1-m-RES1-DF,06085503221,RES,RES1,W1,MC,RES1,m
307079,37.8013029,-122.4212147,360,78449.27,W1-m-RES1-DF,06075010201,RES,RES1,W1,MC,RES1,m
307161,34.2070242,-116.18473,360,186862.1,W1-m-RES1-DF,06071010431,RES,RES1,W1,MC,RES1,m
307314,34.0211206,-117.9466149,360,257943.3,W1-m-RES1-DF,06037407702,RES,RES1,W1,MC,RES1,m
307396,33.1879855,-117.3684992,360,93799.78,W1-m-RES1-DF,06073018201,RES,RES1,W1,MC,RES1,m
307494,37.8733067,-122.2965336,360,128188.4,W1-m-RES1-DF,06001422100,RES,RES1,W1,MC,RES1,m
307637,33.8768314,-118.0832603,360,157190.8,W1-m-RES1-DF,06037554801,RES,RES1,W1,MC,RES1,m
307724,37.7630946,-122.4673205,360,166896.6,W1-m-RES1-DF,06075030202,RES,RES1,W1,MC,RES1,m
307861,37.6846101,-120.6257522,360,544613.8,W1-m-RES1-DF,06099002801,RES,RES1,W1,MC,RES1,m
307915,34.4533926,-118.5168986,360,17965.35,W1-m-RES1-DF,06037920045,RES,RES1,W1,MC,RES1,m
307973,37.8052759,-122.2433884,360,232891.0,W1-m-RES1-DF,06001405200,RES,RES1,W1,MC,RES1,m
308065,34.0560876,-118.3019777,360,23775.61,W1-m-RES1-DF,06037212420,RES,RES1,W1,MC,RES1,m
308149,34.115982,-117.6074135,360,129151.2,W1-m-RES1-DF,06071002016,RES,RES1,W1,MC,RES1,m
308172,37.7891027,-122.3906438,360,169798.6,W1-m-RES1-DF,06075061505,RES,RES1,W1,MC,RES1,m
308233,34.1948951,-118.507196,360,283711.0,W1-m-RES1-DF,06037132002,RES,RES1,W1,MC,RES1,m
308306,36.3030204,-119.2988503,360,443308.0,W1-m-RES1-DF,06107001902,RES,RES1,W1,MC,RES1,m
308394,38.5482506,-121.7359619,360,118626.8,W1-m-RES1-DF,06113010602,RES,RES1,W1,MC,RES1,m
308503,37.7936676,-122.4387455,360,304161.2,W1-m-RES1-DF,06075013200,RES,RES1,W1,MC,RES1,m
308631,37.7775293,-122.2031992,360,283669.6,W1-m-RES1-DF,06001407600,RES,RES1,W1,MC,RES1,m
308729,33.1511693,-117.1773755,360,69524.8,W1-m-RES1-DF,06073020021,RES,RES1,W1,MC,RES1,m
308802,37.7978102,-122.4221947,360,34858.66,W1-m-RES1-DF,06075010902,RES,RES1,W1,MC,RES1,m
309038,34.0577807,-117.6180157,360,86763.83,W1-m-RES1-DF,06071001600,RES,RES1,W1,MC,RES1,m
309133,33.8050344,-118.102337,360,622254.0,W1-m-RES1-DF,06037574400,RES,RES1,W1,MC,RES1,m
309162,38.0503127,-121.3553812,360,672711.1,W1-m-RES1-DF,06077004003,RES,RES1,W1,MC,RES1,m
309189,37.3678315,-121.9845986,360,210288.9,W1-m-RES1-DF,06085505301,RES,RES1,W1,MC,RES1,m
309271,37.9667898,-122.0346276,360,70060.38,W1-m-RES1-DF,06013336101,RES,RES1,W1,MC,RES1,m
309388,37.7369867,-120.9307015,360,86350.0,W1-m-RES1-DF,06099000301,RES,RES1,W1,MC,RES1,m
309541,33.8350748,-118.3797461,360,491968.7,W1-m-RES1-DF,06037621301,RES,RES1,W1,MC,RES1,m
309756,33.1130656,-117.213287,360,50040.1,W1-m-RES1-DF,06073020042,RES,RES1,W1,MC,RES1,m
309833,32.7369473,-117.0236856,360,191370.4,W1-m-RES1-DF,06073014001,RES,RES1,W1,MC,RES1,m
309930,33.6763992,-117.9275165,360,353617.8,W1-m-RES1-DF,06059063802,RES,RES1,W1,MC,RES1,m
309980,37.7936093,-122.2079606,360,153702.0,W1-m-RES1-DF,06001406601,RES,RES1,W1,MC,RES1,m
310146,37.991814,-121.7962474,360,342873.4,W1-m-RES1-DF,06013308001,RES,RES1,W1,MC,RES1,m
310209,35.3016306,-120.6936762,360,219389.1,W1-m-RES1-DF,06079011201,RES,RES1,W1,MC,RES1,m
310299,33.5651234,-117.1918935,360,10012.6,W1-m-RES1-DF,06065043206,RES,RES1,W1,MC,RES1,m
310439,33.8733305,-117.9361038,360,317820.4,W1-m-RES1-DF,06059011200,RES,RES1,W1,MC,RES1,m
310538,37.86371,-121.9837208,360,741846.8,W1-m-RES1-DF,06013346102,RES,RES1,W1,MC,RES1,m
310665,35.3555171,-120.8383191,360,295665.4,W1-m-RES1-DF,06079010602,RES,RES1,W1,MC,RES1,m
310767,36.7435859,-119.6639754,360,275921.0,W1-m-RES1-DF,06019001412,RES,RES1,W1,MC,RES1,m
310889,36.3331501,-119.3323721,360,623669.3,W1-m-RES1-DF,06107001006,RES,RES1,W1,MC,RES1,m
310933,34.2992784,-118.4326573,360,188936.7,W1-m-RES1-DF,06037320101,RES,RES1,W1,MC,RES1,m
311026,33.6335765,-117.8840997,360,488823.6,W1-m-RES1-DF,06059063004,RES,RES1,W1,MC,RES1,m
311085,34.4026561,-117.272407,360,96957.7,W1-m-RES1-DF,06071010021,RES,RES1,W1,MC,RES1,m
311160,37.9434498,-122.2881682,360,253764.6,W1-m-RES1-DF,06013361000,RES,RES1,W1,MC,RES1,m
311220,34.1911391,-118.5469513,360,158658.0,W1-m-RES1-DF,06037132502,RES,RES1,W1,MC,RES1,m
311277,34.2581084,-117.2291158,360,253522.5,W1-m-RES1-DF,06071010904,RES,RES1,W1,MC,RES1,m
311339,34.125057,-117.3923323,360,30924.96,W1-m-RES1-DF,06071003503,RES,RES1,W1,MC,RES1,m
311372,34.0981939,-118.0327899,360,205643.0,W1-m-RES1-DF,06037431501,RES,RES1,W1,MC,RES1,m
311500,33.7805344,-117.8378115,360,342008.6,W1-m-RES1-DF,06059075806,RES,RES1,W1,MC,RES1,m
311566,33.9419215,-117.3385529,360,88740.3,W1-m-RES1-DF,06065042207,RES,RES1,W1,MC,RES1,m
311628,34.4863122,-117.3268627,360,15314.28,W1-m-RES1-DF,06071010036,RES,RES1,W1,MC,RES1,m
311726,37.2384961,-121.8352509,360,712100.9,W1-m-RES1-DF,06085512045,RES,RES1,W1,MC,RES1,m
311743,34.2351095,-118.4203143,360,198762.3,W1-m-RES1-DF,06037119001,RES,RES1,W1,MC,RES1,m
311772,34.0078219,-118.263636,360,22965.04,W1-m-RES1-DF,06037228320,RES,RES1,W1,MC,RES1,m
311850,33.918645,-117.4211712,360,114463.0,W1-m-RES1-DF,06065031704,RES,RES1,W1,MC,RES1,m
311922,33.8245792,-118.0152251,360,183855.7,W1-m-RES1-DF,06059110202,RES,RES1,W1,MC,RES1,m
312005,39.4900371,-121.4581066,360,249273.4,W1-m-RES1-DF,06007002601,RES,RES1,W1,MC,RES1,m
312048,34.2499867,-118.8169685,360,9735.8,W1-m-RES1-DF,06111007516,RES,RES1,W1,MC,RES1,m
312153,37.0496097,-120.8634443,360,653875.8,W1-m-RES1-DF,06047002301,RES,RES1,W1,MC,RES1,m
312201,32.8589288,-117.2334341,360,43246.92,W1-m-RES1-DF,06073008362,RES,RES1,W1,MC,RES1,m
312229,36.0675633,-118.9959929,360,170947.0,W1-m-RES1-DF,06107003903,RES,RES1,W1,MC,RES1,m
312263,33.163745,-117.3117343,360,91290.92,W1-m-RES1-DF,06073019804,RES,RES1,W1,MC,RES1,m
312346,34.2515,-118.607847,360,211172.8,W1-m-RES1-DF,06037113213,RES,RES1,W1,MC,RES1,m
312371,34.413091,-119.8661126,360,28884.42,W1-m-RES1-DF,06083002936,RES,RES1,W1,MC,RES1,m
312469,33.8981177,-118.3585646,360,113921.5,W1-m-RES1-DF,06037603901,RES,RES1,W1,MC,RES1,m
312533,33.9783023,-118.2893094,360,19656.84,W1-m-RES1-DF,06037237500,RES,RES1,W1,MC,RES1,m
312582,37.5247705,-122.3231914,360,331335.8,W1-m-RES1-DF,06081607000,RES,RES1,W1,MC,RES1,m
312681,33.4942878,-117.6810635,360,615791.5,W1-m-RES1-DF,06059042311,RES,RES1,W1,MC,RES1,m
312755,37.3418351,-121.9862214,360,350543.3,W1-m-RES1-DF,06085505403,RES,RES1,W1,MC,RES1,m
312842,34.0887621,-118.2881169,360,5013.15,W1-m-RES1-DF,06037191410,RES,RES1,W1,MC,RES1,m
312919,34.0799255,-118.3024972,360,20865.4,W1-m-RES1-DF,06037192520,RES,RES1,W1,MC,RES1,m
313054,36.7561221,-119.7942162,360,170716.0,W1-m-RES1-DF,06019002300,RES,RES1,W1,MC,RES1,m
313102,34.1178269,-117.5346432,360,13310.56,W1-m-RES1-DF,06071002048,RES,RES1,W1,MC,RES1,m
313152,38.7214772,-121.3727251,360,642296.0,W1-m-RES1-DF,06067007430,RES,RES1,W1,MC,RES1,m
313220,33.9131184,-118.0876278,360,107026.9,W1-m-RES1-DF,06037552002,RES,RES1,W1,MC,RES1,m
313327,35.3608268,-119.0347862,360,223344.0,W1-m-RES1-DF,06029001901,RES,RES1,W1,MC,RES1,m
313382,37.3186929,-121.8429993,360,47664.64,W1-m-RES1-DF,06085503118,RES,RES1,W1,MC,RES1,m
313523,38.5025521,-121.4629263,360,98025.0,W1-m-RES1-DF,06067004502,RES,RES1,W1,MC,RES1,m
313658,34.057226,-118.2185819,360,22290.38,W1-m-RES1-DF,06037203500,RES,RES1,W1,MC,RES1,m
313857,33.8317827,-118.3529869,360,306999.7,W1-m-RES1-DF,06037650701,RES,RES1,W1,MC,RES1,m
313887,33.8767216,-116.9530089,360,148551.9,W1-m-RES1-DF,06065043812,RES,RES1,W1,MC,RES1,m
313985,36.134865,-119.0323178,360,240157.2,W1-m-RES1-DF,06107003301,RES,RES1,W1,MC,RES1,m
314060,34.6430814,-120.4623085,360,26577.0,W1-m-RES1-DF,06083002710,RES,RES1,W1,MC,RES1,m
314332,37.4480075,-122.1622126,360,160867.6,W1-m-RES1-DF,06085511302,RES,RES1,W1,MC,RES1,m
314481,33.7557499,-118.1100855,360,202421.3,W1-m-RES1-DF,06037577604,RES,RES1,W1,MC,RES1,m
314597,32.901604,-116.9470702,360,308612.7,W1-m-RES1-DF,06073016901,RES,RES1,W1,MC,RES1,m
314705,33.8211215,-117.9110788,360,65427.12,W1-m-RES1-DF,06059087405,RES,RES1,W1,MC,RES1,m
314880,38.0025255,-121.8485862,360,156721.0,W1-m-RES1-DF,06013307201,RES,RES1,W1,MC,RES1,m
315023,35.2163658,-120.750164,360,231648.3,W1-m-RES1-DF,06079011600,RES,RES1,W1,MC,RES1,m
315106,36.0906458,-119.0847036,360,267414.8,W1-m-RES1-DF,06107003501,RES,RES1,W1,MC,RES1,m
315183,33.6150925,-117.839299,360,176686.6,W1-m-RES1-DF,06059062645,RES,RES1,W1,MC,RES1,m
315303,37.378794,-122.0894335,360,584833.1,W1-m-RES1-DF,06085509801,RES,RES1,W1,MC,RES1,m
315387,33.7716284,-116.9444015,360,128666.9,W1-m-RES1-DF,06065043512,RES,RES1,W1,MC,RES1,m
315516,34.0616509,-118.4446082,360,10903.46,W1-m-RES1-DF,06037265204,RES,RES1,W1,MC,RES1,m
315620,38.0063695,-121.3236839,360,52220.7,W1-m-RES1-DF,06077003110,RES,RES1,W1,MC,RES1,m
315699,37.3344951,-121.9536944,360,161950.8,W1-m-RES1-DF,06085505902,RES,RES1,W1,MC,RES1,m
315795,40.8861547,-122.0033969,360,248203.6,W1-m-RES1-DF,06089012606,RES,RES1,W1,MC,RES1,m
315831,34.0693157,-118.2109573,360,34705.99,W1-m-RES1-DF,06037199801,RES,RES1,W1,MC,RES1,m
315884,33.9911857,-118.048873,360,250731.4,W1-m-RES1-DF,06037501302,RES,RES1,W1,MC,RES1,m
315978,33.1292602,-117.1882353,360,246357.3,W1-m-RES1-DF,06073020026,RES,RES1,W1,MC,RES1,m
316119,35.6175465,-118.4522853,360,112261.7,W1-m-RES1-DF,06029005205,RES,RES1,W1,MC,RES1,m
316239,34.2849674,-119.2887231,360,41011.89,W1-m-RES1-DF,06111002102,RES,RES1,W1,MC,RES1,m
316332,37.7927099,-120.4590891,360,303948.7,W1-m-RES1-DF,06109005201,RES,RES1,W1,MC,RES1,m
316401,34.0117794,-118.13246,360,126513.1,W1-m-RES1-DF,06037531902,RES,RES1,W1,MC,RES1,m
316448,37.3066122,-122.0806241,360,433163.9,W1-m-RES1-DF,06085507705,RES,RES1,W1,MC,RES1,m
316514,41.1893421,-124.0324312,360,321639.2,W1-m-RES1-DF,06023010200,RES,RES1,W1,MC,RES1,m
316577,33.956406,-118.283803,360,31374.48,W1-m-RES1-DF,06037240301,RES,RES1,W1,MC,RES1,m
316631,33.9098797,-118.1866746,360,150926.4,W1-m-RES1-DF,06037541802,RES,RES1,W1,MC,RES1,m
316683,32.660224,-117.0130133,360,307117.1,W1-m-RES1-DF,06073013411,RES,RES1,W1,MC,RES1,m
316721,38.5669269,-121.3260509,360,279480.0,W1-m-RES1-DF,06067009004,RES,RES1,W1,MC,RES1,m
316765,34.2046643,-118.5578906,360,80570.99,W1-m-RES1-DF,06037131701,RES,RES1,W1,MC,RES1,m
316805,37.7755166,-121.5418682,360,686403.1,W1-m-RES1-DF,06077005222,RES,RES1,W1,MC,RES1,m
316841,34.1739725,-118.3746553,360,27538.0,W1-m-RES1-DF,06037124204,RES,RES1,W1,MC,RES1,m
316955,33.7297953,-117.7970172,360,117039.2,W1-m-RES1-DF,06059052524,RES,RES1,W1,MC,RES1,m
317086,33.6821556,-117.9007831,360,319204.3,W1-m-RES1-DF,06059063903,RES,RES1,W1,MC,RES1,m
317191,34.3088574,-118.4613523,360,214666.4,W1-m-RES1-DF,06037106520,RES,RES1,W1,MC,RES1,m
317260,34.0463014,-118.2514975,360,20426.81,W1-m-RES1-DF,06037207304,RES,RES1,W1,MC,RES1,m
317287,33.8646576,-118.129473,360,239054.0,W1-m-RES1-DF,06037570002,RES,RES1,W1,MC,RES1,m
317398,37.3746166,-122.2171166,360,1366742.0,W1-m-RES1-DF,06081613200,RES,RES1,W1,MC,RES1,m
317465,38.6884255,-121.7885472,360,228140.0,W1-m-RES1-DF,06113010901,RES,RES1,W1,MC,RES1,m
317598,34.2606189,-119.2167654,360,101526.0,W1-m-RES1-DF,06111001509,RES,RES1,W1,MC,RES1,m
317728,37.6371162,-121.0069957,360,62626.0,W1-m-RES1-DF,06099001700,RES,RES1,W1,MC,RES1,m
317822,33.8211157,-118.3462592,360,234194.5,W1-m-RES1-DF,06037651102,RES,RES1,W1,MC,RES1,m
317950,33.9218213,-118.1262274,360,77832.8,W1-m-RES1-DF,06037551101,RES,RES1,W1,MC,RES1,m
318086,34.9695908,-118.7251827,360,36030.96,W1-m-RES1-DF,06029006011,RES,RES1,W1,MC,RES1,m
318150,34.1866166,-118.2959567,360,250181.4,W1-m-RES1-DF,06037310202,RES,RES1,W1,MC,RES1,m
318230,37.6626495,-122.4197376,360,331405.8,W1-m-RES1-DF,06081602001,RES,RES1,W1,MC,RES1,m
318276,34.6314418,-118.2529173,360,5232.447,W1-m-RES1-DF,06037901218,RES,RES1,W1,MC,RES1,m
318314,33.9982715,-118.2608283,360,36999.65,W1-m-RES1-DF,06037229200,RES,RES1,W1,MC,RES1,m
318404,34.0369451,-118.1149074,360,274335.1,W1-m-RES1-DF,06037482801,RES,RES1,W1,MC,RES1,m
318435,38.4555299,-121.4375735,360,478727.0,W1-m-RES1-DF,06067009610,RES,RES1,W1,MC,RES1,m
318496,34.1139317,-117.495486,360,12151.02,W1-m-RES1-DF,06071002038,RES,RES1,W1,MC,RES1,m
318520,33.4952197,-117.1030729,360,67207.49,W1-m-RES1-DF,06065043264,RES,RES1,W1,MC,RES1,m
318567,33.9545341,-118.3237463,360,194341.0,W1-m-RES1-DF,06037600704,RES,RES1,W1,MC,RES1,m
318610,33.5522152,-117.3020438,360,39013.08,W1-m-RES1-DF,06065043272,RES,RES1,W1,MC,RES1,m
318680,33.8503559,-117.9121351,360,76721.29,W1-m-RES1-DF,06059086502,RES,RES1,W1,MC,RES1,m
318763,34.053334,-118.1734507,360,125303.4,W1-m-RES1-DF,06037530603,RES,RES1,W1,MC,RES1,m
318881,35.35765,-118.9344716,360,113605.7,W1-m-RES1-DF,06029002303,RES,RES1,W1,MC,RES1,m
319054,37.9838842,-121.2810331,360,246570.5,W1-m-RES1-DF,06077001501,RES,RES1,W1,MC,RES1,m
319089,37.7178924,-121.4461174,360,279388.3,W1-m-RES1-DF,06077005216,RES,RES1,W1,MC,RES1,m
319139,34.1215086,-117.8732472,360,221080.9,W1-m-RES1-DF,06037403901,RES,RES1,W1,MC,RES1,m
319218,37.6641766,-122.087795,360,135114.7,W1-m-RES1-DF,06001436302,RES,RES1,W1,MC,RES1,m
319332,36.9735482,-121.9914461,360,77847.35,W1-m-RES1-DF,06087121403,RES,RES1,W1,MC,RES1,m
319386,37.8644359,-122.0638053,360,104555.0,W1-m-RES1-DF,06013351103,RES,RES1,W1,MC,RES1,m
319642,33.8839258,-118.2700081,360,208851.7,W1-m-RES1-DF,06037541003,RES,RES1,W1,MC,RES1,m
319759,33.7018697,-116.1821931,360,106474.3,W1-m-RES1-DF,06065940400,RES,RES1,W1,MC,RES1,m
319801,33.9953111,-117.9375991,360,304397.0,W1-m-RES1-DF,06037408623,RES,RES1,W1,MC,RES1,m
319852,38.3036981,-122.0262255,360,67413.3,W1-m-RES1-DF,06095252313,RES,RES1,W1,MC,RES1,m
320029,38.5426788,-122.8080843,360,71634.65,W1-m-RES1-DF,06097153808,RES,RES1,W1,MC,RES1,m
320180,38.4592719,-122.7228816,360,131890.6,W1-m-RES1-DF,06097152100,RES,RES1,W1,MC,RES1,m
320250,34.0258614,-117.0106293,360,210311.1,W1-m-RES1-DF,06071008712,RES,RES1,W1,MC,RES1,m
320351,38.4601521,-121.8307255,360,399968.4,W1-m-RES1-DF,06095253404,RES,RES1,W1,MC,RES1,m
320450,38.0019053,-121.3072652,360,216503.3,W1-m-RES1-DF,06077003305,RES,RES1,W1,MC,RES1,m
320515,34.1762843,-118.5333072,360,48424.04,W1-m-RES1-DF,06037139303,RES,RES1,W1,MC,RES1,m
320620,36.5869962,-119.4549129,360,472730.0,W1-m-RES1-DF,06019006700,RES,RES1,W1,MC,RES1,m
320692,34.1700186,-118.2103257,360,760229.3,W1-m-RES1-DF,06037300901,RES,RES1,W1,MC,RES1,m
320901,38.2116884,-122.5343549,360,167532.5,W1-m-RES1-DF,06097150612,RES,RES1,W1,MC,RES1,m
321000,34.1967006,-118.3916113,360,33529.84,W1-m-RES1-DF,06037123203,RES,RES1,W1,MC,RES1,m
321079,38.438079,-121.3624666,360,605027.0,W1-m-RES1-DF,06067009314,RES,RES1,W1,MC,RES1,m
321114,32.7380385,-117.252242,360,70882.16,W1-m-RES1-DF,06073007303,RES,RES1,W1,MC,RES1,m
321188,34.1257206,-118.2164099,360,70395.75,W1-m-RES1-DF,06037183402,RES,RES1,W1,MC,RES1,m
321265,33.8352186,-118.089263,360,147524.2,W1-m-RES1-DF,06037555002,RES,RES1,W1,MC,RES1,m
321335,37.761519,-121.9272789,360,104651.7,W1-m-RES1-DF,06013345112,RES,RES1,W1,MC,RES1,m
321431,32.7525425,-117.0963988,360,57425.16,W1-m-RES1-DF,06073002302,RES,RES1,W1,MC,RES1,m
321504,38.0449495,-121.2495327,360,372897.9,W1-m-RES1-DF,06077003501,RES,RES1,W1,MC,RES1,m
321635,38.2576583,-122.6798744,360,397797.0,W1-m-RES1-DF,06097151000,RES,RES1,W1,MC,RES1,m
321749,34.11017,-118.0429935,360,495748.4,W1-m-RES1-DF,06037431600,RES,RES1,W1,MC,RES1,m
321810,33.5265675,-117.730867,360,7548.958,W1-m-RES1-DF,06059042325,RES,RES1,W1,MC,RES1,m
321852,37.3959386,-122.0017169,360,206760.4,W1-m-RES1-DF,06085504806,RES,RES1,W1,MC,RES1,m
321965,33.6053278,-117.9157274,360,378714.7,W1-m-RES1-DF,06059062800,RES,RES1,W1,MC,RES1,m
322046,34.1029045,-118.2232595,360,134457.3,W1-m-RES1-DF,06037185204,RES,RES1,W1,MC,RES1,m
322102,34.4359597,-117.3059014,360,106618.0,W1-m-RES1-DF,06071010014,RES,RES1,W1,MC,RES1,m
322149,35.3566594,-118.9887513,360,56765.52,W1-m-RES1-DF,06029002201,RES,RES1,W1,MC,RES1,m
322238,34.4210021,-119.7092125,360,26311.65,W1-m-RES1-DF,06083001002,RES,RES1,W1,MC,RES1,m
322370,36.815613,-119.8083939,360,458902.0,W1-m-RES1-DF,06019004506,RES,RES1,W1,MC,RES1,m
322478,37.7908976,-122.4325551,360,134387.9,W1-m-RES1-DF,06075013500,RES,RES1,W1,MC,RES1,m
322626,37.5615414,-122.2864296,360,81485.34,W1-m-RES1-DF,06081607900,RES,RES1,W1,MC,RES1,m
322738,38.7888982,-121.1823899,360,1019518.0,W1-m-RES1-DF,06061020607,RES,RES1,W1,MC,RES1,m
322842,38.2087678,-122.6647282,360,389040.9,W1-m-RES1-DF,06097150800,RES,RES1,W1,MC,RES1,m
322971,37.5793766,-122.3506015,360,4517.01,W1-m-RES1-DF,06081605501,RES,RES1,W1,MC,RES1,m
323092,33.7260991,-116.2381506,360,82633.74,W1-m-RES1-DF,06065045209,RES,RES1,W1,MC,RES1,m
323207,37.744613,-122.1803623,360,121745.5,W1-m-RES1-DF,06001409400,RES,RES1,W1,MC,RES1,m
323290,32.6960753,-117.0733528,360,94048.72,W1-m-RES1-DF,06073003111,RES,RES1,W1,MC,RES1,m
323359,33.8605165,-117.937447,360,322103.9,W1-m-RES1-DF,06059011102,RES,RES1,W1,MC,RES1,m
323403,34.0474602,-117.7542728,360,46803.0,W1-m-RES1-DF,06037402504,RES,RES1,W1,MC,RES1,m
323481,33.954147,-116.4896937,360,100214.5,W1-m-RES1-DF,06065044510,RES,RES1,W1,MC,RES1,m
323606,34.1494929,-118.4318823,360,220787.9,W1-m-RES1-DF,06037141102,RES,RES1,W1,MC,RES1,m
323717,34.0927379,-118.0587894,360,468814.8,W1-m-RES1-DF,06037432102,RES,RES1,W1,MC,RES1,m
323763,37.5875955,-120.9798651,360,396223.0,W1-m-RES1-DF,06099002505,RES,RES1,W1,MC,RES1,m
323825,33.856156,-118.1729328,360,188124.7,W1-m-RES1-DF,06037570602,RES,RES1,W1,MC,RES1,m
323931,33.8096249,-117.9186718,360,11632.0,W1-m-RES1-DF,06059980000,RES,RES1,W1,MC,RES1,m
323997,37.4454799,-122.4377378,360,292377.7,W1-m-RES1-DF,06081613701,RES,RES1,W1,MC,RES1,m
324092,33.923878,-117.4621002,360,91634.9,W1-m-RES1-DF,06065041201,RES,RES1,W1,MC,RES1,m
324121,37.7162081,-122.4193463,360,1082.071,W1-m-RES1-DF,06075980501,RES,RES1,W1,MC,RES1,m
324241,35.6533747,-120.6445153,360,94542.48,W1-m-RES1-DF,06079010207,RES,RES1,W1,MC,RES1,m
324297,38.2665083,-122.0232104,360,166169.0,W1-m-RES1-DF,06095252608,RES,RES1,W1,MC,RES1,m
324404,37.6811898,-121.8865528,360,484839.4,W1-m-RES1-DF,06001450604,RES,RES1,W1,MC,RES1,m
324447,33.6948368,-116.3865607,360,222249.9,W1-m-RES1-DF,06065045114,RES,RES1,W1,MC,RES1,m
324504,33.8868935,-118.1971508,360,214956.0,W1-m-RES1-DF,06037542200,RES,RES1,W1,MC,RES1,m
324568,33.9408622,-118.2075251,360,147510.7,W1-m-RES1-DF,06037535802,RES,RES1,W1,MC,RES1,m
324622,33.778279,-117.0632869,360,75080.34,W1-m-RES1-DF,06065042745,RES,RES1,W1,MC,RES1,m
324690,37.9316743,-121.8566311,360,7766.81,W1-m-RES1-DF,06013355107,RES,RES1,W1,MC,RES1,m
324754,32.5718118,-117.0723454,360,124287.8,W1-m-RES1-DF,06073010106,RES,RES1,W1,MC,RES1,m
324821,37.3146965,-120.5474353,360,241682.0,W1-m-RES1-DF,06047000903,RES,RES1,W1,MC,RES1,m
324918,32.6248441,-117.0798163,360,231669.1,W1-m-RES1-DF,06073013000,RES,RES1,W1,MC,RES1,m
325007,34.0841555,-118.1201868,360,119633.5,W1-m-RES1-DF,06037481603,RES,RES1,W1,MC,RES1,m
325055,37.3400957,-122.0374423,360,19727.52,W1-m-RES1-DF,06085508305,RES,RES1,W1,MC,RES1,m
325169,34.1494399,-118.3720618,360,175951.9,W1-m-RES1-DF,06037143200,RES,RES1,W1,MC,RES1,m
325266,34.1876521,-119.2298656,360,83038.19,W1-m-RES1-DF,06111003616,RES,RES1,W1,MC,RES1,m
325315,34.0395101,-117.9608467,360,154730.0,W1-m-RES1-DF,06037407302,RES,RES1,W1,MC,RES1,m
325372,38.6869574,-121.3788717,360,383989.0,W1-m-RES1-DF,06067007402,RES,RES1,W1,MC,RES1,m
325442,33.9920834,-118.3108167,360,90051.22,W1-m-RES1-DF,06037232500,RES,RES1,W1,MC,RES1,m
325550,37.2542237,-121.8543848,360,134981.0,W1-m-RES1-DF,06085512027,RES,RES1,W1,MC,RES1,m
325602,33.8991187,-117.5771521,360,135600.9,W1-m-RES1-DF,06065040808,RES,RES1,W1,MC,RES1,m
325689,38.7811448,-121.238007,360,151478.0,W1-m-RES1-DF,06061021108,RES,RES1,W1,MC,RES1,m
325758,34.0266482,-118.1264604,360,93292.0,W1-m-RES1-DF,06037530203,RES,RES1,W1,MC,RES1,m
325815,34.1156486,-118.1749059,360,60199.79,W1-m-RES1-DF,06037183103,RES,RES1,W1,MC,RES1,m
325933,35.4111131,-119.0286467,360,114917.4,W1-m-RES1-DF,06029000300,RES,RES1,W1,MC,RES1,m
326009,34.144579,-118.5320785,360,448392.4,W1-m-RES1-DF,06037139703,RES,RES1,W1,MC,RES1,m
326047,33.9393103,-117.9199501,360,405689.5,W1-m-RES1-DF,06059001403,RES,RES1,W1,MC,RES1,m
326075,33.9660436,-118.2861074,360,11409.0,W1-m-RES1-DF,06037238310,RES,RES1,W1,MC,RES1,m
326132,36.1910411,-119.3662136,360,163395.0,W1-m-RES1-DF,06107003002,RES,RES1,W1,MC,RES1,m
326183,37.6833666,-120.9310436,360,496161.0,W1-m-RES1-DF,06099000915,RES,RES1,W1,MC,RES1,m
326267,37.3448147,-118.2425035,360,52031.68,W1-m-RES1-DF,06027000100,RES,RES1,W1,MC,RES1,m
326352,32.8030908,-116.9564865,360,151519.8,W1-m-RES1-DF,06073016301,RES,RES1,W1,MC,RES1,m
326413,33.7920054,-117.9916861,360,212321.3,W1-m-RES1-DF,06059087902,RES,RES1,W1,MC,RES1,m
326551,35.6395512,-120.7903596,360,281529.4,W1-m-RES1-DF,06079010016,RES,RES1,W1,MC,RES1,m
326600,33.8216408,-118.269697,360,192103.0,W1-m-RES1-DF,06037543701,RES,RES1,W1,MC,RES1,m
326727,38.8923185,-121.0770717,360,120366.0,W1-m-RES1-DF,06061020401,RES,RES1,W1,MC,RES1,m
326779,38.4198166,-122.7341732,360,142877.5,W1-m-RES1-DF,06097153103,RES,RES1,W1,MC,RES1,m
326971,33.5306084,-117.7473419,360,460997.5,W1-m-RES1-DF,06059062632,RES,RES1,W1,MC,RES1,m
327056,37.7713309,-122.4290133,360,92858.07,W1-m-RES1-DF,06075016801,RES,RES1,W1,MC,RES1,m
327203,34.5829354,-118.0773655,360,277273.3,W1-m-RES1-DF,06037910601,RES,RES1,W1,MC,RES1,m
327360,34.1750912,-118.8455232,360,76725.36,W1-m-RES1-DF,06111007100,RES,RES1,W1,MC,RES1,m
327474,37.7626143,-122.3955143,360,174718.1,W1-m-RES1-DF,06075022702,RES,RES1,W1,MC,RES1,m
327543,34.0975385,-117.4055522,360,69050.42,W1-m-RES1-DF,06071003405,RES,RES1,W1,MC,RES1,m
327575,37.638444,-122.0734492,360,14989.44,W1-m-RES1-DF,06001437702,RES,RES1,W1,MC,RES1,m
327681,34.0435736,-118.2960214,360,24022.74,W1-m-RES1-DF,06037221220,RES,RES1,W1,MC,RES1,m
327821,37.7820284,-122.4011589,360,16951.33,W1-m-RES1-DF,06075017801,RES,RES1,W1,MC,RES1,m
328029,37.8326584,-122.2833245,360,39253.67,W1-m-RES1-DF,06001425104,RES,RES1,W1,MC,RES1,m
328176,32.6166605,-117.0657271,360,133983.0,W1-m-RES1-DF,06073013102,RES,RES1,W1,MC,RES1,m
328232,33.5778283,-116.0688484,360,73212.1,W1-m-RES1-DF,06065045611,RES,RES1,W1,MC,RES1,m
328272,33.9151963,-117.3709369,360,82809.78,W1-m-RES1-DF,06065030604,RES,RES1,W1,MC,RES1,m
328343,33.8991507,-118.0498802,360,115480.1,W1-m-RES1-DF,06037552400,RES,RES1,W1,MC,RES1,m
328504,33.6159775,-117.7215654,360,132568.9,W1-m-RES1-DF,06059062622,RES,RES1,W1,MC,RES1,m
328622,34.0953777,-118.001331,360,149752.7,W1-m-RES1-DF,06037432502,RES,RES1,W1,MC,RES1,m
328679,33.8779864,-117.794769,360,627476.4,W1-m-RES1-DF,06059021816,RES,RES1,W1,MC,RES1,m
328718,33.9392821,-118.2502155,360,87492.0,W1-m-RES1-DF,06037242000,RES,RES1,W1,MC,RES1,m
328797,33.7670991,-118.3748908,360,438461.0,W1-m-RES1-DF,06037670405,RES,RES1,W1,MC,RES1,m
328869,38.6701375,-121.7608872,360,122115.5,W1-m-RES1-DF,06113011102,RES,RES1,W1,MC,RES1,m
328967,33.9134464,-117.4897786,360,96435.68,W1-m-RES1-DF,06065040901,RES,RES1,W1,MC,RES1,m
329065,32.7482619,-116.8783114,360,159914.3,W1-m-RES1-DF,06073021305,RES,RES1,W1,MC,RES1,m
329171,36.764838,-121.7533738,360,130089.3,W1-m-RES1-DF,06053010400,RES,RES1,W1,MC,RES1,m
329271,33.9592372,-117.4976668,360,64654.53,W1-m-RES1-DF,06065041004,RES,RES1,W1,MC,RES1,m
329366,34.3453966,-119.0772575,360,133973.3,W1-m-RES1-DF,06111000701,RES,RES1,W1,MC,RES1,m
329455,41.0933714,-123.6734422,360,37392.77,W1-m-RES1-DF,06023940000,RES,RES1,W1,MC,RES1,m
329540,32.5796769,-116.9587972,360,2511.0,W1-m-RES1-DF,06073010016,RES,RES1,W1,MC,RES1,m
329577,37.9604171,-122.0474661,360,191198.0,W1-m-RES1-DF,06013336201,RES,RES1,W1,MC,RES1,m
329681,33.765783,-117.9907063,360,168923.9,W1-m-RES1-DF,06059099801,RES,RES1,W1,MC,RES1,m
329769,34.092943,-117.8464352,360,276793.1,W1-m-RES1-DF,06037403703,RES,RES1,W1,MC,RES1,m
329852,33.7152771,-117.6850058,360,70474.23,W1-m-RES1-DF,06059052430,RES,RES1,W1,MC,RES1,m
330213,34.012479,-118.4951703,360,7651.083,W1-m-RES1-DF,06037701902,RES,RES1,W1,MC,RES1,m
330357,34.1109251,-117.9220312,360,49393.03,W1-m-RES1-DF,06037404501,RES,RES1,W1,MC,RES1,m
330423,37.3720591,-122.1017322,360,854002.9,W1-m-RES1-DF,06085510200,RES,RES1,W1,MC,RES1,m
330493,34.1016126,-118.256724,360,160587.3,W1-m-RES1-DF,06037187300,RES,RES1,W1,MC,RES1,m
330611,34.8801447,-118.3272928,360,67333.94,W1-m-RES1-DF,06029005514,RES,RES1,W1,MC,RES1,m
330690,33.9225245,-118.0111735,360,370015.7,W1-m-RES1-DF,06037503601,RES,RES1,W1,MC,RES1,m
330744,37.9888812,-121.923712,360,202338.8,W1-m-RES1-DF,06013313204,RES,RES1,W1,MC,RES1,m
330935,34.0876363,-118.3878296,360,261656.6,W1-m-RES1-DF,06037700501,RES,RES1,W1,MC,RES1,m
331070,37.8795036,-122.1684185,360,943554.4,W1-m-RES1-DF,06013353002,RES,RES1,W1,MC,RES1,m
331116,33.8553141,-118.0672795,360,392293.8,W1-m-RES1-DF,06037554516,RES,RES1,W1,MC,RES1,m
331140,34.1857966,-119.1511281,360,107265.2,W1-m-RES1-DF,06111004716,RES,RES1,W1,MC,RES1,m
331260,38.5684782,-121.4745179,360,57233.0,W1-m-RES1-DF,06067001300,RES,RES1,W1,MC,RES1,m
331323,34.2719328,-119.2248609,360,214024.0,W1-m-RES1-DF,06111001602,RES,RES1,W1,MC,RES1,m
331385,37.8112134,-122.2586656,360,20904.0,W1-m-RES1-DF,06001403701,RES,RES1,W1,MC,RES1,m
331480,33.7818249,-118.3043625,360,167213.3,W1-m-RES1-DF,06037293306,RES,RES1,W1,MC,RES1,m
331542,33.8201019,-117.9300546,360,167132.8,W1-m-RES1-DF,06059087106,RES,RES1,W1,MC,RES1,m
331610,35.3794847,-118.9585218,360,174402.0,W1-m-RES1-DF,06029000905,RES,RES1,W1,MC,RES1,m
331670,36.7458446,-120.0421779,360,126330.8,W1-m-RES1-DF,06019004006,RES,RES1,W1,MC,RES1,m
331764,33.8386596,-117.911715,360,63027.84,W1-m-RES1-DF,06059087301,RES,RES1,W1,MC,RES1,m
331847,33.9212703,-118.0897042,360,299985.8,W1-m-RES1-DF,06037550202,RES,RES1,W1,MC,RES1,m
331887,33.6971609,-117.0183104,360,45488.52,W1-m-RES1-DF,06065043319,RES,RES1,W1,MC,RES1,m
331939,34.2248464,-118.4703709,360,44850.41,W1-m-RES1-DF,06037117408,RES,RES1,W1,MC,RES1,m
332069,34.1506056,-118.4628536,360,140955.7,W1-m-RES1-DF,06037141306,RES,RES1,W1,MC,RES1,m
332139,32.7724256,-117.1908305,360,525.47,W1-m-RES1-DF,06073009109,RES,RES1,W1,MC,RES1,m
332193,36.9663523,-122.0327054,360,107317.5,W1-m-RES1-DF,06087101001,RES,RES1,W1,MC,RES1,m
332277,33.1569648,-117.2012263,360,53830.04,W1-m-RES1-DF,06073020036,RES,RES1,W1,MC,RES1,m
332329,39.2337563,-121.0869263,360,115158.0,W1-m-RES1-DF,06057000503,RES,RES1,W1,MC,RES1,m
332372,34.5503802,-118.1040712,360,2367.08,W1-m-RES1-DF,06037910707,RES,RES1,W1,MC,RES1,m
332483,37.8054262,-121.2311339,360,210510.6,W1-m-RES1-DF,06077005124,RES,RES1,W1,MC,RES1,m
332747,37.362814,-121.9239928,360,219506.8,W1-m-RES1-DF,06085505100,RES,RES1,W1,MC,RES1,m
332867,35.3913654,-120.8508591,360,199821.6,W1-m-RES1-DF,06079010505,RES,RES1,W1,MC,RES1,m
332960,37.0454623,-120.3025921,360,135748.8,W1-m-RES1-DF,06039000203,RES,RES1,W1,MC,RES1,m
333015,35.4949371,-120.6894395,360,84537.57,W1-m-RES1-DF,06079012602,RES,RES1,W1,MC,RES1,m
333078,32.809448,-116.9080679,360,275722.2,W1-m-RES1-DF,06073016403,RES,RES1,W1,MC,RES1,m
333145,34.6708476,-118.1722433,360,104475.3,W1-m-RES1-DF,06037901011,RES,RES1,W1,MC,RES1,m
333241,37.9091889,-121.6951185,360,105193.4,W1-m-RES1-DF,06013303211,RES,RES1,W1,MC,RES1,m
333264,38.3826848,-121.392925,360,480557.9,W1-m-RES1-DF,06067009652,RES,RES1,W1,MC,RES1,m
333365,34.1565862,-118.3742188,360,150368.3,W1-m-RES1-DF,06037125402,RES,RES1,W1,MC,RES1,m
333443,37.5329165,-120.8396043,360,502107.0,W1-m-RES1-DF,06099003611,RES,RES1,W1,MC,RES1,m
333506,40.7593641,-124.178586,360,190947.7,W1-m-RES1-DF,06023000400,RES,RES1,W1,MC,RES1,m
333596,33.8765977,-118.3569295,360,64119.44,W1-m-RES1-DF,06037604002,RES,RES1,W1,MC,RES1,m
333679,38.9111534,-121.3496906,360,699275.1,W1-m-RES1-DF,06061023400,RES,RES1,W1,MC,RES1,m
333758,37.9269437,-121.4574107,360,142120.3,W1-m-RES1-DF,06077003900,RES,RES1,W1,MC,RES1,m
333829,34.3023558,-118.4268073,360,231597.0,W1-m-RES1-DF,06037106114,RES,RES1,W1,MC,RES1,m
333895,34.1610929,-117.8642089,360,391073.2,W1-m-RES1-DF,06037400501,RES,RES1,W1,MC,RES1,m
333966,35.3693365,-119.2142746,360,93324.79,W1-m-RES1-DF,06029003823,RES,RES1,W1,MC,RES1,m
334037,41.6979555,-122.9225125,360,173527.8,W1-m-RES1-DF,06093000600,RES,RES1,W1,MC,RES1,m
334097,37.4701804,-122.2260217,360,32172.39,W1-m-RES1-DF,06081610800,RES,RES1,W1,MC,RES1,m
334260,38.0870092,-122.5144599,360,191640.8,W1-m-RES1-DF,06041104300,RES,RES1,W1,MC,RES1,m
334362,39.0722964,-121.0431089,360,1021409.0,W1-m-RES1-DF,06057000107,RES,RES1,W1,MC,RES1,m
334503,37.6891989,-121.92397,360,552479.4,W1-m-RES1-DF,06001450609,RES,RES1,W1,MC,RES1,m
334594,37.6193902,-120.9812542,360,134690.0,W1-m-RES1-DF,06099002302,RES,RES1,W1,MC,RES1,m
334667,35.3834279,-118.9825024,360,66203.08,W1-m-RES1-DF,06029001301,RES,RES1,W1,MC,RES1,m
334824,35.6480915,-117.6832328,360,44607.12,W1-m-RES1-DF,06029005405,RES,RES1,W1,MC,RES1,m
334900,33.7416923,-117.9244471,360,730.86,W1-m-RES1-DF,06059099248,RES,RES1,W1,MC,RES1,m
334959,32.9692378,-117.1416539,360,74661.72,W1-m-RES1-DF,06073008368,RES,RES1,W1,MC,RES1,m
335005,38.3342271,-122.7001585,360,217926.3,W1-m-RES1-DF,06097151301,RES,RES1,W1,MC,RES1,m
335068,38.5429371,-121.4582463,360,177373.0,W1-m-RES1-DF,06067002800,RES,RES1,W1,MC,RES1,m
335114,38.5359695,-121.4376337,360,259234.5,W1-m-RES1-DF,06067003002,RES,RES1,W1,MC,RES1,m
335170,38.642939,-121.3017946,360,530773.6,W1-m-RES1-DF,06067007905,RES,RES1,W1,MC,RES1,m
335264,33.9854415,-118.4325112,360,371355.4,W1-m-RES1-DF,06037275313,RES,RES1,W1,MC,RES1,m
335432,34.1366071,-118.2703438,360,81375.92,W1-m-RES1-DF,06037188100,RES,RES1,W1,MC,RES1,m
335514,36.6023032,-119.2556351,360,174422.4,W1-m-RES1-DF,06107000202,RES,RES1,W1,MC,RES1,m
335555,34.0376162,-117.7830815,360,48093.23,W1-m-RES1-DF,06037403317,RES,RES1,W1,MC,RES1,m
335602,38.0697573,-122.1542669,360,291839.3,W1-m-RES1-DF,06095252107,RES,RES1,W1,MC,RES1,m
335701,33.9832035,-118.4661393,360,257367.2,W1-m-RES1-DF,06037273902,RES,RES1,W1,MC,RES1,m
335797,37.6262681,-122.0764388,360,199045.0,W1-m-RES1-DF,06001438201,RES,RES1,W1,MC,RES1,m
335838,33.8123211,-116.4624623,360,15465.18,W1-m-RES1-DF,06065044933,RES,RES1,W1,MC,RES1,m
335925,34.423617,-118.4469245,360,77176.55,W1-m-RES1-DF,06037920038,RES,RES1,W1,MC,RES1,m
335999,33.972837,-118.2752978,360,33101.16,W1-m-RES1-DF,06037239601,RES,RES1,W1,MC,RES1,m
336092,37.3735315,-121.8283205,360,255585.2,W1-m-RES1-DF,06085503902,RES,RES1,W1,MC,RES1,m
336169,37.3162986,-120.5116506,360,69760.0,W1-m-RES1-DF,06047001005,RES,RES1,W1,MC,RES1,m
336239,38.6592805,-121.7657694,360,515574.0,W1-m-RES1-DF,06113011204,RES,RES1,W1,MC,RES1,m
336296,32.6358462,-117.0709931,360,198391.7,W1-m-RES1-DF,06073012800,RES,RES1,W1,MC,RES1,m
336351,34.3860639,-118.5964152,360,32850.01,W1-m-RES1-DF,06037920338,RES,RES1,W1,MC,RES1,m
336400,38.5148437,-121.4466914,360,191283.2,W1-m-RES1-DF,06067004604,RES,RES1,W1,MC,RES1,m
336473,38.9522451,-121.1106507,360,254572.0,W1-m-RES1-DF,06061021603,RES,RES1,W1,MC,RES1,m
336585,33.9707698,-118.2367913,360,79819.36,W1-m-RES1-DF,06037534900,RES,RES1,W1,MC,RES1,m
336636,33.7636019,-117.7649501,360,50059.55,W1-m-RES1-DF,06059052419,RES,RES1,W1,MC,RES1,m
336675,33.9340209,-117.972269,360,214203.6,W1-m-RES1-DF,06059001102,RES,RES1,W1,MC,RES1,m
336737,37.4829831,-121.9198352,360,307234.9,W1-m-RES1-DF,06001443322,RES,RES1,W1,MC,RES1,m
336833,34.0506364,-118.3126928,360,119077.8,W1-m-RES1-DF,06037213100,RES,RES1,W1,MC,RES1,m
337011,34.0748535,-118.348502,360,386545.2,W1-m-RES1-DF,06037214000,RES,RES1,W1,MC,RES1,m
337292,37.7085402,-122.1858996,360,248829.2,W1-m-RES1-DF,06001432400,RES,RES1,W1,MC,RES1,m
337428,33.9673929,-118.0753036,360,311268.2,W1-m-RES1-DF,06037502303,RES,RES1,W1,MC,RES1,m
337549,34.151167,-118.4243044,360,187385.2,W1-m-RES1-DF,06037141101,RES,RES1,W1,MC,RES1,m
337669,34.1965389,-118.4060882,360,88722.99,W1-m-RES1-DF,06037123304,RES,RES1,W1,MC,RES1,m
337733,37.3694488,-121.8546251,360,59205.76,W1-m-RES1-DF,06085503708,RES,RES1,W1,MC,RES1,m
337886,35.1444229,-119.4614392,360,280325.8,W1-m-RES1-DF,06029003500,RES,RES1,W1,MC,RES1,m
337968,38.0844628,-122.5745218,360,456122.5,W1-m-RES1-DF,06041104103,RES,RES1,W1,MC,RES1,m
338026,35.2017267,-118.846623,360,96677.7,W1-m-RES1-DF,06029006303,RES,RES1,W1,MC,RES1,m
338109,34.189727,-118.4847378,360,36209.16,W1-m-RES1-DF,06037127605,RES,RES1,W1,MC,RES1,m
338190,34.4075318,-119.714452,360,214824.7,W1-m-RES1-DF,06083001203,RES,RES1,W1,MC,RES1,m
338229,32.9749586,-117.0988796,360,33125.4,W1-m-RES1-DF,06073017035,RES,RES1,W1,MC,RES1,m
338264,38.5577813,-121.779714,360,198144.0,W1-m-RES1-DF,06113010511,RES,RES1,W1,MC,RES1,m
338468,33.6313483,-117.163345,360,5514.2,W1-m-RES1-DF,06065050702,RES,RES1,W1,MC,RES1,m
338533,34.0521631,-118.0141812,360,72703.56,W1-m-RES1-DF,06037434001,RES,RES1,W1,MC,RES1,m
338582,33.8122707,-118.2718045,360,176095.3,W1-m-RES1-DF,06037543704,RES,RES1,W1,MC,RES1,m
338689,37.2713891,-121.9270197,360,685166.4,W1-m-RES1-DF,06085502901,RES,RES1,W1,MC,RES1,m
338726,33.9261331,-118.2862377,360,73706.49,W1-m-RES1-DF,06037241300,RES,RES1,W1,MC,RES1,m
338826,37.4861261,-120.8576988,360,188821.0,W1-m-RES1-DF,06099003802,RES,RES1,W1,MC,RES1,m
338888,40.6628599,-122.3597798,360,248297.7,W1-m-RES1-DF,06089011701,RES,RES1,W1,MC,RES1,m
338938,33.826142,-117.0844666,360,39895.8,W1-m-RES1-DF,06065042744,RES,RES1,W1,MC,RES1,m
338999,38.6709416,-121.0856652,360,1148504.0,W1-m-RES1-DF,06017030706,RES,RES1,W1,MC,RES1,m
339053,34.1035471,-118.3114567,360,1982.86,W1-m-RES1-DF,06037190303,RES,RES1,W1,MC,RES1,m
339163,37.2921188,-120.5149483,360,196546.2,W1-m-RES1-DF,06047001501,RES,RES1,W1,MC,RES1,m
339203,36.3379848,-119.304845,360,130809.0,W1-m-RES1-DF,06107001102,RES,RES1,W1,MC,RES1,m
339311,33.9720411,-118.3522568,360,78017.33,W1-m-RES1-DF,06037600902,RES,RES1,W1,MC,RES1,m
339416,33.5765886,-117.5831908,360,36307.48,W1-m-RES1-DF,06059032046,RES,RES1,W1,MC,RES1,m
339443,34.1234416,-117.5163496,360,127848.3,W1-m-RES1-DF,06071002046,RES,RES1,W1,MC,RES1,m
339627,34.0009668,-117.4162564,360,71052.1,W1-m-RES1-DF,06065040304,RES,RES1,W1,MC,RES1,m
339721,32.7720293,-117.1511388,360,140274.4,W1-m-RES1-DF,06073009308,RES,RES1,W1,MC,RES1,m
339767,33.7970347,-116.9556879,360,36202.2,W1-m-RES1-DF,06065043509,RES,RES1,W1,MC,RES1,m
339835,34.0667121,-117.6324257,360,42324.5,W1-m-RES1-DF,06071001503,RES,RES1,W1,MC,RES1,m
339899,34.1104058,-117.3900615,360,105358.0,W1-m-RES1-DF,06071003507,RES,RES1,W1,MC,RES1,m
340063,34.4226571,-118.4848089,360,280934.0,W1-m-RES1-DF,06037920048,RES,RES1,W1,MC,RES1,m
340112,33.1005787,-117.2889625,360,40982.73,W1-m-RES1-DF,06073017808,RES,RES1,W1,MC,RES1,m
340184,33.9154886,-118.1636452,360,162273.2,W1-m-RES1-DF,06037536202,RES,RES1,W1,MC,RES1,m
340233,34.0490207,-117.8958117,360,444350.4,W1-m-RES1-DF,06037408005,RES,RES1,W1,MC,RES1,m
340278,37.9530661,-122.5245086,360,833135.1,W1-m-RES1-DF,06041119202,RES,RES1,W1,MC,RES1,m
340360,37.4217409,-120.5674195,360,169545.0,W1-m-RES1-DF,06047000503,RES,RES1,W1,MC,RES1,m
340458,38.5497903,-121.385415,360,436694.0,W1-m-RES1-DF,06067005204,RES,RES1,W1,MC,RES1,m
340553,39.4956403,-121.5403556,360,78422.82,W1-m-RES1-DF,06007003001,RES,RES1,W1,MC,RES1,m
340675,35.5063506,-119.271991,360,280580.0,W1-m-RES1-DF,06029004101,RES,RES1,W1,MC,RES1,m
340755,37.765644,-121.9926624,360,328520.3,W1-m-RES1-DF,06013345206,RES,RES1,W1,MC,RES1,m
340847,34.1022274,-118.2669741,360,540523.1,W1-m-RES1-DF,06037195100,RES,RES1,W1,MC,RES1,m
340939,33.9665412,-118.4180348,360,218066.2,W1-m-RES1-DF,06037276500,RES,RES1,W1,MC,RES1,m
341005,37.2551956,-121.8109259,360,55443.5,W1-m-RES1-DF,06085512022,RES,RES1,W1,MC,RES1,m
341139,34.1737636,-118.5849481,360,422847.3,W1-m-RES1-DF,06037137104,RES,RES1,W1,MC,RES1,m
341201,33.0234427,-117.2631194,360,137092.2,W1-m-RES1-DF,06073017406,RES,RES1,W1,MC,RES1,m
341274,33.6980398,-117.8817469,360,215484.4,W1-m-RES1-DF,06059074006,RES,RES1,W1,MC,RES1,m
341333,37.7528393,-122.4444126,360,282100.4,W1-m-RES1-DF,06075020402,RES,RES1,W1,MC,RES1,m
341443,33.7640391,-118.1730543,360,150043.0,W1-m-RES1-DF,06037576602,RES,RES1,W1,MC,RES1,m
341684,37.3395959,-121.9080736,360,139733.4,W1-m-RES1-DF,06085500300,RES,RES1,W1,MC,RES1,m
341759,37.3556397,-122.0415378,360,411679.2,W1-m-RES1-DF,06085508403,RES,RES1,W1,MC,RES1,m
341854,37.9474152,-121.7033573,360,105058.8,W1-m-RES1-DF,06013303105,RES,RES1,W1,MC,RES1,m
341921,34.0407655,-118.1739001,360,56487.37,W1-m-RES1-DF,06037531000,RES,RES1,W1,MC,RES1,m
341990,35.4165703,-119.0461164,360,145058.6,W1-m-RES1-DF,06029000202,RES,RES1,W1,MC,RES1,m
342054,34.4488261,-117.3822355,360,10773.09,W1-m-RES1-DF,06071010009,RES,RES1,W1,MC,RES1,m
342114,37.7217838,-122.4573318,360,320775.1,W1-m-RES1-DF,06075031201,RES,RES1,W1,MC,RES1,m
342192,36.7395305,-119.7453942,360,140514.0,W1-m-RES1-DF,06019002702,RES,RES1,W1,MC,RES1,m
342265,33.8534449,-118.0275965,360,535063.3,W1-m-RES1-DF,06059110301,RES,RES1,W1,MC,RES1,m
342391,37.4503166,-121.9162075,360,9306.68,W1-m-RES1-DF,06085504506,RES,RES1,W1,MC,RES1,m
342466,34.0583655,-117.2531226,360,92943.16,W1-m-RES1-DF,06071007305,RES,RES1,W1,MC,RES1,m
342528,37.8132139,-121.1935863,360,467620.5,W1-m-RES1-DF,06077005139,RES,RES1,W1,MC,RES1,m
342560,38.4605395,-122.9868326,360,159850.0,W1-m-RES1-DF,06097153708,RES,RES1,W1,MC,RES1,m
342773,34.0387217,-118.4441579,360,99893.83,W1-m-RES1-DF,06037267700,RES,RES1,W1,MC,RES1,m
342937,38.1377528,-121.9771056,360,125984.6,W1-m-RES1-DF,06095252702,RES,RES1,W1,MC,RES1,m
342989,34.2107757,-118.3719094,360,145985.7,W1-m-RES1-DF,06037122120,RES,RES1,W1,MC,RES1,m
343086,33.9637725,-118.4345193,360,409625.5,W1-m-RES1-DF,06037276601,RES,RES1,W1,MC,RES1,m
343147,37.62342,-122.4206865,360,381058.3,W1-m-RES1-DF,06081604000,RES,RES1,W1,MC,RES1,m
343244,34.0587488,-118.1353858,360,212793.8,W1-m-RES1-DF,06037482101,RES,RES1,W1,MC,RES1,m
343325,37.8382532,-122.3054128,360,14739.17,W1-m-RES1-DF,06001425101,RES,RES1,W1,MC,RES1,m
343367,34.1578955,-118.3568636,360,291497.5,W1-m-RES1-DF,06037125600,RES,RES1,W1,MC,RES1,m
343471,33.7362411,-117.8127013,360,148183.3,W1-m-RES1-DF,06059075507,RES,RES1,W1,MC,RES1,m
343559,37.5436595,-122.2787295,360,134687.1,W1-m-RES1-DF,06081608400,RES,RES1,W1,MC,RES1,m
343662,38.6500999,-121.5180781,360,5961.0,W1-m-RES1-DF,06067007027,RES,RES1,W1,MC,RES1,m
343733,33.9786571,-118.3522115,360,95075.64,W1-m-RES1-DF,06037600911,RES,RES1,W1,MC,RES1,m
343806,34.2119534,-118.5753847,360,42251.52,W1-m-RES1-DF,06037134104,RES,RES1,W1,MC,RES1,m
344007,37.9015582,-122.0632774,360,47157.14,W1-m-RES1-DF,06013339003,RES,RES1,W1,MC,RES1,m
344170,33.3417917,-117.234964,360,164306.5,W1-m-RES1-DF,06073018801,RES,RES1,W1,MC,RES1,m
344217,34.9641603,-120.4445191,360,201440.2,W1-m-RES1-DF,06083002303,RES,RES1,W1,MC,RES1,m
344265,32.9426037,-117.2241058,360,4752.03,W1-m-RES1-DF,06073008331,RES,RES1,W1,MC,RES1,m
344293,38.2874768,-122.2591559,360,174050.2,W1-m-RES1-DF,06055200302,RES,RES1,W1,MC,RES1,m
344395,34.0769216,-118.0467069,360,27761.66,W1-m-RES1-DF,06037432801,RES,RES1,W1,MC,RES1,m
344503,36.3151691,-120.0929313,360,49891.67,W1-m-RES1-DF,06019007802,RES,RES1,W1,MC,RES1,m
344612,38.5130176,-121.9829666,360,114844.0,W1-m-RES1-DF,06113011303,RES,RES1,W1,MC,RES1,m
344689,33.7768438,-117.7699603,360,335179.9,W1-m-RES1-DF,06059075605,RES,RES1,W1,MC,RES1,m
344786,33.8529083,-117.9934181,360,418883.8,W1-m-RES1-DF,06059110401,RES,RES1,W1,MC,RES1,m
344861,34.1300364,-118.0586172,360,73758.2,W1-m-RES1-DF,06037430723,RES,RES1,W1,MC,RES1,m
344919,35.2886982,-119.0522457,360,100650.9,W1-m-RES1-DF,06029003209,RES,RES1,W1,MC,RES1,m
345055,37.9610214,-122.5206079,360,414828.0,W1-m-RES1-DF,06041112100,RES,RES1,W1,MC,RES1,m
345158,38.5852419,-121.4130197,360,119.0,W1-m-RES1-DF,06067005509,RES,RES1,W1,MC,RES1,m
345333,37.3163691,-121.9452259,360,218819.1,W1-m-RES1-DF,06085506401,RES,RES1,W1,MC,RES1,m
345519,37.9299323,-121.6859542,360,188968.5,W1-m-RES1-DF,06013303107,RES,RES1,W1,MC,RES1,m
345608,34.0674668,-118.0863199,360,80873.52,W1-m-RES1-DF,06037482401,RES,RES1,W1,MC,RES1,m
345648,37.4748009,-122.1706968,360,350560.3,W1-m-RES1-DF,06081611600,RES,RES1,W1,MC,RES1,m
345723,33.6995404,-117.8938358,360,168551.3,W1-m-RES1-DF,06059074107,RES,RES1,W1,MC,RES1,m
345819,34.8862216,-120.4252702,360,345061.1,W1-m-RES1-DF,06083002008,RES,RES1,W1,MC,RES1,m
345880,38.5813574,-121.3922087,360,508645.1,W1-m-RES1-DF,06067005606,RES,RES1,W1,MC,RES1,m
345939,38.702513,-121.1740028,360,1039513.0,W1-m-RES1-DF,06067008210,RES,RES1,W1,MC,RES1,m
345981,33.7619089,-116.9280474,360,60715.62,W1-m-RES1-DF,06065043524,RES,RES1,W1,MC,RES1,m
346047,36.7876267,-119.8222511,360,183468.8,W1-m-RES1-DF,06019004802,RES,RES1,W1,MC,RES1,m
346140,37.7819786,-122.2265557,360,52094.79,W1-m-RES1-DF,06001406202,RES,RES1,W1,MC,RES1,m
346286,32.7261294,-117.1689043,360,64748.14,W1-m-RES1-DF,06073005801,RES,RES1,W1,MC,RES1,m
346374,34.176723,-118.5383655,360,72248.0,W1-m-RES1-DF,06037139302,RES,RES1,W1,MC,RES1,m
346457,33.4567135,-117.6170651,360,25339.18,W1-m-RES1-DF,06059042112,RES,RES1,W1,MC,RES1,m
346524,34.0546619,-118.2772209,360,4275.5,W1-m-RES1-DF,06037209402,RES,RES1,W1,MC,RES1,m
346612,38.6711,-121.2669754,360,119654.0,W1-m-RES1-DF,06067008139,RES,RES1,W1,MC,RES1,m
346700,34.1620692,-118.4269321,360,248329.9,W1-m-RES1-DF,06037124600,RES,RES1,W1,MC,RES1,m
346791,33.8908936,-117.9021324,360,595869.1,W1-m-RES1-DF,06059001602,RES,RES1,W1,MC,RES1,m
346900,34.0564462,-118.2723721,360,794.62,W1-m-RES1-DF,06037208902,RES,RES1,W1,MC,RES1,m
346972,36.7758682,-119.8278227,360,254198.0,W1-m-RES1-DF,06019003702,RES,RES1,W1,MC,RES1,m
347126,37.0198203,-121.5705811,360,68264.18,W1-m-RES1-DF,06085512604,RES,RES1,W1,MC,RES1,m
347227,32.9895326,-117.045904,360,307096.6,W1-m-RES1-DF,06073017054,RES,RES1,W1,MC,RES1,m
347299,34.0557841,-118.3706043,360,163608.7,W1-m-RES1-DF,06037216800,RES,RES1,W1,MC,RES1,m
347476,34.0373889,-118.3333058,360,100219.7,W1-m-RES1-DF,06037218701,RES,RES1,W1,MC,RES1,m
347619,34.0181655,-118.7932584,360,424944.6,W1-m-RES1-DF,06037800412,RES,RES1,W1,MC,RES1,m
347731,33.8001638,-118.3869835,360,1073512.0,W1-m-RES1-DF,06037670324,RES,RES1,W1,MC,RES1,m
347852,33.916534,-117.5336103,360,380234.2,W1-m-RES1-DF,06065040813,RES,RES1,W1,MC,RES1,m
347902,36.3437854,-119.3196777,360,736244.0,W1-m-RES1-DF,06107001011,RES,RES1,W1,MC,RES1,m
348000,32.7252925,-117.1625726,360,9554.568,W1-m-RES1-DF,06073005700,RES,RES1,W1,MC,RES1,m
348098,37.7272887,-122.0150232,360,233280.3,W1-m-RES1-DF,06001430101,RES,RES1,W1,MC,RES1,m
348209,37.0257555,-121.580832,360,121043.2,W1-m-RES1-DF,06085512513,RES,RES1,W1,MC,RES1,m
348388,34.0555602,-117.1894607,360,40824.48,W1-m-RES1-DF,06071008100,RES,RES1,W1,MC,RES1,m
348481,32.8501751,-117.1915848,360,210902.9,W1-m-RES1-DF,06073008345,RES,RES1,W1,MC,RES1,m
348515,34.0885081,-117.6198734,360,196682.0,W1-m-RES1-DF,06071001307,RES,RES1,W1,MC,RES1,m
348562,33.6766047,-116.4286895,360,112844.1,W1-m-RES1-DF,06065045124,RES,RES1,W1,MC,RES1,m
348812,37.6379573,-120.9927507,360,54597.76,W1-m-RES1-DF,06099001800,RES,RES1,W1,MC,RES1,m
348994,33.6315655,-117.9427058,360,407860.2,W1-m-RES1-DF,06059063603,RES,RES1,W1,MC,RES1,m
349092,35.430901,-119.0877034,360,38896.16,W1-m-RES1-DF,06029000508,RES,RES1,W1,MC,RES1,m
349116,38.7839109,-121.3708719,360,1375521.0,W1-m-RES1-DF,06061021325,RES,RES1,W1,MC,RES1,m
349176,33.1355577,-117.108982,360,105717.3,W1-m-RES1-DF,06073020309,RES,RES1,W1,MC,RES1,m
349207,38.2668921,-121.3246541,360,749927.1,W1-m-RES1-DF,06067009502,RES,RES1,W1,MC,RES1,m
349262,34.1322117,-117.2349556,360,73287.39,W1-m-RES1-DF,06071007407,RES,RES1,W1,MC,RES1,m
349399,34.0542821,-117.7349296,360,66338.17,W1-m-RES1-DF,06037402801,RES,RES1,W1,MC,RES1,m
349582,38.4410944,-122.7327644,360,307802.4,W1-m-RES1-DF,06097153002,RES,RES1,W1,MC,RES1,m
349643,32.6233337,-116.9552849,360,138564.3,W1-m-RES1-DF,06073013321,RES,RES1,W1,MC,RES1,m
349740,34.093458,-118.0983355,360,275807.2,W1-m-RES1-DF,06037481103,RES,RES1,W1,MC,RES1,m
349777,38.5555504,-121.3606353,360,511468.0,W1-m-RES1-DF,06067009109,RES,RES1,W1,MC,RES1,m
349876,37.1511719,-121.6268403,360,454567.0,W1-m-RES1-DF,06085512308,RES,RES1,W1,MC,RES1,m
349896,38.6944637,-121.1537533,360,4556.0,W1-m-RES1-DF,06067988300,RES,RES1,W1,MC,RES1,m
349969,36.7215506,-119.6658663,360,876919.1,W1-m-RES1-DF,06019001413,RES,RES1,W1,MC,RES1,m
350030,33.9270686,-118.1527452,360,227548.4,W1-m-RES1-DF,06037551502,RES,RES1,W1,MC,RES1,m
350086,34.3087281,-119.2278872,360,511251.2,W1-m-RES1-DF,06111009600,RES,RES1,W1,MC,RES1,m
350147,32.9428067,-117.071951,360,34835.22,W1-m-RES1-DF,06073017067,RES,RES1,W1,MC,RES1,m
350309,37.6044311,-122.3887434,360,158693.9,W1-m-RES1-DF,06081604400,RES,RES1,W1,MC,RES1,m
350436,37.5893168,-122.027817,360,354650.5,W1-m-RES1-DF,06001440308,RES,RES1,W1,MC,RES1,m
350660,37.7878384,-122.4001079,360,151194.0,W1-m-RES1-DF,06075061501,RES,RES1,W1,MC,RES1,m
350735,38.6232107,-121.4057513,360,72517.68,W1-m-RES1-DF,06067006203,RES,RES1,W1,MC,RES1,m
350834,36.415945,-121.3164457,360,75541.8,W1-m-RES1-DF,06053011103,RES,RES1,W1,MC,RES1,m
350954,39.7629881,-123.1572763,360,135637.1,W1-m-RES1-DF,06045010100,RES,RES1,W1,MC,RES1,m
351009,34.2516838,-116.4293448,360,152865.8,W1-m-RES1-DF,06071010435,RES,RES1,W1,MC,RES1,m
351074,33.6046208,-117.8634236,360,421494.2,W1-m-RES1-DF,06059062642,RES,RES1,W1,MC,RES1,m
351139,33.9414582,-118.1459849,360,295455.7,W1-m-RES1-DF,06037551402,RES,RES1,W1,MC,RES1,m
351347,37.3851644,-121.948078,360,334258.2,W1-m-RES1-DF,06085505007,RES,RES1,W1,MC,RES1,m
351398,38.3098464,-122.329452,360,252280.1,W1-m-RES1-DF,06055200703,RES,RES1,W1,MC,RES1,m
351500,37.7993784,-122.4063879,360,17470.86,W1-m-RES1-DF,06075010600,RES,RES1,W1,MC,RES1,m
351612,33.9037379,-118.3308405,360,27113.05,W1-m-RES1-DF,06037602507,RES,RES1,W1,MC,RES1,m
351680,34.0687514,-117.6754429,360,152235.0,W1-m-RES1-DF,06071001002,RES,RES1,W1,MC,RES1,m
351949,33.8072129,-118.3366655,360,493743.5,W1-m-RES1-DF,06037651101,RES,RES1,W1,MC,RES1,m
352096,33.7522099,-117.8596881,360,53795.66,W1-m-RES1-DF,06059074405,RES,RES1,W1,MC,RES1,m
352254,38.7012745,-120.7912088,360,159934.9,W1-m-RES1-DF,06017031506,RES,RES1,W1,MC,RES1,m
352326,33.9462081,-118.194008,360,183314.9,W1-m-RES1-DF,06037535901,RES,RES1,W1,MC,RES1,m
352375,32.9019274,-117.0284232,360,208738.5,W1-m-RES1-DF,06073009504,RES,RES1,W1,MC,RES1,m
352415,34.148604,-116.0017268,360,124830.5,W1-m-RES1-DF,06071010426,RES,RES1,W1,MC,RES1,m
352545,37.7020462,-122.1331241,360,226628.6,W1-m-RES1-DF,06001433102,RES,RES1,W1,MC,RES1,m
352681,37.7436588,-121.4440465,360,169932.0,W1-m-RES1-DF,06077005308,RES,RES1,W1,MC,RES1,m
352770,36.5436798,-121.6316313,360,449916.7,W1-m-RES1-DF,06053010702,RES,RES1,W1,MC,RES1,m
352813,38.5212587,-121.0585673,360,1216993.0,W1-m-RES1-DF,06067008601,RES,RES1,W1,MC,RES1,m
352904,35.1899925,-119.1009485,360,132120.9,W1-m-RES1-DF,06029003222,RES,RES1,W1,MC,RES1,m
353003,37.7034025,-121.4255299,360,703197.5,W1-m-RES1-DF,06077005219,RES,RES1,W1,MC,RES1,m
353035,34.015387,-118.0846905,360,67111.1,W1-m-RES1-DF,06037500500,RES,RES1,W1,MC,RES1,m
353075,33.7331931,-116.9389808,360,183505.8,W1-m-RES1-DF,06065043314,RES,RES1,W1,MC,RES1,m
353116,34.2371666,-118.4458756,360,57899.18,W1-m-RES1-DF,06037119341,RES,RES1,W1,MC,RES1,m
353268,34.1444791,-118.2484452,360,58702.41,W1-m-RES1-DF,06037302201,RES,RES1,W1,MC,RES1,m
353326,34.0684885,-118.0062454,360,30687.12,W1-m-RES1-DF,06037433307,RES,RES1,W1,MC,RES1,m
353377,34.1758783,-118.3922288,360,159468.9,W1-m-RES1-DF,06037123902,RES,RES1,W1,MC,RES1,m
353436,32.794632,-116.9069289,360,234683.0,W1-m-RES1-DF,06073015602,RES,RES1,W1,MC,RES1,m
353568,34.6140391,-117.97786,360,104070.2,W1-m-RES1-DF,06037911100,RES,RES1,W1,MC,RES1,m
353633,32.7060389,-117.1145661,360,62628.29,W1-m-RES1-DF,06073003501,RES,RES1,W1,MC,RES1,m
353692,33.7971208,-117.8255792,360,310877.6,W1-m-RES1-DF,06059075815,RES,RES1,W1,MC,RES1,m
353745,35.4222473,-118.9079019,360,78732.8,W1-m-RES1-DF,06029000914,RES,RES1,W1,MC,RES1,m
353818,33.180292,-117.2865422,360,122646.7,W1-m-RES1-DF,06073019805,RES,RES1,W1,MC,RES1,m
353905,33.7610955,-118.3132073,360,837812.3,W1-m-RES1-DF,06037670701,RES,RES1,W1,MC,RES1,m
353949,34.3232264,-118.4294854,360,324572.1,W1-m-RES1-DF,06037106020,RES,RES1,W1,MC,RES1,m
353996,38.5205733,-121.4183309,360,248425.6,W1-m-RES1-DF,06067003204,RES,RES1,W1,MC,RES1,m
354049,33.8166155,-117.7564056,360,147354.8,W1-m-RES1-DF,06059021912,RES,RES1,W1,MC,RES1,m
354113,38.5843213,-121.4856339,360,34173.12,W1-m-RES1-DF,06067000501,RES,RES1,W1,MC,RES1,m
354231,36.3056613,-119.3226585,360,407783.0,W1-m-RES1-DF,06107002003,RES,RES1,W1,MC,RES1,m
354345,38.6233797,-121.4729191,360,145338.9,W1-m-RES1-DF,06067007001,RES,RES1,W1,MC,RES1,m
354451,38.4298959,-121.4080981,360,296962.0,W1-m-RES1-DF,06067009639,RES,RES1,W1,MC,RES1,m
354485,33.9096153,-118.0157307,360,249623.0,W1-m-RES1-DF,06037504001,RES,RES1,W1,MC,RES1,m
354544,33.8771395,-118.286709,360,111178.2,W1-m-RES1-DF,06037291220,RES,RES1,W1,MC,RES1,m
354642,38.5180285,-121.4711734,360,79554.9,W1-m-RES1-DF,06067004501,RES,RES1,W1,MC,RES1,m
354759,37.3034436,-121.035872,360,235116.1,W1-m-RES1-DF,06099003502,RES,RES1,W1,MC,RES1,m
354951,37.9718673,-122.526997,360,7139.58,W1-m-RES1-DF,06041111001,RES,RES1,W1,MC,RES1,m
355019,33.7672498,-117.8074361,360,719797.1,W1-m-RES1-DF,06059075703,RES,RES1,W1,MC,RES1,m
355105,33.8662186,-118.3493187,360,309013.2,W1-m-RES1-DF,06037650300,RES,RES1,W1,MC,RES1,m
355214,33.7088571,-118.2869206,360,42426.7,W1-m-RES1-DF,06037297601,RES,RES1,W1,MC,RES1,m
355307,35.2456616,-120.6778625,360,23047.04,W1-m-RES1-DF,06079011501,RES,RES1,W1,MC,RES1,m
355424,38.0982747,-122.5403703,360,276052.1,W1-m-RES1-DF,06041101200,RES,RES1,W1,MC,RES1,m
355499,34.1142025,-117.582716,360,100614.6,W1-m-RES1-DF,06071002028,RES,RES1,W1,MC,RES1,m
355591,37.7909959,-122.4098067,360,6803.42,W1-m-RES1-DF,06075011902,RES,RES1,W1,MC,RES1,m
355821,37.453915,-121.143035,360,410046.6,W1-m-RES1-DF,06099003203,RES,RES1,W1,MC,RES1,m
355958,36.9968212,-121.9775876,360,229209.1,W1-m-RES1-DF,06087121300,RES,RES1,W1,MC,RES1,m
356069,33.4817173,-117.6780547,360,271720.7,W1-m-RES1-DF,06059042341,RES,RES1,W1,MC,RES1,m
356165,33.8599299,-117.7444675,360,5009.13,W1-m-RES1-DF,06059021922,RES,RES1,W1,MC,RES1,m
356237,37.758667,-121.4305292,360,42899.19,W1-m-RES1-DF,06077005311,RES,RES1,W1,MC,RES1,m
356310,37.3799247,-120.7331794,360,444777.0,W1-m-RES1-DF,06047000305,RES,RES1,W1,MC,RES1,m
356391,37.6999824,-120.9672353,360,475129.0,W1-m-RES1-DF,06099000403,RES,RES1,W1,MC,RES1,m
356474,37.2428218,-121.9143244,360,832568.4,W1-m-RES1-DF,06085506803,RES,RES1,W1,MC,RES1,m
356521,34.5154459,-117.3391379,360,47435.95,W1-m-RES1-DF,06071009917,RES,RES1,W1,MC,RES1,m
356629,33.9416202,-118.3307594,360,6827.0,W1-m-RES1-DF,06037600602,RES,RES1,W1,MC,RES1,m
356701,32.7605138,-117.1519499,360,137347.5,W1-m-RES1-DF,06073000500,RES,RES1,W1,MC,RES1,m
356765,37.7974428,-122.4438958,360,225917.8,W1-m-RES1-DF,06075012801,RES,RES1,W1,MC,RES1,m
356901,38.4570299,-122.7128443,360,167976.2,W1-m-RES1-DF,06097152201,RES,RES1,W1,MC,RES1,m
356981,34.0762606,-117.9569614,360,127452.8,W1-m-RES1-DF,06037405203,RES,RES1,W1,MC,RES1,m
357079,38.0903749,-121.2463819,360,240656.6,W1-m-RES1-DF,06077004107,RES,RES1,W1,MC,RES1,m
357135,37.4707721,-121.9130472,360,220815.4,W1-m-RES1-DF,06001443301,RES,RES1,W1,MC,RES1,m
357178,33.8897102,-117.1134304,360,79303.8,W1-m-RES1-DF,06065042624,RES,RES1,W1,MC,RES1,m
357273,37.3303633,-122.0048875,360,312232.0,W1-m-RES1-DF,06085508102,RES,RES1,W1,MC,RES1,m
357379,33.1484964,-117.222758,360,36043.38,W1-m-RES1-DF,06073020017,RES,RES1,W1,MC,RES1,m
357416,33.7256097,-116.2852919,360,22257.54,W1-m-RES1-DF,06065045234,RES,RES1,W1,MC,RES1,m
357524,34.3510453,-118.5978806,360,14551.16,W1-m-RES1-DF,06037920326,RES,RES1,W1,MC,RES1,m
357586,38.5941628,-121.3129043,360,226584.0,W1-m-RES1-DF,06067008910,RES,RES1,W1,MC,RES1,m
357635,34.0218497,-118.3045508,360,79414.08,W1-m-RES1-DF,06037222500,RES,RES1,W1,MC,RES1,m
357728,33.9679116,-118.0292523,360,141374.6,W1-m-RES1-DF,06037501802,RES,RES1,W1,MC,RES1,m
357853,38.7555932,-121.1996984,360,1014183.0,W1-m-RES1-DF,06061020604,RES,RES1,W1,MC,RES1,m
357943,36.7977186,-119.7678173,360,341598.0,W1-m-RES1-DF,06019005301,RES,RES1,W1,MC,RES1,m
357968,34.156016,-117.2622698,360,251128.7,W1-m-RES1-DF,06071006101,RES,RES1,W1,MC,RES1,m
358090,33.8740638,-118.3082458,360,131364.4,W1-m-RES1-DF,06037603302,RES,RES1,W1,MC,RES1,m
358173,32.6800662,-117.074495,360,129619.9,W1-m-RES1-DF,06073012003,RES,RES1,W1,MC,RES1,m
358350,37.7215214,-122.1576682,360,87770.18,W1-m-RES1-DF,06001432601,RES,RES1,W1,MC,RES1,m
358454,37.2737909,-121.8229031,360,156124.4,W1-m-RES1-DF,06085512057,RES,RES1,W1,MC,RES1,m
358507,37.4292567,-122.1772178,360,21501.32,W1-m-RES1-DF,06085511608,RES,RES1,W1,MC,RES1,m
358560,33.8945972,-118.1040729,360,315718.8,W1-m-RES1-DF,06037553000,RES,RES1,W1,MC,RES1,m
358599,37.3471326,-122.0367347,360,363450.5,W1-m-RES1-DF,06085508306,RES,RES1,W1,MC,RES1,m
358672,33.7227495,-118.0610462,360,784305.5,W1-m-RES1-DF,06059099514,RES,RES1,W1,MC,RES1,m
358703,33.9456299,-118.2323662,360,744.0,W1-m-RES1-DF,06037242100,RES,RES1,W1,MC,RES1,m
358796,36.5783772,-121.942244,360,764037.7,W1-m-RES1-DF,06053011901,RES,RES1,W1,MC,RES1,m
358883,36.7395172,-119.763454,360,199022.7,W1-m-RES1-DF,06019002602,RES,RES1,W1,MC,RES1,m
358952,34.0246746,-117.6035299,360,62874.1,W1-m-RES1-DF,06071001809,RES,RES1,W1,MC,RES1,m
358994,34.0502856,-117.8132614,360,138524.0,W1-m-RES1-DF,06037402403,RES,RES1,W1,MC,RES1,m
359034,37.7193281,-122.4678661,360,350720.4,W1-m-RES1-DF,06075031301,RES,RES1,W1,MC,RES1,m
359091,33.8103895,-117.9632329,360,294259.0,W1-m-RES1-DF,06059087703,RES,RES1,W1,MC,RES1,m
359198,38.4284581,-121.6491713,360,713880.3,W1-m-RES1-DF,06113010401,RES,RES1,W1,MC,RES1,m
359266,33.7953384,-117.9555411,360,256794.8,W1-m-RES1-DF,06059088202,RES,RES1,W1,MC,RES1,m
359407,34.3630171,-118.5258986,360,233354.1,W1-m-RES1-DF,06037920312,RES,RES1,W1,MC,RES1,m
359494,33.721282,-117.8902703,360,268774.7,W1-m-RES1-DF,06059074102,RES,RES1,W1,MC,RES1,m
359646,39.2332975,-121.0511573,360,357560.0,W1-m-RES1-DF,06057000504,RES,RES1,W1,MC,RES1,m
359766,38.5618891,-121.4773744,360,103945.0,W1-m-RES1-DF,06067001900,RES,RES1,W1,MC,RES1,m
359864,35.5983407,-120.6302235,360,128672.9,W1-m-RES1-DF,06079010202,RES,RES1,W1,MC,RES1,m
359938,34.2539511,-118.5128425,360,379978.2,W1-m-RES1-DF,06037111302,RES,RES1,W1,MC,RES1,m
359997,36.3608951,-119.3162223,360,969147.1,W1-m-RES1-DF,06107001012,RES,RES1,W1,MC,RES1,m
360182,35.8504301,-119.4055452,360,74014.2,W1-m-RES1-DF,06107004302,RES,RES1,W1,MC,RES1,m
360245,34.1936905,-118.4155624,360,108599.0,W1-m-RES1-DF,06037123420,RES,RES1,W1,MC,RES1,m
360296,33.9974228,-118.2981841,360,150043.0,W1-m-RES1-DF,06037232300,RES,RES1,W1,MC,RES1,m
360352,38.114676,-122.2358356,360,389415.5,W1-m-RES1-DF,06095251300,RES,RES1,W1,MC,RES1,m
360390,34.7094389,-118.0851167,360,407.84,W1-m-RES1-DF,06037900610,RES,RES1,W1,MC,RES1,m
360455,37.6673232,-121.8010388,360,441459.8,W1-m-RES1-DF,06001451703,RES,RES1,W1,MC,RES1,m
360535,33.8323796,-117.9633147,360,98436.2,W1-m-RES1-DF,06059087101,RES,RES1,W1,MC,RES1,m
360694,37.768089,-122.4003072,360,21958.24,W1-m-RES1-DF,06075060702,RES,RES1,W1,MC,RES1,m
360745,32.7712283,-115.317678,360,68338.96,W1-m-RES1-DF,06025010800,RES,RES1,W1,MC,RES1,m
360792,37.9182611,-122.0889917,360,403019.2,W1-m-RES1-DF,06013340003,RES,RES1,W1,MC,RES1,m
360831,40.9883255,-124.0865738,360,47833.7,W1-m-RES1-DF,06023010400,RES,RES1,W1,MC,RES1,m
360963,33.6793721,-117.9932453,360,163641.9,W1-m-RES1-DF,06059099305,RES,RES1,W1,MC,RES1,m
361163,37.508137,-122.0358825,360,310033.6,W1-m-RES1-DF,06001444304,RES,RES1,W1,MC,RES1,m
361216,37.9973818,-121.2956414,360,90978.0,W1-m-RES1-DF,06077003313,RES,RES1,W1,MC,RES1,m
361290,34.0457195,-118.2878287,360,8484.79,W1-m-RES1-DF,06037221110,RES,RES1,W1,MC,RES1,m
361372,33.9979135,-118.2706778,360,35386.24,W1-m-RES1-DF,06037229300,RES,RES1,W1,MC,RES1,m
361431,38.0247217,-121.3027511,360,120543.4,W1-m-RES1-DF,06077003406,RES,RES1,W1,MC,RES1,m
361490,37.5533155,-122.3309357,360,888343.8,W1-m-RES1-DF,06081606500,RES,RES1,W1,MC,RES1,m
361558,34.2151078,-118.4518684,360,10096.0,W1-m-RES1-DF,06037120030,RES,RES1,W1,MC,RES1,m
361626,33.9432105,-118.2152045,360,18726.82,W1-m-RES1-DF,06037540201,RES,RES1,W1,MC,RES1,m
361673,34.0468935,-118.2031501,360,21337.47,W1-m-RES1-DF,06037203720,RES,RES1,W1,MC,RES1,m
361730,33.8646109,-118.1402263,360,356743.7,W1-m-RES1-DF,06037570003,RES,RES1,W1,MC,RES1,m
361783,37.3724448,-120.0839008,360,388727.1,W1-m-RES1-DF,06043000102,RES,RES1,W1,MC,RES1,m
361849,34.6259419,-118.1724239,360,173287.3,W1-m-RES1-DF,06037910212,RES,RES1,W1,MC,RES1,m
361894,33.9785676,-118.2717384,360,42705.35,W1-m-RES1-DF,06037239320,RES,RES1,W1,MC,RES1,m
362137,37.6343064,-121.6163068,360,484714.3,W1-m-RES1-DF,06001451104,RES,RES1,W1,MC,RES1,m
362243,37.0439737,-120.6551864,360,155673.4,W1-m-RES1-DF,06047002401,RES,RES1,W1,MC,RES1,m
362284,38.4950808,-121.5333575,360,238232.0,W1-m-RES1-DF,06067004018,RES,RES1,W1,MC,RES1,m
362339,34.1297233,-118.2097405,360,124117.0,W1-m-RES1-DF,06037181600,RES,RES1,W1,MC,RES1,m
362411,38.6217831,-119.7983522,360,322857.7,W1-m-RES1-DF,06003010000,RES,RES1,W1,MC,RES1,m
362522,33.9430035,-117.464757,360,57510.78,W1-m-RES1-DF,06065041101,RES,RES1,W1,MC,RES1,m
362682,38.3944915,-121.3620314,360,653991.0,W1-m-RES1-DF,06067009310,RES,RES1,W1,MC,RES1,m
362718,37.5590519,-122.24891,360,376501.0,W1-m-RES1-DF,06081608300,RES,RES1,W1,MC,RES1,m
362766,37.0146086,-121.6113934,360,93363.01,W1-m-RES1-DF,06085512516,RES,RES1,W1,MC,RES1,m
362852,34.1002292,-117.2713393,360,15669.96,W1-m-RES1-DF,06071006501,RES,RES1,W1,MC,RES1,m
362931,34.7188706,-120.4692705,360,586543.3,W1-m-RES1-DF,06083002808,RES,RES1,W1,MC,RES1,m
363026,40.5792747,-122.3142507,360,480155.9,W1-m-RES1-DF,06089010805,RES,RES1,W1,MC,RES1,m
363106,37.2801478,-120.4671657,360,225975.0,W1-m-RES1-DF,06047001604,RES,RES1,W1,MC,RES1,m
363209,37.019641,-122.0632867,360,475319.5,W1-m-RES1-DF,06087120700,RES,RES1,W1,MC,RES1,m
363282,33.9785291,-118.2773062,360,43876.56,W1-m-RES1-DF,06037239310,RES,RES1,W1,MC,RES1,m
363367,34.0170825,-118.2596808,360,18472.82,W1-m-RES1-DF,06037226702,RES,RES1,W1,MC,RES1,m
363419,34.0429009,-117.6469663,360,78693.01,W1-m-RES1-DF,06071001812,RES,RES1,W1,MC,RES1,m
363458,38.1503908,-122.282969,360,39270.12,W1-m-RES1-DF,06095251804,RES,RES1,W1,MC,RES1,m
363484,32.8584892,-116.9800224,360,278550.7,W1-m-RES1-DF,06073016610,RES,RES1,W1,MC,RES1,m
363513,38.8239763,-121.2646847,360,1128627.0,W1-m-RES1-DF,06061021324,RES,RES1,W1,MC,RES1,m
363568,34.1001268,-118.2316876,360,66621.03,W1-m-RES1-DF,06037185203,RES,RES1,W1,MC,RES1,m
363686,34.0468502,-118.2723098,360,17686.53,W1-m-RES1-DF,06037210010,RES,RES1,W1,MC,RES1,m
363770,38.9821047,-121.1646138,360,552081.3,W1-m-RES1-DF,06061021604,RES,RES1,W1,MC,RES1,m
363829,33.7371813,-117.9026546,360,82597.06,W1-m-RES1-DF,06059074805,RES,RES1,W1,MC,RES1,m
363913,32.7449119,-117.0966252,360,67149.13,W1-m-RES1-DF,06073002601,RES,RES1,W1,MC,RES1,m
363987,38.5723435,-121.4906895,360,30693.71,W1-m-RES1-DF,06067001202,RES,RES1,W1,MC,RES1,m
364095,32.7996991,-117.2526157,360,66462.33,W1-m-RES1-DF,06073007905,RES,RES1,W1,MC,RES1,m
364285,36.7369244,-119.7927732,360,920.58,W1-m-RES1-DF,06019000100,RES,RES1,W1,MC,RES1,m
364339,37.2397512,-121.9339441,360,608053.8,W1-m-RES1-DF,06085506804,RES,RES1,W1,MC,RES1,m
364388,33.8930996,-117.5115316,360,29691.68,W1-m-RES1-DF,06065040815,RES,RES1,W1,MC,RES1,m
364430,35.3510332,-119.1514658,360,3166.26,W1-m-RES1-DF,06029003203,RES,RES1,W1,MC,RES1,m
364491,33.7491593,-116.2890686,360,13124.76,W1-m-RES1-DF,06065045233,RES,RES1,W1,MC,RES1,m
364581,33.1547915,-117.3499851,360,157636.1,W1-m-RES1-DF,06073018000,RES,RES1,W1,MC,RES1,m
364664,37.5048267,-122.2774924,360,868921.2,W1-m-RES1-DF,06081609500,RES,RES1,W1,MC,RES1,m
364772,34.0590071,-118.1219962,360,125843.8,W1-m-RES1-DF,06037482201,RES,RES1,W1,MC,RES1,m
364997,33.1179717,-117.1118508,360,49750.92,W1-m-RES1-DF,06073020313,RES,RES1,W1,MC,RES1,m
365092,33.9209014,-117.9511671,360,268432.0,W1-m-RES1-DF,06059001303,RES,RES1,W1,MC,RES1,m
365226,33.8222769,-118.3903264,360,122557.5,W1-m-RES1-DF,06037621326,RES,RES1,W1,MC,RES1,m
365294,34.19392,-119.2145657,360,66651.24,W1-m-RES1-DF,06111003613,RES,RES1,W1,MC,RES1,m
365364,37.3184032,-121.8013312,360,351874.6,W1-m-RES1-DF,06085503315,RES,RES1,W1,MC,RES1,m
365456,37.9190883,-122.0467663,360,395182.6,W1-m-RES1-DF,06013338204,RES,RES1,W1,MC,RES1,m
365535,33.9557504,-117.3611851,360,427103.2,W1-m-RES1-DF,06065030603,RES,RES1,W1,MC,RES1,m
365589,34.069332,-117.7392134,360,114013.5,W1-m-RES1-DF,06037402601,RES,RES1,W1,MC,RES1,m
365688,32.6082077,-117.0914612,360,39979.53,W1-m-RES1-DF,06073013103,RES,RES1,W1,MC,RES1,m
365731,34.1762433,-115.25038,360,152814.9,W1-m-RES1-DF,06071010425,RES,RES1,W1,MC,RES1,m
365762,34.3477019,-119.0857741,360,134680.9,W1-m-RES1-DF,06111000702,RES,RES1,W1,MC,RES1,m
365792,34.5618494,-118.0672703,360,14924.0,W1-m-RES1-DF,06037910606,RES,RES1,W1,MC,RES1,m
365874,36.9047402,-119.7675337,360,1432588.0,W1-m-RES1-DF,06019005503,RES,RES1,W1,MC,RES1,m
365928,33.9551471,-118.2956255,360,49707.82,W1-m-RES1-DF,06037600100,RES,RES1,W1,MC,RES1,m
366015,35.3991976,-119.00964,360,7849.48,W1-m-RES1-DF,06029000601,RES,RES1,W1,MC,RES1,m
366076,34.241064,-116.9457564,360,342819.7,W1-m-RES1-DF,06071011206,RES,RES1,W1,MC,RES1,m
366187,33.7748225,-116.9685455,360,15210.38,W1-m-RES1-DF,06065043522,RES,RES1,W1,MC,RES1,m
366301,34.1064459,-117.197144,360,185258.2,W1-m-RES1-DF,06071007604,RES,RES1,W1,MC,RES1,m
366469,34.2102531,-118.4782103,360,114554.9,W1-m-RES1-DF,06037127400,RES,RES1,W1,MC,RES1,m
366555,34.0262232,-117.7068158,360,353287.5,W1-m-RES1-DF,06071000501,RES,RES1,W1,MC,RES1,m
366714,34.1007391,-117.6910756,360,33614.96,W1-m-RES1-DF,06071000821,RES,RES1,W1,MC,RES1,m
366771,32.7249378,-117.0195316,360,189468.8,W1-m-RES1-DF,06073014002,RES,RES1,W1,MC,RES1,m
366814,37.961197,-121.8103813,360,67559.6,W1-m-RES1-DF,06013355118,RES,RES1,W1,MC,RES1,m
366875,33.2819738,-117.2644052,360,384212.5,W1-m-RES1-DF,06073018619,RES,RES1,W1,MC,RES1,m
366959,37.7346905,-121.769005,360,430123.8,W1-m-RES1-DF,06001451202,RES,RES1,W1,MC,RES1,m
367016,40.7691596,-124.1483154,360,589047.4,W1-m-RES1-DF,06023000700,RES,RES1,W1,MC,RES1,m
367067,33.9304798,-117.4972884,360,107389.9,W1-m-RES1-DF,06065040904,RES,RES1,W1,MC,RES1,m
367123,34.4473253,-118.5296449,360,407869.1,W1-m-RES1-DF,06037920017,RES,RES1,W1,MC,RES1,m
367181,34.1029474,-118.2785412,360,271937.1,W1-m-RES1-DF,06037195202,RES,RES1,W1,MC,RES1,m
367335,38.4288774,-122.7274638,360,72648.4,W1-m-RES1-DF,06097153104,RES,RES1,W1,MC,RES1,m
367489,36.8448123,-119.7744453,360,341157.0,W1-m-RES1-DF,06019004406,RES,RES1,W1,MC,RES1,m
367551,37.2873934,-121.8380451,360,181472.2,W1-m-RES1-DF,06085503220,RES,RES1,W1,MC,RES1,m
367608,34.2337311,-118.4702311,360,11834.76,W1-m-RES1-DF,06037117405,RES,RES1,W1,MC,RES1,m
367745,33.810202,-117.9889032,360,66843.22,W1-m-RES1-DF,06059087803,RES,RES1,W1,MC,RES1,m
367824,37.3471628,-121.9621405,360,323048.4,W1-m-RES1-DF,06085505500,RES,RES1,W1,MC,RES1,m
367970,37.9226826,-122.3152165,360,124139.0,W1-m-RES1-DF,06013386000,RES,RES1,W1,MC,RES1,m
368077,33.8802194,-118.1247134,360,90254.7,W1-m-RES1-DF,06037554203,RES,RES1,W1,MC,RES1,m
368146,35.4020275,-118.9413337,360,141181.3,W1-m-RES1-DF,06029000908,RES,RES1,W1,MC,RES1,m
368297,37.660175,-121.0035581,360,645738.0,W1-m-RES1-DF,06099001300,RES,RES1,W1,MC,RES1,m
368364,37.7469984,-121.4211821,360,43910.4,W1-m-RES1-DF,06077005309,RES,RES1,W1,MC,RES1,m
368447,33.0772262,-117.3060916,360,314024.0,W1-m-RES1-DF,06073017701,RES,RES1,W1,MC,RES1,m
368562,34.050883,-118.2937,360,13058.93,W1-m-RES1-DF,06037213320,RES,RES1,W1,MC,RES1,m
368641,35.370833,-118.9451246,360,119847.4,W1-m-RES1-DF,06029001105,RES,RES1,W1,MC,RES1,m
368702,40.276377,-120.5441539,360,327359.3,W1-m-RES1-DF,06035040500,RES,RES1,W1,MC,RES1,m
368771,34.9569725,-120.3927552,360,133509.0,W1-m-RES1-DF,06083002211,RES,RES1,W1,MC,RES1,m
368826,34.0704417,-118.4594425,360,384812.9,W1-m-RES1-DF,06037265420,RES,RES1,W1,MC,RES1,m
368991,37.6444282,-120.9150131,360,237208.0,W1-m-RES1-DF,06099002002,RES,RES1,W1,MC,RES1,m
369099,37.6593397,-120.9658255,360,445013.0,W1-m-RES1-DF,06099001001,RES,RES1,W1,MC,RES1,m
369216,34.3082318,-118.7692597,360,128874.4,W1-m-RES1-DF,06111008502,RES,RES1,W1,MC,RES1,m
369264,36.7250069,-119.7591482,360,71836.38,W1-m-RES1-DF,06019001303,RES,RES1,W1,MC,RES1,m
369343,33.8909804,-118.3481442,360,86309.1,W1-m-RES1-DF,06037603802,RES,RES1,W1,MC,RES1,m
369471,34.5802057,-118.112519,360,26141.07,W1-m-RES1-DF,06037910501,RES,RES1,W1,MC,RES1,m
369632,34.061113,-118.3681221,360,110469.1,W1-m-RES1-DF,06037216301,RES,RES1,W1,MC,RES1,m
369677,37.3797672,-122.0565575,360,1502.9,W1-m-RES1-DF,06085509107,RES,RES1,W1,MC,RES1,m
369729,33.7376041,-116.9826738,360,139089.6,W1-m-RES1-DF,06065043404,RES,RES1,W1,MC,RES1,m
369777,33.8522481,-118.2413562,360,682709.9,W1-m-RES1-DF,06037543304,RES,RES1,W1,MC,RES1,m
369818,34.202023,-118.64714,360,506985.0,W1-m-RES1-DF,06037134421,RES,RES1,W1,MC,RES1,m
369939,39.3257871,-121.7897864,360,217567.4,W1-m-RES1-DF,06007003502,RES,RES1,W1,MC,RES1,m
370042,36.812111,-119.7200348,360,141362.0,W1-m-RES1-DF,06019005608,RES,RES1,W1,MC,RES1,m
370148,37.8902978,-120.8321178,360,1039638.0,W1-m-RES1-DF,06099000101,RES,RES1,W1,MC,RES1,m
370184,33.9455386,-117.2040032,360,18085.44,W1-m-RES1-DF,06065042402,RES,RES1,W1,MC,RES1,m
370253,33.8739925,-117.5686515,360,43358.55,W1-m-RES1-DF,06065041601,RES,RES1,W1,MC,RES1,m
370329,37.7772373,-122.465624,360,107778.7,W1-m-RES1-DF,06075045202,RES,RES1,W1,MC,RES1,m
370414,36.7467812,-119.709158,360,151509.0,W1-m-RES1-DF,06019003004,RES,RES1,W1,MC,RES1,m
370497,33.9583191,-118.4523594,360,299351.3,W1-m-RES1-DF,06037278102,RES,RES1,W1,MC,RES1,m
370589,34.0721312,-117.9962625,360,181873.6,W1-m-RES1-DF,06037404701,RES,RES1,W1,MC,RES1,m
370669,34.2022974,-118.1374923,360,607196.8,W1-m-RES1-DF,06037460200,RES,RES1,W1,MC,RES1,m
370791,32.7806857,-117.0066178,360,22991.88,W1-m-RES1-DF,06073015002,RES,RES1,W1,MC,RES1,m
370854,33.586945,-117.6167142,360,224805.9,W1-m-RES1-DF,06059032065,RES,RES1,W1,MC,RES1,m
370994,34.2038272,-118.2338438,360,277641.3,W1-m-RES1-DF,06037300602,RES,RES1,W1,MC,RES1,m
371185,34.1368076,-117.8808668,360,530067.4,W1-m-RES1-DF,06037400801,RES,RES1,W1,MC,RES1,m
371246,36.3483924,-119.3406883,360,745012.6,W1-m-RES1-DF,06107001007,RES,RES1,W1,MC,RES1,m
371337,38.3622131,-121.996768,360,304283.8,W1-m-RES1-DF,06095253203,RES,RES1,W1,MC,RES1,m
371462,39.7551658,-121.638031,360,74250.27,W1-m-RES1-DF,06007002100,RES,RES1,W1,MC,RES1,m
371627,37.5591958,-121.9915699,360,410053.1,W1-m-RES1-DF,06001441800,RES,RES1,W1,MC,RES1,m
371700,33.7142853,-116.2596224,360,37021.52,W1-m-RES1-DF,06065045213,RES,RES1,W1,MC,RES1,m
371758,38.636246,-121.3570577,360,654065.0,W1-m-RES1-DF,06067005901,RES,RES1,W1,MC,RES1,m
371829,37.8676563,-122.2318813,360,176918.4,W1-m-RES1-DF,06001400100,RES,RES1,W1,MC,RES1,m
371938,36.7585393,-119.8037024,360,212670.0,W1-m-RES1-DF,06019002200,RES,RES1,W1,MC,RES1,m
372011,32.9674554,-117.1552936,360,138775.7,W1-m-RES1-DF,06073008367,RES,RES1,W1,MC,RES1,m
372048,34.2133661,-119.1636554,360,68815.63,W1-m-RES1-DF,06111003102,RES,RES1,W1,MC,RES1,m
372098,36.203971,-119.3208345,360,364126.0,W1-m-RES1-DF,06107002903,RES,RES1,W1,MC,RES1,m
372126,37.7326749,-122.3958349,360,245870.4,W1-m-RES1-DF,06075023003,RES,RES1,W1,MC,RES1,m
372181,38.5496993,-120.2509786,360,322187.8,W1-m-RES1-DF,06005000102,RES,RES1,W1,MC,RES1,m
372253,37.717253,-121.4942375,360,630339.9,W1-m-RES1-DF,06077005213,RES,RES1,W1,MC,RES1,m
372300,34.0334074,-118.3337765,360,39906.27,W1-m-RES1-DF,06037218702,RES,RES1,W1,MC,RES1,m
372468,37.7589673,-120.8286914,360,313241.0,W1-m-RES1-DF,06099000205,RES,RES1,W1,MC,RES1,m
372616,32.7867228,-117.091731,360,269897.2,W1-m-RES1-DF,06073009604,RES,RES1,W1,MC,RES1,m
372655,33.7107078,-118.3025064,360,305767.3,W1-m-RES1-DF,06037297501,RES,RES1,W1,MC,RES1,m
372720,33.8507453,-117.933024,360,166573.9,W1-m-RES1-DF,06059086601,RES,RES1,W1,MC,RES1,m
372831,33.6810735,-116.1857331,360,138152.8,W1-m-RES1-DF,06065045707,RES,RES1,W1,MC,RES1,m
372869,33.9518968,-117.308654,360,83499.51,W1-m-RES1-DF,06065050902,RES,RES1,W1,MC,RES1,m
372889,36.712683,-121.621008,360,232121.7,W1-m-RES1-DF,06053000104,RES,RES1,W1,MC,RES1,m
372918,33.2501756,-117.3150563,360,46859.76,W1-m-RES1-DF,06073018609,RES,RES1,W1,MC,RES1,m
372970,38.1164727,-122.2218481,360,204746.5,W1-m-RES1-DF,06095250103,RES,RES1,W1,MC,RES1,m
373035,37.6463794,-122.4568702,360,241744.2,W1-m-RES1-DF,06081602601,RES,RES1,W1,MC,RES1,m
373153,38.6417287,-121.4202442,360,251526.3,W1-m-RES1-DF,06067006400,RES,RES1,W1,MC,RES1,m
373204,38.9411027,-119.9358827,360,195253.2,W1-m-RES1-DF,06017031602,RES,RES1,W1,MC,RES1,m
373290,40.6712574,-122.3693659,360,210792.9,W1-m-RES1-DF,06089011702,RES,RES1,W1,MC,RES1,m
373353,37.6948314,-122.123894,360,248992.5,W1-m-RES1-DF,06001433802,RES,RES1,W1,MC,RES1,m
373421,34.0660715,-117.6629921,360,79142.3,W1-m-RES1-DF,06071001101,RES,RES1,W1,MC,RES1,m
373468,33.8641707,-117.6207861,360,32987.7,W1-m-RES1-DF,06065041913,RES,RES1,W1,MC,RES1,m
373580,38.4427045,-122.6913822,360,493751.1,W1-m-RES1-DF,06097151800,RES,RES1,W1,MC,RES1,m
373667,34.411561,-118.9627618,360,127453.6,W1-m-RES1-DF,06111000304,RES,RES1,W1,MC,RES1,m
373727,34.1968245,-118.548597,360,170286.8,W1-m-RES1-DF,06037132501,RES,RES1,W1,MC,RES1,m
373768,33.8898408,-118.0069031,360,272185.4,W1-m-RES1-DF,06037503901,RES,RES1,W1,MC,RES1,m
373780,34.4131649,-119.8792866,360,87222.8,W1-m-RES1-DF,06083002937,RES,RES1,W1,MC,RES1,m
373876,37.4207097,-121.8760864,360,201402.8,W1-m-RES1-DF,06085504416,RES,RES1,W1,MC,RES1,m
373943,33.7260248,-116.1811511,360,7245.24,W1-m-RES1-DF,06065045222,RES,RES1,W1,MC,RES1,m
374058,34.0995419,-117.3703725,360,62934.33,W1-m-RES1-DF,06071003700,RES,RES1,W1,MC,RES1,m
374112,33.5930991,-117.7057725,360,7581.319,W1-m-RES1-DF,06059062625,RES,RES1,W1,MC,RES1,m
374188,37.7138687,-122.4395362,360,274845.6,W1-m-RES1-DF,06075026301,RES,RES1,W1,MC,RES1,m
374220,33.6653271,-116.3111037,360,104110.6,W1-m-RES1-DF,06065045110,RES,RES1,W1,MC,RES1,m
374275,33.1316014,-116.9769367,360,157147.8,W1-m-RES1-DF,06073020711,RES,RES1,W1,MC,RES1,m
374359,37.2514817,-121.8840433,360,207601.0,W1-m-RES1-DF,06085502910,RES,RES1,W1,MC,RES1,m
374422,37.8020757,-122.2513558,360,30890.62,W1-m-RES1-DF,06001405301,RES,RES1,W1,MC,RES1,m
374538,36.095173,-119.0508283,360,378127.0,W1-m-RES1-DF,06107003504,RES,RES1,W1,MC,RES1,m
374692,37.8735349,-122.0541871,360,937904.9,W1-m-RES1-DF,06013334200,RES,RES1,W1,MC,RES1,m
374778,38.755663,-121.2989416,360,287487.0,W1-m-RES1-DF,06061021045,RES,RES1,W1,MC,RES1,m
374953,33.6469108,-117.9184745,360,87199.77,W1-m-RES1-DF,06059063702,RES,RES1,W1,MC,RES1,m
375056,37.5294842,-122.337771,360,487077.2,W1-m-RES1-DF,06081606800,RES,RES1,W1,MC,RES1,m
375170,38.0900421,-122.2449025,360,107685.6,W1-m-RES1-DF,06095250701,RES,RES1,W1,MC,RES1,m
375293,35.3290457,-120.834846,360,175468.9,W1-m-RES1-DF,06079010701,RES,RES1,W1,MC,RES1,m
375365,34.2409419,-119.0425055,360,547480.9,W1-m-RES1-DF,06111005203,RES,RES1,W1,MC,RES1,m
375464,36.6187345,-119.410085,360,389556.1,W1-m-RES1-DF,06019006301,RES,RES1,W1,MC,RES1,m
375557,32.7981576,-117.2344938,360,56219.32,W1-m-RES1-DF,06073007908,RES,RES1,W1,MC,RES1,m
375624,38.7199051,-121.4511579,360,351029.3,W1-m-RES1-DF,06067007206,RES,RES1,W1,MC,RES1,m
375691,33.9024424,-118.2871419,360,174597.4,W1-m-RES1-DF,06037291130,RES,RES1,W1,MC,RES1,m
375790,34.0437716,-118.2249549,360,30036.82,W1-m-RES1-DF,06037206053,RES,RES1,W1,MC,RES1,m
375860,34.2587946,-118.4344932,360,92102.31,W1-m-RES1-DF,06037104403,RES,RES1,W1,MC,RES1,m
375894,34.1545652,-118.2003124,360,320157.1,W1-m-RES1-DF,06037300902,RES,RES1,W1,MC,RES1,m
375943,37.4093718,-121.8131628,360,549140.7,W1-m-RES1-DF,06085504308,RES,RES1,W1,MC,RES1,m
376120,34.0304827,-118.2686569,360,8323.24,W1-m-RES1-DF,06037224020,RES,RES1,W1,MC,RES1,m
376193,37.6727071,-122.4929607,360,604643.0,W1-m-RES1-DF,06081601000,RES,RES1,W1,MC,RES1,m
376244,32.6481408,-116.9934935,360,232471.2,W1-m-RES1-DF,06073013416,RES,RES1,W1,MC,RES1,m
376370,38.5727938,-121.522891,360,198905.0,W1-m-RES1-DF,06113010201,RES,RES1,W1,MC,RES1,m
376509,33.8229191,-118.1746788,360,343800.3,W1-m-RES1-DF,06037572001,RES,RES1,W1,MC,RES1,m
376605,33.0307167,-117.2832221,360,169347.3,W1-m-RES1-DF,06073017407,RES,RES1,W1,MC,RES1,m
376706,33.7789826,-117.7854325,360,750247.9,W1-m-RES1-DF,06059075604,RES,RES1,W1,MC,RES1,m
376730,33.9681727,-118.1971846,360,20631.09,W1-m-RES1-DF,06037534403,RES,RES1,W1,MC,RES1,m
376787,37.5168344,-121.9605916,360,422113.6,W1-m-RES1-DF,06001443002,RES,RES1,W1,MC,RES1,m
376907,38.8306164,-122.1260372,360,484089.6,W1-m-RES1-DF,06113011500,RES,RES1,W1,MC,RES1,m
376976,37.3583023,-121.9639619,360,263693.1,W1-m-RES1-DF,06085505303,RES,RES1,W1,MC,RES1,m
377035,37.7134049,-122.4483179,360,237641.6,W1-m-RES1-DF,06075026202,RES,RES1,W1,MC,RES1,m
377065,33.7794168,-118.2013699,360,9555.02,W1-m-RES1-DF,06037575801,RES,RES1,W1,MC,RES1,m
377110,33.868626,-117.763585,360,78949.86,W1-m-RES1-DF,06059021807,RES,RES1,W1,MC,RES1,m
377275,37.7810489,-122.2662775,360,231968.5,W1-m-RES1-DF,06001427300,RES,RES1,W1,MC,RES1,m
377362,34.2687153,-118.4557009,360,194224.1,W1-m-RES1-DF,06037109400,RES,RES1,W1,MC,RES1,m
377421,37.6353602,-122.0804834,360,173782.4,W1-m-RES1-DF,06001437600,RES,RES1,W1,MC,RES1,m
377501,34.0751234,-118.4768411,360,511772.3,W1-m-RES1-DF,06037262302,RES,RES1,W1,MC,RES1,m
377547,38.342431,-121.9569363,360,139943.2,W1-m-RES1-DF,06095252908,RES,RES1,W1,MC,RES1,m
377647,33.7062882,-117.3607115,360,40426.5,W1-m-RES1-DF,06065043005,RES,RES1,W1,MC,RES1,m
377700,35.3358268,-119.0304842,360,157951.5,W1-m-RES1-DF,06029002901,RES,RES1,W1,MC,RES1,m
377774,37.6733442,-120.9842668,360,309401.0,W1-m-RES1-DF,06099000909,RES,RES1,W1,MC,RES1,m
377892,36.8334157,-121.7572058,360,173140.9,W1-m-RES1-DF,06053014601,RES,RES1,W1,MC,RES1,m
378012,39.241136,-121.6942945,360,444150.1,W1-m-RES1-DF,06101050702,RES,RES1,W1,MC,RES1,m
378060,38.4777543,-121.4455851,360,171556.0,W1-m-RES1-DF,06067004910,RES,RES1,W1,MC,RES1,m
378146,37.4623895,-122.161986,360,673738.1,W1-m-RES1-DF,06081613900,RES,RES1,W1,MC,RES1,m
378214,35.2185632,-119.9607245,360,48028.2,W1-m-RES1-DF,06079012708,RES,RES1,W1,MC,RES1,m
378279,33.9851013,-117.9197736,360,67851.55,W1-m-RES1-DF,06037408626,RES,RES1,W1,MC,RES1,m
378317,34.4779342,-117.3211596,360,31595.2,W1-m-RES1-DF,06071010035,RES,RES1,W1,MC,RES1,m
378370,37.7615686,-122.4237834,360,76748.74,W1-m-RES1-DF,06075020702,RES,RES1,W1,MC,RES1,m
378620,36.3279953,-119.6189814,360,266524.0,W1-m-RES1-DF,06031000800,RES,RES1,W1,MC,RES1,m
378802,38.3345436,-122.7257208,360,207218.1,W1-m-RES1-DF,06097151206,RES,RES1,W1,MC,RES1,m
378962,33.7163491,-116.3757286,360,302502.4,W1-m-RES1-DF,06065045117,RES,RES1,W1,MC,RES1,m
379064,37.7216585,-122.0615699,360,790178.3,W1-m-RES1-DF,06001430200,RES,RES1,W1,MC,RES1,m
379145,33.9729184,-117.4613233,360,47775.8,W1-m-RES1-DF,06065040404,RES,RES1,W1,MC,RES1,m
379178,34.1938136,-118.662388,360,256373.6,W1-m-RES1-DF,06037135205,RES,RES1,W1,MC,RES1,m
379218,34.1388889,-118.4612098,360,754426.1,W1-m-RES1-DF,06037141600,RES,RES1,W1,MC,RES1,m
379252,37.7588987,-122.4825797,360,417018.7,W1-m-RES1-DF,06075032602,RES,RES1,W1,MC,RES1,m
379343,37.0245729,-121.5925004,360,233782.6,W1-m-RES1-DF,06085512505,RES,RES1,W1,MC,RES1,m
379407,37.5750097,-122.3247999,360,89438.72,W1-m-RES1-DF,06081606201,RES,RES1,W1,MC,RES1,m
379512,34.0313918,-118.4420025,360,55673.34,W1-m-RES1-DF,06037271200,RES,RES1,W1,MC,RES1,m
379640,34.161482,-118.2597444,360,29427.34,W1-m-RES1-DF,06037301204,RES,RES1,W1,MC,RES1,m
379700,34.4742652,-117.4353371,360,19546.67,W1-m-RES1-DF,06071009135,RES,RES1,W1,MC,RES1,m
379889,37.1638931,-122.0937661,360,477432.0,W1-m-RES1-DF,06087120500,RES,RES1,W1,MC,RES1,m
379976,37.4653691,-122.1352134,360,172194.5,W1-m-RES1-DF,06081611901,RES,RES1,W1,MC,RES1,m
380043,34.1722651,-117.9421585,360,330128.2,W1-m-RES1-DF,06037430003,RES,RES1,W1,MC,RES1,m
380089,34.2749357,-118.3434996,360,244434.8,W1-m-RES1-DF,06037103202,RES,RES1,W1,MC,RES1,m
380198,38.6029781,-121.7398412,360,775343.7,W1-m-RES1-DF,06113010505,RES,RES1,W1,MC,RES1,m
380309,37.7423916,-121.9756333,360,37446.08,W1-m-RES1-DF,06013345115,RES,RES1,W1,MC,RES1,m
380367,33.9323759,-118.2502423,360,21088.24,W1-m-RES1-DF,06037242600,RES,RES1,W1,MC,RES1,m
380455,33.9679322,-118.1468675,360,28935.21,W1-m-RES1-DF,06037534001,RES,RES1,W1,MC,RES1,m
380508,33.6639057,-117.7845669,360,58687.4,W1-m-RES1-DF,06059052531,RES,RES1,W1,MC,RES1,m
380555,40.442139,-120.3654057,360,165328.7,W1-m-RES1-DF,06035040400,RES,RES1,W1,MC,RES1,m
380615,34.336794,-117.3111382,360,53938.98,W1-m-RES1-DF,06071010024,RES,RES1,W1,MC,RES1,m
380672,34.2539293,-118.4966913,360,213358.6,W1-m-RES1-DF,06037111401,RES,RES1,W1,MC,RES1,m
380706,34.1283025,-117.1846808,360,56677.5,W1-m-RES1-DF,06071007905,RES,RES1,W1,MC,RES1,m
380825,33.8698475,-118.3939677,360,386328.4,W1-m-RES1-DF,06037621001,RES,RES1,W1,MC,RES1,m
380976,33.7086371,-117.7951974,360,658172.5,W1-m-RES1-DF,06059052527,RES,RES1,W1,MC,RES1,m
381109,38.6046274,-121.4270026,360,182801.0,W1-m-RES1-DF,06067005502,RES,RES1,W1,MC,RES1,m
381211,34.1157719,-117.2698942,360,21938.9,W1-m-RES1-DF,06071006401,RES,RES1,W1,MC,RES1,m
381322,38.7289395,-121.2933237,360,368024.0,W1-m-RES1-DF,06061020805,RES,RES1,W1,MC,RES1,m
381490,37.8667875,-122.259979,360,4257.0,W1-m-RES1-DF,06001422800,RES,RES1,W1,MC,RES1,m
381623,33.9864759,-118.4066251,360,200750.2,W1-m-RES1-DF,06037275603,RES,RES1,W1,MC,RES1,m
381727,38.2693294,-122.3654555,360,261321.4,W1-m-RES1-DF,06055201102,RES,RES1,W1,MC,RES1,m
381889,38.5919142,-121.4843792,360,150065.1,W1-m-RES1-DF,06067005301,RES,RES1,W1,MC,RES1,m
381988,36.9761783,-121.9783864,360,103471.3,W1-m-RES1-DF,06087121402,RES,RES1,W1,MC,RES1,m
382102,38.5770653,-121.5044795,360,6911.0,W1-m-RES1-DF,06067000800,RES,RES1,W1,MC,RES1,m
382198,34.043325,-118.404305,360,792479.9,W1-m-RES1-DF,06037269000,RES,RES1,W1,MC,RES1,m
382284,38.1612495,-122.2397673,360,35254.45,W1-m-RES1-DF,06055201004,RES,RES1,W1,MC,RES1,m
382342,36.8002991,-119.834292,360,173963.0,W1-m-RES1-DF,06019004706,RES,RES1,W1,MC,RES1,m
382467,36.5938492,-121.8844269,360,111323.7,W1-m-RES1-DF,06053013000,RES,RES1,W1,MC,RES1,m
382574,34.0366414,-118.2158297,360,29067.19,W1-m-RES1-DF,06037204600,RES,RES1,W1,MC,RES1,m
382665,34.2047193,-118.5098593,360,344988.5,W1-m-RES1-DF,06037131900,RES,RES1,W1,MC,RES1,m
382711,32.7692594,-116.9894028,360,535405.8,W1-m-RES1-DF,06073015200,RES,RES1,W1,MC,RES1,m
382732,33.9797988,-117.5715481,360,9791.71,W1-m-RES1-DF,06065040617,RES,RES1,W1,MC,RES1,m
382816,38.7385778,-121.2394141,360,318056.0,W1-m-RES1-DF,06061020711,RES,RES1,W1,MC,RES1,m
383064,34.0251002,-118.3843439,360,193832.8,W1-m-RES1-DF,06037702400,RES,RES1,W1,MC,RES1,m
383129,33.8472309,-118.1723747,360,178532.6,W1-m-RES1-DF,06037571505,RES,RES1,W1,MC,RES1,m
383159,33.9564713,-118.4348338,360,23001.3,W1-m-RES1-DF,06037276605,RES,RES1,W1,MC,RES1,m
383247,37.3546753,-121.8340275,360,137299.9,W1-m-RES1-DF,06085504002,RES,RES1,W1,MC,RES1,m
383428,33.7886468,-118.0049706,360,140996.8,W1-m-RES1-DF,06059088101,RES,RES1,W1,MC,RES1,m
383522,37.3126099,-121.8212218,360,172616.9,W1-m-RES1-DF,06085503304,RES,RES1,W1,MC,RES1,m
383592,37.2743998,-122.0239726,360,1138868.0,W1-m-RES1-DF,06085507500,RES,RES1,W1,MC,RES1,m
383643,33.4686863,-115.8568484,360,34503.22,W1-m-RES1-DF,06065045612,RES,RES1,W1,MC,RES1,m
383800,39.1071277,-123.4588038,360,73200.03,W1-m-RES1-DF,06045011200,RES,RES1,W1,MC,RES1,m
383863,37.7051278,-122.4529129,360,321984.4,W1-m-RES1-DF,06081600402,RES,RES1,W1,MC,RES1,m
383956,34.663883,-118.2254095,360,162630.9,W1-m-RES1-DF,06037901101,RES,RES1,W1,MC,RES1,m
384023,37.7628136,-122.473784,360,159560.1,W1-m-RES1-DF,06075030201,RES,RES1,W1,MC,RES1,m
384219,33.9079762,-118.3065724,360,148680.6,W1-m-RES1-DF,06037602900,RES,RES1,W1,MC,RES1,m
384299,36.5294601,-121.9250324,360,730119.6,W1-m-RES1-DF,06053011700,RES,RES1,W1,MC,RES1,m
384364,34.095895,-118.0429243,360,320725.1,W1-m-RES1-DF,06037432101,RES,RES1,W1,MC,RES1,m
384580,37.3124908,-121.8569324,360,6072.16,W1-m-RES1-DF,06085503122,RES,RES1,W1,MC,RES1,m
384687,36.3198504,-119.3047728,360,368778.0,W1-m-RES1-DF,06107001800,RES,RES1,W1,MC,RES1,m
384769,34.0508918,-118.3537896,360,71071.9,W1-m-RES1-DF,06037217102,RES,RES1,W1,MC,RES1,m
384829,37.2327046,-121.8241916,360,455608.7,W1-m-RES1-DF,06085512030,RES,RES1,W1,MC,RES1,m
384909,34.186125,-118.1608293,360,340461.9,W1-m-RES1-DF,06037461000,RES,RES1,W1,MC,RES1,m
384960,32.841342,-117.0126279,360,267517.6,W1-m-RES1-DF,06073016606,RES,RES1,W1,MC,RES1,m
385019,38.8038513,-120.8327749,360,168104.0,W1-m-RES1-DF,06017030605,RES,RES1,W1,MC,RES1,m
385073,32.6568386,-117.0579765,360,287330.5,W1-m-RES1-DF,06073003204,RES,RES1,W1,MC,RES1,m
385159,33.8851402,-118.1530886,360,98101.24,W1-m-RES1-DF,06037553902,RES,RES1,W1,MC,RES1,m
385272,38.4136158,-122.7542692,360,158825.7,W1-m-RES1-DF,06097153302,RES,RES1,W1,MC,RES1,m
385372,33.605086,-117.8923185,360,147893.9,W1-m-RES1-DF,06059063006,RES,RES1,W1,MC,RES1,m
385464,33.9485103,-118.1075693,360,561082.4,W1-m-RES1-DF,06037550502,RES,RES1,W1,MC,RES1,m
385560,37.6721104,-121.8819955,360,419943.3,W1-m-RES1-DF,06001450605,RES,RES1,W1,MC,RES1,m
385653,33.8630156,-117.9720501,360,163242.9,W1-m-RES1-DF,06059001802,RES,RES1,W1,MC,RES1,m
385832,39.2101339,-121.0371684,360,338811.7,W1-m-RES1-DF,06057000602,RES,RES1,W1,MC,RES1,m
385903,34.1872093,-119.2414095,360,189650.0,W1-m-RES1-DF,06111003615,RES,RES1,W1,MC,RES1,m
386092,37.0628452,-122.0106243,360,153506.4,W1-m-RES1-DF,06087120902,RES,RES1,W1,MC,RES1,m
386269,33.986768,-118.1226036,360,137667.8,W1-m-RES1-DF,06037532200,RES,RES1,W1,MC,RES1,m
386354,33.2084723,-117.249596,360,53418.12,W1-m-RES1-DF,06073019501,RES,RES1,W1,MC,RES1,m
386436,35.6166677,-117.6605801,360,115626.0,W1-m-RES1-DF,06029005409,RES,RES1,W1,MC,RES1,m
386499,34.0439866,-117.9379348,360,166104.0,W1-m-RES1-DF,06037407502,RES,RES1,W1,MC,RES1,m
386535,38.136068,-122.1860515,360,109205.7,W1-m-RES1-DF,06095250106,RES,RES1,W1,MC,RES1,m
386587,32.713716,-117.1381056,360,20360.12,W1-m-RES1-DF,06073004102,RES,RES1,W1,MC,RES1,m
386643,33.0281424,-117.0847186,360,357140.8,W1-m-RES1-DF,06073017031,RES,RES1,W1,MC,RES1,m
386677,34.0445234,-118.1810098,360,45150.93,W1-m-RES1-DF,06037530902,RES,RES1,W1,MC,RES1,m
386874,33.9951231,-117.3422164,360,37507.2,W1-m-RES1-DF,06065042209,RES,RES1,W1,MC,RES1,m
386973,33.5950576,-117.8291306,360,300184.5,W1-m-RES1-DF,06059062643,RES,RES1,W1,MC,RES1,m
387149,34.497823,-117.3741466,360,67675.2,W1-m-RES1-DF,06071009138,RES,RES1,W1,MC,RES1,m
387199,38.4611543,-122.7607067,360,201824.0,W1-m-RES1-DF,06097152904,RES,RES1,W1,MC,RES1,m
387281,38.9559173,-119.9500056,360,89580.26,W1-m-RES1-DF,06017031601,RES,RES1,W1,MC,RES1,m
387391,34.7435494,-120.1899733,360,117174.9,W1-m-RES1-DF,06083001911,RES,RES1,W1,MC,RES1,m
387500,34.1356418,-117.8240948,360,401676.0,W1-m-RES1-DF,06037400402,RES,RES1,W1,MC,RES1,m
387569,33.7385522,-117.8569744,360,106311.0,W1-m-RES1-DF,06059074501,RES,RES1,W1,MC,RES1,m
387665,34.246574,-118.6966918,360,249912.9,W1-m-RES1-DF,06111007512,RES,RES1,W1,MC,RES1,m
387740,33.479534,-117.0867251,360,35806.76,W1-m-RES1-DF,06065043256,RES,RES1,W1,MC,RES1,m
387835,35.0441765,-120.4792384,360,118119.5,W1-m-RES1-DF,06079012406,RES,RES1,W1,MC,RES1,m
387887,38.5455452,-121.4812453,360,315608.0,W1-m-RES1-DF,06067002500,RES,RES1,W1,MC,RES1,m
387985,36.9385697,-121.7935746,360,195668.4,W1-m-RES1-DF,06087110700,RES,RES1,W1,MC,RES1,m
388040,36.6190341,-121.8296873,360,171280.6,W1-m-RES1-DF,06053013900,RES,RES1,W1,MC,RES1,m
388154,34.0536473,-117.6942317,360,107699.1,W1-m-RES1-DF,06071000304,RES,RES1,W1,MC,RES1,m
388224,34.1351431,-118.5137935,360,731563.4,W1-m-RES1-DF,06037139704,RES,RES1,W1,MC,RES1,m
388281,37.9207111,-122.5974613,360,172168.9,W1-m-RES1-DF,06041131100,RES,RES1,W1,MC,RES1,m
388358,38.7654853,-121.3053861,360,256481.0,W1-m-RES1-DF,06061021046,RES,RES1,W1,MC,RES1,m
388410,37.7128911,-122.4571078,360,133182.5,W1-m-RES1-DF,06075031401,RES,RES1,W1,MC,RES1,m
388525,37.5026245,-119.5194295,360,648074.8,W1-m-RES1-DF,06039000103,RES,RES1,W1,MC,RES1,m
388605,36.3572087,-119.6505786,360,551823.0,W1-m-RES1-DF,06031000602,RES,RES1,W1,MC,RES1,m
388672,34.0811373,-118.2520467,360,77620.61,W1-m-RES1-DF,06037197300,RES,RES1,W1,MC,RES1,m
388817,36.8531197,-120.5076526,360,130999.5,W1-m-RES1-DF,06019008405,RES,RES1,W1,MC,RES1,m
388903,40.6001963,-122.3533844,360,351395.0,W1-m-RES1-DF,06089010803,RES,RES1,W1,MC,RES1,m
389025,34.0925747,-118.3524483,360,50562.3,W1-m-RES1-DF,06037700101,RES,RES1,W1,MC,RES1,m
389201,40.190357,-122.2506048,360,262059.9,W1-m-RES1-DF,06103000500,RES,RES1,W1,MC,RES1,m
389299,37.8062885,-122.4348613,360,227819.5,W1-m-RES1-DF,06075012602,RES,RES1,W1,MC,RES1,m
389377,37.7315824,-122.4119407,360,353400.0,W1-m-RES1-DF,06075025701,RES,RES1,W1,MC,RES1,m
389409,36.7985088,-119.8401416,360,108418.0,W1-m-RES1-DF,06019004705,RES,RES1,W1,MC,RES1,m
389536,34.254032,-119.2029687,360,215512.6,W1-m-RES1-DF,06111001507,RES,RES1,W1,MC,RES1,m
389591,33.7886254,-116.2919058,360,126060.6,W1-m-RES1-DF,06065051401,RES,RES1,W1,MC,RES1,m
389693,34.2046743,-118.6017183,360,65100.93,W1-m-RES1-DF,06037134522,RES,RES1,W1,MC,RES1,m
389806,33.9293133,-117.28252,360,68959.7,W1-m-RES1-DF,06065042505,RES,RES1,W1,MC,RES1,m
389914,34.0835415,-118.3553201,360,222663.3,W1-m-RES1-DF,06037192002,RES,RES1,W1,MC,RES1,m
389999,37.9489174,-122.0424911,360,253407.6,W1-m-RES1-DF,06013338101,RES,RES1,W1,MC,RES1,m
390039,37.4335965,-121.8706784,360,197476.5,W1-m-RES1-DF,06085504423,RES,RES1,W1,MC,RES1,m
390124,36.7354931,-119.8055062,360,77813.0,W1-m-RES1-DF,06019000200,RES,RES1,W1,MC,RES1,m
390216,37.8443849,-121.2384878,360,1294839.0,W1-m-RES1-DF,06077005135,RES,RES1,W1,MC,RES1,m
390271,34.0509173,-117.1807339,360,104991.8,W1-m-RES1-DF,06071008201,RES,RES1,W1,MC,RES1,m
390329,37.9995651,-121.3622008,360,396556.0,W1-m-RES1-DF,06077003106,RES,RES1,W1,MC,RES1,m
390369,33.8504553,-117.5996971,360,6655.04,W1-m-RES1-DF,06065041804,RES,RES1,W1,MC,RES1,m
390441,36.3169984,-121.244254,360,91694.45,W1-m-RES1-DF,06053011203,RES,RES1,W1,MC,RES1,m
390500,33.6865062,-117.2551285,360,125667.5,W1-m-RES1-DF,06065042716,RES,RES1,W1,MC,RES1,m
390548,33.983738,-118.1752709,360,36774.46,W1-m-RES1-DF,06037533703,RES,RES1,W1,MC,RES1,m
390644,33.8996058,-118.2263096,360,124196.8,W1-m-RES1-DF,06037542602,RES,RES1,W1,MC,RES1,m
390696,36.6877999,-121.6091487,360,77659.96,W1-m-RES1-DF,06053000701,RES,RES1,W1,MC,RES1,m
390859,37.7817406,-122.3026484,360,40478.56,W1-m-RES1-DF,06001428700,RES,RES1,W1,MC,RES1,m
390917,35.2737976,-119.0319343,360,187627.1,W1-m-RES1-DF,06029003211,RES,RES1,W1,MC,RES1,m
391003,37.8939641,-122.5498544,360,744088.6,W1-m-RES1-DF,06041128200,RES,RES1,W1,MC,RES1,m
391156,33.6493459,-117.704766,360,219309.4,W1-m-RES1-DF,06059052408,RES,RES1,W1,MC,RES1,m
391245,34.1207814,-118.2647639,360,182171.7,W1-m-RES1-DF,06037188300,RES,RES1,W1,MC,RES1,m
391411,34.0505486,-118.050749,360,162701.7,W1-m-RES1-DF,06037434100,RES,RES1,W1,MC,RES1,m
391535,34.0876622,-118.1302887,360,134568.2,W1-m-RES1-DF,06037481001,RES,RES1,W1,MC,RES1,m
391639,37.6362157,-122.0929895,360,163493.5,W1-m-RES1-DF,06001437300,RES,RES1,W1,MC,RES1,m
391701,33.0724103,-116.8231799,360,125577.5,W1-m-RES1-DF,06073020807,RES,RES1,W1,MC,RES1,m
391806,39.2295298,-120.8825536,360,1242018.0,W1-m-RES1-DF,06057000701,RES,RES1,W1,MC,RES1,m
391866,37.1053529,-120.1416152,360,129338.7,W1-m-RES1-DF,06039000201,RES,RES1,W1,MC,RES1,m
391907,37.281521,-121.7383531,360,226004.9,W1-m-RES1-DF,06085503332,RES,RES1,W1,MC,RES1,m
391962,34.262647,-118.5471995,360,997650.9,W1-m-RES1-DF,06037111204,RES,RES1,W1,MC,RES1,m
392033,36.6199026,-121.9174657,360,154869.3,W1-m-RES1-DF,06053012302,RES,RES1,W1,MC,RES1,m
392126,36.5816363,-121.8795869,360,39863.07,W1-m-RES1-DF,06053013100,RES,RES1,W1,MC,RES1,m
392252,34.2143169,-118.3594491,360,112173.7,W1-m-RES1-DF,06037122200,RES,RES1,W1,MC,RES1,m
392288,34.2459353,-119.1548027,360,149229.0,W1-m-RES1-DF,06111005006,RES,RES1,W1,MC,RES1,m
392326,33.6473598,-117.7718736,360,17275.62,W1-m-RES1-DF,06059062654,RES,RES1,W1,MC,RES1,m
392503,37.9196372,-122.3508494,360,126644.5,W1-m-RES1-DF,06013380002,RES,RES1,W1,MC,RES1,m
392625,32.5795147,-117.0547796,360,177550.4,W1-m-RES1-DF,06073010011,RES,RES1,W1,MC,RES1,m
392774,37.3499085,-121.9021695,360,184635.2,W1-m-RES1-DF,06085500200,RES,RES1,W1,MC,RES1,m
392895,38.3724624,-121.9717511,360,35428.12,W1-m-RES1-DF,06095253205,RES,RES1,W1,MC,RES1,m
393025,36.9820935,-121.9870268,360,115606.8,W1-m-RES1-DF,06087121401,RES,RES1,W1,MC,RES1,m
393108,37.564885,-122.3690847,360,1438670.0,W1-m-RES1-DF,06081605600,RES,RES1,W1,MC,RES1,m
393258,38.675332,-121.6910474,360,853633.9,W1-m-RES1-DF,06113011208,RES,RES1,W1,MC,RES1,m
393334,34.1920691,-118.514195,360,258688.0,W1-m-RES1-DF,06037132001,RES,RES1,W1,MC,RES1,m
393420,37.8094979,-122.2520933,360,20681.76,W1-m-RES1-DF,06001403702,RES,RES1,W1,MC,RES1,m
393618,37.4647927,-120.883606,360,415805.0,W1-m-RES1-DF,06099003700,RES,RES1,W1,MC,RES1,m
393661,34.2840658,-118.5812419,360,51159.72,W1-m-RES1-DF,06037108202,RES,RES1,W1,MC,RES1,m
393755,37.3465601,-121.8787471,360,169707.2,W1-m-RES1-DF,06085501200,RES,RES1,W1,MC,RES1,m
393838,33.9975532,-118.4391489,360,72444.67,W1-m-RES1-DF,06037272202,RES,RES1,W1,MC,RES1,m
393935,33.9633116,-118.0927211,360,229056.0,W1-m-RES1-DF,06037502603,RES,RES1,W1,MC,RES1,m
393981,37.3828815,-121.8767483,360,343449.7,W1-m-RES1-DF,06085504317,RES,RES1,W1,MC,RES1,m
394065,35.4177692,-119.0735909,360,180619.0,W1-m-RES1-DF,06029000504,RES,RES1,W1,MC,RES1,m
394220,37.9015621,-122.1826098,360,1499610.0,W1-m-RES1-DF,06013354002,RES,RES1,W1,MC,RES1,m
394346,37.3223269,-121.8710045,360,116598.3,W1-m-RES1-DF,06085503112,RES,RES1,W1,MC,RES1,m
394486,37.8863487,-122.0839533,360,626800.7,W1-m-RES1-DF,06013341000,RES,RES1,W1,MC,RES1,m
394659,36.8144812,-119.6533741,360,716848.9,W1-m-RES1-DF,06019005914,RES,RES1,W1,MC,RES1,m
394732,40.4366309,-124.0525212,360,566728.3,W1-m-RES1-DF,06023011100,RES,RES1,W1,MC,RES1,m
394804,34.0276144,-118.3229262,360,68737.0,W1-m-RES1-DF,06037219010,RES,RES1,W1,MC,RES1,m
394884,37.8869937,-122.2870443,360,427842.5,W1-m-RES1-DF,06001420600,RES,RES1,W1,MC,RES1,m
394948,33.7724316,-118.4179511,360,895337.2,W1-m-RES1-DF,06037670328,RES,RES1,W1,MC,RES1,m
395013,32.7481001,-117.0086232,360,269565.6,W1-m-RES1-DF,06073013801,RES,RES1,W1,MC,RES1,m
395064,33.2114573,-116.9120513,360,30055.74,W1-m-RES1-DF,06073019107,RES,RES1,W1,MC,RES1,m
395178,38.1348604,-121.2806599,360,101957.1,W1-m-RES1-DF,06077004204,RES,RES1,W1,MC,RES1,m
395337,32.7938734,-115.5453184,360,180738.3,W1-m-RES1-DF,06025011400,RES,RES1,W1,MC,RES1,m
395443,33.7981512,-118.079092,360,412780.6,W1-m-RES1-DF,06059110006,RES,RES1,W1,MC,RES1,m
395602,34.6431506,-120.4711334,360,52549.02,W1-m-RES1-DF,06083002709,RES,RES1,W1,MC,RES1,m
395630,33.9278463,-118.0841476,360,114272.9,W1-m-RES1-DF,06037550201,RES,RES1,W1,MC,RES1,m
395707,38.0085744,-121.7845356,360,171701.5,W1-m-RES1-DF,06013306004,RES,RES1,W1,MC,RES1,m
395866,34.0713889,-118.3730522,360,115055.6,W1-m-RES1-DF,06037214800,RES,RES1,W1,MC,RES1,m
395967,37.6567776,-122.0788946,360,209254.5,W1-m-RES1-DF,06001436601,RES,RES1,W1,MC,RES1,m
396186,38.8284635,-121.199892,360,844969.9,W1-m-RES1-DF,06061021203,RES,RES1,W1,MC,RES1,m
396297,34.0274086,-118.4978403,360,89232.44,W1-m-RES1-DF,06037701302,RES,RES1,W1,MC,RES1,m
396396,34.1022739,-117.1522178,360,111537.8,W1-m-RES1-DF,06071007904,RES,RES1,W1,MC,RES1,m
396485,32.7602503,-117.1417054,360,117591.6,W1-m-RES1-DF,06073001000,RES,RES1,W1,MC,RES1,m
396567,33.801549,-118.212716,360,185352.3,W1-m-RES1-DF,06037572700,RES,RES1,W1,MC,RES1,m
396640,38.7790994,-121.2540572,360,197299.0,W1-m-RES1-DF,06061021129,RES,RES1,W1,MC,RES1,m
396763,33.7931874,-117.8367135,360,223907.0,W1-m-RES1-DF,06059075805,RES,RES1,W1,MC,RES1,m
396861,37.6621234,-121.7900629,360,571396.5,W1-m-RES1-DF,06001451704,RES,RES1,W1,MC,RES1,m
396941,32.8015574,-117.1342573,360,319817.7,W1-m-RES1-DF,06073009301,RES,RES1,W1,MC,RES1,m
397048,35.3900332,-119.0159176,360,26870.0,W1-m-RES1-DF,06029000603,RES,RES1,W1,MC,RES1,m
397161,32.9618675,-117.0776898,360,119228.3,W1-m-RES1-DF,06073017050,RES,RES1,W1,MC,RES1,m
397218,37.5331261,-120.8701679,360,826232.9,W1-m-RES1-DF,06099003612,RES,RES1,W1,MC,RES1,m
397260,37.6593942,-122.4838467,360,449413.5,W1-m-RES1-DF,06081602800,RES,RES1,W1,MC,RES1,m
397370,40.4098262,-122.2369837,360,381678.7,W1-m-RES1-DF,06089012200,RES,RES1,W1,MC,RES1,m
397628,35.2663053,-120.5614766,360,142152.2,W1-m-RES1-DF,06079011505,RES,RES1,W1,MC,RES1,m
397791,33.9068575,-118.1716472,360,112458.4,W1-m-RES1-DF,06037553601,RES,RES1,W1,MC,RES1,m
397968,36.7768768,-119.7185951,360,189491.0,W1-m-RES1-DF,06019003104,RES,RES1,W1,MC,RES1,m
398036,38.5443818,-121.5522267,360,589952.0,W1-m-RES1-DF,06113010312,RES,RES1,W1,MC,RES1,m
398228,33.460947,-117.6673152,360,428668.5,W1-m-RES1-DF,06059042201,RES,RES1,W1,MC,RES1,m
398342,33.6842558,-116.304766,360,197710.1,W1-m-RES1-DF,06065045120,RES,RES1,W1,MC,RES1,m
398410,35.0217689,-117.6748176,360,116579.6,W1-m-RES1-DF,06029005600,RES,RES1,W1,MC,RES1,m
398456,32.5793992,-117.1072099,360,25848.51,W1-m-RES1-DF,06073010401,RES,RES1,W1,MC,RES1,m
398487,34.1410917,-118.3641876,360,22672.48,W1-m-RES1-DF,06037143605,RES,RES1,W1,MC,RES1,m
398558,35.1348488,-120.6243101,360,11574.29,W1-m-RES1-DF,06079011705,RES,RES1,W1,MC,RES1,m
398648,33.8123572,-118.3130811,360,470935.4,W1-m-RES1-DF,06037651001,RES,RES1,W1,MC,RES1,m
398715,37.4093719,-121.8788884,360,289851.7,W1-m-RES1-DF,06085504410,RES,RES1,W1,MC,RES1,m
398770,34.1522231,-117.3418506,360,122987.7,W1-m-RES1-DF,06071004104,RES,RES1,W1,MC,RES1,m
398825,33.8104384,-117.9545104,360,325516.7,W1-m-RES1-DF,06059087704,RES,RES1,W1,MC,RES1,m
398939,36.5828283,-121.4196107,360,88734.6,W1-m-RES1-DF,06053014800,RES,RES1,W1,MC,RES1,m
399040,40.2368262,-122.3390922,360,831915.4,W1-m-RES1-DF,06103000400,RES,RES1,W1,MC,RES1,m
399127,36.4550573,-119.711732,360,194592.7,W1-m-RES1-DF,06019007400,RES,RES1,W1,MC,RES1,m
399193,33.9709601,-118.2981214,360,181829.3,W1-m-RES1-DF,06037237800,RES,RES1,W1,MC,RES1,m
399289,32.8239543,-116.6500659,360,121476.1,W1-m-RES1-DF,06073021202,RES,RES1,W1,MC,RES1,m
399342,38.8889816,-121.3278582,360,420188.0,W1-m-RES1-DF,06061023900,RES,RES1,W1,MC,RES1,m
399425,38.6259083,-121.3914626,360,231569.1,W1-m-RES1-DF,06067006101,RES,RES1,W1,MC,RES1,m
399517,38.3067265,-122.4901697,360,255327.8,W1-m-RES1-DF,06097150304,RES,RES1,W1,MC,RES1,m
399679,37.7945138,-120.9842883,360,395157.6,W1-m-RES1-DF,06077004904,RES,RES1,W1,MC,RES1,m
399709,37.0633457,-120.8152188,360,278293.9,W1-m-RES1-DF,06047002306,RES,RES1,W1,MC,RES1,m
399746,37.9761945,-122.3459994,360,185099.2,W1-m-RES1-DF,06013366001,RES,RES1,W1,MC,RES1,m
399793,33.8918787,-118.2453652,360,106199.5,W1-m-RES1-DF,06037542900,RES,RES1,W1,MC,RES1,m
399858,34.39838,-119.710835,360,350087.4,W1-m-RES1-DF,06083001208,RES,RES1,W1,MC,RES1,m
399925,37.4681137,-122.280853,360,698630.3,W1-m-RES1-DF,06081609700,RES,RES1,W1,MC,RES1,m
400052,33.9343237,-116.8252309,360,82913.17,W1-m-RES1-DF,06065043813,RES,RES1,W1,MC,RES1,m
400129,37.3274052,-121.8516044,360,62620.8,W1-m-RES1-DF,06085503117,RES,RES1,W1,MC,RES1,m
400168,34.2114871,-118.3928771,360,81727.1,W1-m-RES1-DF,06037121801,RES,RES1,W1,MC,RES1,m
400206,33.6249763,-117.115566,360,15732.14,W1-m-RES1-DF,06065043235,RES,RES1,W1,MC,RES1,m
400263,37.292524,-121.8417606,360,84292.31,W1-m-RES1-DF,06085503219,RES,RES1,W1,MC,RES1,m
400364,37.6273901,-122.4061479,360,202019.2,W1-m-RES1-DF,06081604200,RES,RES1,W1,MC,RES1,m
400433,34.0708941,-118.019896,360,47997.0,W1-m-RES1-DF,06037433304,RES,RES1,W1,MC,RES1,m
400577,37.9788489,-122.3087165,360,484468.3,W1-m-RES1-DF,06013363000,RES,RES1,W1,MC,RES1,m
400670,38.1165979,-122.266959,360,122620.0,W1-m-RES1-DF,06095251701,RES,RES1,W1,MC,RES1,m
400753,33.6888938,-117.1906302,360,12837.45,W1-m-RES1-DF,06065042708,RES,RES1,W1,MC,RES1,m
400885,37.4851794,-120.9439974,360,1029942.0,W1-m-RES1-DF,06099003603,RES,RES1,W1,MC,RES1,m
400953,33.8035184,-118.2698962,360,234317.4,W1-m-RES1-DF,06037543703,RES,RES1,W1,MC,RES1,m
401027,37.2305812,-121.8770809,360,813798.2,W1-m-RES1-DF,06085511914,RES,RES1,W1,MC,RES1,m
401197,33.55068,-117.6666493,360,321583.6,W1-m-RES1-DF,06059032022,RES,RES1,W1,MC,RES1,m
401320,38.9050569,-121.074891,360,298910.0,W1-m-RES1-DF,06061020300,RES,RES1,W1,MC,RES1,m
401442,34.0891905,-117.9627063,360,161152.3,W1-m-RES1-DF,06037405102,RES,RES1,W1,MC,RES1,m
401603,32.7443221,-117.1598012,360,96685.54,W1-m-RES1-DF,06073000302,RES,RES1,W1,MC,RES1,m
401809,33.9792515,-118.0369951,360,38843.41,W1-m-RES1-DF,06037501504,RES,RES1,W1,MC,RES1,m
401875,34.0478649,-117.9723257,360,212051.0,W1-m-RES1-DF,06037407101,RES,RES1,W1,MC,RES1,m
401907,38.4869695,-121.5343281,360,252663.0,W1-m-RES1-DF,06067004017,RES,RES1,W1,MC,RES1,m
402061,35.8987944,-120.0850411,360,87358.14,W1-m-RES1-DF,06031001703,RES,RES1,W1,MC,RES1,m
402206,33.8861963,-118.1719652,360,83520.36,W1-m-RES1-DF,06037553802,RES,RES1,W1,MC,RES1,m
402289,37.8735672,-122.4709947,360,589189.1,W1-m-RES1-DF,06041123000,RES,RES1,W1,MC,RES1,m
402412,33.7338428,-117.9850382,360,363327.7,W1-m-RES1-DF,06059099703,RES,RES1,W1,MC,RES1,m
402455,36.8474191,-121.419686,360,41343.19,W1-m-RES1-DF,06069000701,RES,RES1,W1,MC,RES1,m
402528,40.9395325,-124.1063117,360,56118.87,W1-m-RES1-DF,06023010503,RES,RES1,W1,MC,RES1,m
402677,37.999313,-121.7329343,360,67958.16,W1-m-RES1-DF,06013302005,RES,RES1,W1,MC,RES1,m
402751,33.1506007,-117.108959,360,114875.3,W1-m-RES1-DF,06073020305,RES,RES1,W1,MC,RES1,m
402885,34.0254597,-118.4872348,360,58528.91,W1-m-RES1-DF,06037701502,RES,RES1,W1,MC,RES1,m
402999,34.2804584,-118.5550665,360,357976.5,W1-m-RES1-DF,06037108102,RES,RES1,W1,MC,RES1,m
403073,33.72091,-116.2278836,360,93750.33,W1-m-RES1-DF,06065045502,RES,RES1,W1,MC,RES1,m
403171,37.3927552,-122.1201614,360,936192.2,W1-m-RES1-DF,06085510500,RES,RES1,W1,MC,RES1,m
403248,34.1682377,-118.4651573,360,141012.4,W1-m-RES1-DF,06037128801,RES,RES1,W1,MC,RES1,m
403343,37.929923,-122.0571612,360,19362.02,W1-m-RES1-DF,06013324003,RES,RES1,W1,MC,RES1,m
403491,37.7690603,-121.5273101,360,392374.8,W1-m-RES1-DF,06077005223,RES,RES1,W1,MC,RES1,m
403671,36.7685186,-119.680596,360,1149808.0,W1-m-RES1-DF,06019005805,RES,RES1,W1,MC,RES1,m
403716,34.1680216,-118.5257747,360,33367.11,W1-m-RES1-DF,06037139506,RES,RES1,W1,MC,RES1,m
403764,34.0887085,-118.1785472,360,39668.68,W1-m-RES1-DF,06037201200,RES,RES1,W1,MC,RES1,m
403867,38.3647246,-120.449,360,359424.6,W1-m-RES1-DF,06009000400,RES,RES1,W1,MC,RES1,m
403918,32.6238209,-116.9944877,360,28704.87,W1-m-RES1-DF,06073013325,RES,RES1,W1,MC,RES1,m
404056,37.8177398,-122.2600504,360,104409.1,W1-m-RES1-DF,06001403501,RES,RES1,W1,MC,RES1,m
404147,33.9979789,-118.4112469,360,132598.1,W1-m-RES1-DF,06037275102,RES,RES1,W1,MC,RES1,m
404195,34.00727,-118.3023599,360,54521.28,W1-m-RES1-DF,06037231601,RES,RES1,W1,MC,RES1,m
404315,33.8227217,-118.3796422,360,429930.7,W1-m-RES1-DF,06037621400,RES,RES1,W1,MC,RES1,m
404423,34.0988537,-117.8289334,360,131249.0,W1-m-RES1-DF,06037401312,RES,RES1,W1,MC,RES1,m
404506,40.7402162,-122.2877315,360,251123.0,W1-m-RES1-DF,06089011803,RES,RES1,W1,MC,RES1,m
404587,33.8044719,-118.2937967,360,372024.1,W1-m-RES1-DF,06037543603,RES,RES1,W1,MC,RES1,m
404756,38.7381968,-121.2933052,360,95475.6,W1-m-RES1-DF,06061020901,RES,RES1,W1,MC,RES1,m
404988,34.431449,-119.819417,360,76789.51,W1-m-RES1-DF,06083003001,RES,RES1,W1,MC,RES1,m
405166,37.9567823,-122.3365954,360,144508.6,W1-m-RES1-DF,06013369001,RES,RES1,W1,MC,RES1,m
405302,33.7841461,-117.8204064,360,425201.8,W1-m-RES1-DF,06059075807,RES,RES1,W1,MC,RES1,m
405351,37.2706528,-121.9793303,360,456464.3,W1-m-RES1-DF,06085506701,RES,RES1,W1,MC,RES1,m
405420,37.8216083,-122.2252725,360,1666552.0,W1-m-RES1-DF,06001426100,RES,RES1,W1,MC,RES1,m
405543,37.7349872,-121.1203232,360,482169.5,W1-m-RES1-DF,06077005001,RES,RES1,W1,MC,RES1,m
405653,37.8529718,-122.1392991,360,892243.8,W1-m-RES1-DF,06013352201,RES,RES1,W1,MC,RES1,m
405719,33.9390841,-117.3713613,360,224726.1,W1-m-RES1-DF,06065030602,RES,RES1,W1,MC,RES1,m
405805,33.221772,-117.2190949,360,89169.47,W1-m-RES1-DF,06073019210,RES,RES1,W1,MC,RES1,m
405891,38.5601168,-121.5079991,360,182518.1,W1-m-RES1-DF,06067002200,RES,RES1,W1,MC,RES1,m
406017,34.0821081,-117.7665908,360,491577.6,W1-m-RES1-DF,06037402200,RES,RES1,W1,MC,RES1,m
406175,33.8499555,-118.394439,360,62080.13,W1-m-RES1-DF,06037621204,RES,RES1,W1,MC,RES1,m
406302,39.7754166,-121.8637256,360,202923.3,W1-m-RES1-DF,06007000201,RES,RES1,W1,MC,RES1,m
406396,34.1916561,-116.063967,360,55302.96,W1-m-RES1-DF,06071010422,RES,RES1,W1,MC,RES1,m
406456,36.6886971,-121.5991693,360,156785.3,W1-m-RES1-DF,06053010605,RES,RES1,W1,MC,RES1,m
406494,33.9994947,-118.2893178,360,34899.48,W1-m-RES1-DF,06037232110,RES,RES1,W1,MC,RES1,m
406586,37.9579545,-121.3268261,360,70376.46,W1-m-RES1-DF,06077000900,RES,RES1,W1,MC,RES1,m
406680,33.3257262,-117.2193797,360,267731.9,W1-m-RES1-DF,06073018804,RES,RES1,W1,MC,RES1,m
406726,33.7717856,-118.1577274,360,81455.94,W1-m-RES1-DF,06037576802,RES,RES1,W1,MC,RES1,m
406781,33.9354641,-118.3046578,360,152221.0,W1-m-RES1-DF,06037600302,RES,RES1,W1,MC,RES1,m
406850,32.9323814,-115.9218621,360,2227.99,W1-m-RES1-DF,06025012301,RES,RES1,W1,MC,RES1,m
406966,32.7707411,-117.0118509,360,159879.1,W1-m-RES1-DF,06073014902,RES,RES1,W1,MC,RES1,m
407007,32.7810699,-117.1476855,360,285774.7,W1-m-RES1-DF,06073009203,RES,RES1,W1,MC,RES1,m
407046,37.7074613,-121.4114079,360,696815.7,W1-m-RES1-DF,06077005215,RES,RES1,W1,MC,RES1,m
407172,38.576653,-121.4821334,360,5191.65,W1-m-RES1-DF,06067001102,RES,RES1,W1,MC,RES1,m
407244,33.9854565,-118.200577,360,31671.09,W1-m-RES1-DF,06037533501,RES,RES1,W1,MC,RES1,m
407353,32.74474,-117.1330809,360,145459.3,W1-m-RES1-DF,06073001400,RES,RES1,W1,MC,RES1,m
407416,34.0390446,-117.3106385,360,155847.4,W1-m-RES1-DF,06071007111,RES,RES1,W1,MC,RES1,m
407497,38.1375695,-122.2403065,360,177093.1,W1-m-RES1-DF,06095251901,RES,RES1,W1,MC,RES1,m
407563,38.4751756,-122.6751526,360,121701.3,W1-m-RES1-DF,06097152205,RES,RES1,W1,MC,RES1,m
407674,32.7392499,-116.9812065,360,212102.0,W1-m-RES1-DF,06073013503,RES,RES1,W1,MC,RES1,m
407746,38.5658477,-121.4167264,360,337821.0,W1-m-RES1-DF,06067005403,RES,RES1,W1,MC,RES1,m
407769,38.7285809,-120.2650645,360,50122.47,W1-m-RES1-DF,06017031900,RES,RES1,W1,MC,RES1,m
407862,33.7957904,-118.247563,360,48289.88,W1-m-RES1-DF,06037294120,RES,RES1,W1,MC,RES1,m
407925,37.6532841,-122.4918058,360,249883.2,W1-m-RES1-DF,06081602900,RES,RES1,W1,MC,RES1,m
408059,34.0452043,-118.4496931,360,43394.95,W1-m-RES1-DF,06037267300,RES,RES1,W1,MC,RES1,m
408157,33.1653815,-117.2814268,360,12994.58,W1-m-RES1-DF,06073019810,RES,RES1,W1,MC,RES1,m
408202,33.5886488,-117.1162964,360,100917.0,W1-m-RES1-DF,06065043295,RES,RES1,W1,MC,RES1,m
408245,34.1105617,-117.5662139,360,35260.16,W1-m-RES1-DF,06071002051,RES,RES1,W1,MC,RES1,m
408321,38.5331527,-122.7812918,360,44739.54,W1-m-RES1-DF,06097153809,RES,RES1,W1,MC,RES1,m
408376,36.7894593,-119.8074452,360,182517.0,W1-m-RES1-DF,06019004902,RES,RES1,W1,MC,RES1,m
408447,37.4002299,-120.6908186,360,335245.7,W1-m-RES1-DF,06047000301,RES,RES1,W1,MC,RES1,m
408493,36.7613333,-119.7272786,360,217999.0,W1-m-RES1-DF,06019002906,RES,RES1,W1,MC,RES1,m
408557,33.9073822,-118.3218497,360,153883.0,W1-m-RES1-DF,06037602602,RES,RES1,W1,MC,RES1,m
408620,34.0961645,-118.3468231,360,8251.348,W1-m-RES1-DF,06037189906,RES,RES1,W1,MC,RES1,m
408734,34.1920712,-118.3179763,360,163604.0,W1-m-RES1-DF,06037310602,RES,RES1,W1,MC,RES1,m
408866,34.0850407,-118.3719012,360,101967.3,W1-m-RES1-DF,06037194402,RES,RES1,W1,MC,RES1,m
408984,34.0602409,-118.434157,360,470781.8,W1-m-RES1-DF,06037265602,RES,RES1,W1,MC,RES1,m
409060,35.1274308,-117.9554226,360,36579.9,W1-m-RES1-DF,06029005512,RES,RES1,W1,MC,RES1,m
409107,33.9927923,-118.2024051,360,24400.35,W1-m-RES1-DF,06037533300,RES,RES1,W1,MC,RES1,m
409157,37.8883409,-122.270922,360,308274.1,W1-m-RES1-DF,06001421400,RES,RES1,W1,MC,RES1,m
409191,34.0522792,-118.1813186,360,86238.0,W1-m-RES1-DF,06037530802,RES,RES1,W1,MC,RES1,m
409229,35.4157363,-119.1225576,360,119362.1,W1-m-RES1-DF,06029003818,RES,RES1,W1,MC,RES1,m
409311,34.1035086,-118.3749964,360,580022.5,W1-m-RES1-DF,06037194200,RES,RES1,W1,MC,RES1,m
409400,34.023934,-118.3662035,360,134394.0,W1-m-RES1-DF,06037220100,RES,RES1,W1,MC,RES1,m
409436,36.7250147,-119.7455349,360,111794.0,W1-m-RES1-DF,06019001304,RES,RES1,W1,MC,RES1,m
409497,33.6142234,-114.5838963,360,147730.7,W1-m-RES1-DF,06065046101,RES,RES1,W1,MC,RES1,m
409563,37.9402568,-122.3518215,360,125093.3,W1-m-RES1-DF,06013375000,RES,RES1,W1,MC,RES1,m
409799,37.3997725,-121.9732045,360,279314.8,W1-m-RES1-DF,06085505010,RES,RES1,W1,MC,RES1,m
409878,34.0717475,-118.2577066,360,54965.26,W1-m-RES1-DF,06037197500,RES,RES1,W1,MC,RES1,m
410033,38.6476294,-121.3613447,360,165223.1,W1-m-RES1-DF,06067007504,RES,RES1,W1,MC,RES1,m
410109,32.7878125,-117.1957245,360,386943.2,W1-m-RES1-DF,06073009103,RES,RES1,W1,MC,RES1,m
410179,33.8247759,-117.9890362,360,194355.6,W1-m-RES1-DF,06059086903,RES,RES1,W1,MC,RES1,m
410349,34.2062406,-118.1950104,360,775557.1,W1-m-RES1-DF,06037460502,RES,RES1,W1,MC,RES1,m
410528,38.265491,-122.0295802,360,213273.5,W1-m-RES1-DF,06095252606,RES,RES1,W1,MC,RES1,m
410606,37.3206471,-120.495454,360,116491.0,W1-m-RES1-DF,06047001003,RES,RES1,W1,MC,RES1,m
410678,41.7597759,-124.1632913,360,353783.7,W1-m-RES1-DF,06015000102,RES,RES1,W1,MC,RES1,m
410797,36.8192776,-119.7880081,360,160509.0,W1-m-RES1-DF,06019004505,RES,RES1,W1,MC,RES1,m
410872,34.2537115,-118.4815974,360,325976.4,W1-m-RES1-DF,06037109800,RES,RES1,W1,MC,RES1,m
410991,37.9758046,-122.5935768,360,597550.1,W1-m-RES1-DF,06041114100,RES,RES1,W1,MC,RES1,m
411100,33.9266791,-116.8942771,360,84022.31,W1-m-RES1-DF,06065044101,RES,RES1,W1,MC,RES1,m
411256,37.2902315,-121.914692,360,483277.8,W1-m-RES1-DF,06085502601,RES,RES1,W1,MC,RES1,m
411310,37.8050821,-120.2021595,360,471927.8,W1-m-RES1-DF,06109004202,RES,RES1,W1,MC,RES1,m
411403,34.2152914,-118.4408399,360,247706.0,W1-m-RES1-DF,06037120300,RES,RES1,W1,MC,RES1,m
411467,34.1117882,-118.2395216,360,70743.1,W1-m-RES1-DF,06037186403,RES,RES1,W1,MC,RES1,m
411524,33.9761872,-118.2089834,360,75053.3,W1-m-RES1-DF,06037533204,RES,RES1,W1,MC,RES1,m
411746,33.7055576,-117.9143089,360,3932.289,W1-m-RES1-DF,06059074106,RES,RES1,W1,MC,RES1,m
411821,34.233362,-119.021564,360,383827.5,W1-m-RES1-DF,06111005404,RES,RES1,W1,MC,RES1,m
411892,37.4087715,-122.1302626,360,630661.3,W1-m-RES1-DF,06085510600,RES,RES1,W1,MC,RES1,m
411995,34.2139331,-118.6102868,360,195106.7,W1-m-RES1-DF,06037134304,RES,RES1,W1,MC,RES1,m
412096,37.5921207,-120.969786,360,329312.0,W1-m-RES1-DF,06099002504,RES,RES1,W1,MC,RES1,m
412225,39.1354635,-121.6118683,360,48699.2,W1-m-RES1-DF,06101050202,RES,RES1,W1,MC,RES1,m
412303,38.4881987,-121.4743864,360,223915.0,W1-m-RES1-DF,06067004203,RES,RES1,W1,MC,RES1,m
412398,38.6426638,-121.2796618,360,617039.4,W1-m-RES1-DF,06067008010,RES,RES1,W1,MC,RES1,m
412572,34.0325743,-118.2243204,360,7529.906,W1-m-RES1-DF,06037206050,RES,RES1,W1,MC,RES1,m
412663,32.7775147,-115.5571364,360,333304.0,W1-m-RES1-DF,06025011700,RES,RES1,W1,MC,RES1,m
412699,34.0155355,-117.6740258,360,103649.8,W1-m-RES1-DF,06071000606,RES,RES1,W1,MC,RES1,m
412765,33.7385168,-118.3696845,360,887824.5,W1-m-RES1-DF,06037670604,RES,RES1,W1,MC,RES1,m
412841,38.3260142,-122.6768445,360,49387.59,W1-m-RES1-DF,06097151311,RES,RES1,W1,MC,RES1,m
412897,34.1223497,-118.2404148,360,50009.34,W1-m-RES1-DF,06037186301,RES,RES1,W1,MC,RES1,m
412946,37.5649305,-122.302688,360,243550.9,W1-m-RES1-DF,06081607702,RES,RES1,W1,MC,RES1,m
412996,33.9653834,-117.4115762,360,444224.4,W1-m-RES1-DF,06065030800,RES,RES1,W1,MC,RES1,m
413076,36.9697023,-122.0412809,360,340343.9,W1-m-RES1-DF,06087100600,RES,RES1,W1,MC,RES1,m
413173,34.6932021,-118.1241062,360,179066.8,W1-m-RES1-DF,06037900607,RES,RES1,W1,MC,RES1,m
413299,37.7167215,-122.1661682,360,251717.9,W1-m-RES1-DF,06001432501,RES,RES1,W1,MC,RES1,m
413355,33.9488477,-117.2207856,360,74349.84,W1-m-RES1-DF,06065042403,RES,RES1,W1,MC,RES1,m
413432,38.5533291,-121.4486404,360,301342.1,W1-m-RES1-DF,06067001702,RES,RES1,W1,MC,RES1,m
413560,33.9154306,-117.4486324,360,111435.8,W1-m-RES1-DF,06065031601,RES,RES1,W1,MC,RES1,m
413608,38.5505795,-121.3548712,360,383352.0,W1-m-RES1-DF,06067009108,RES,RES1,W1,MC,RES1,m
413717,34.074329,-117.477198,360,120123.4,W1-m-RES1-DF,06071002501,RES,RES1,W1,MC,RES1,m
413797,38.6138307,-120.6471407,360,249655.8,W1-m-RES1-DF,06017031408,RES,RES1,W1,MC,RES1,m
413957,34.1649344,-118.5768036,360,435372.1,W1-m-RES1-DF,06037137501,RES,RES1,W1,MC,RES1,m
414021,34.1633406,-118.1483611,360,39744.0,W1-m-RES1-DF,06037462002,RES,RES1,W1,MC,RES1,m
414169,36.7243315,-121.654345,360,51331.35,W1-m-RES1-DF,06053010506,RES,RES1,W1,MC,RES1,m
414223,38.6578904,-121.5936907,360,655990.8,W1-m-RES1-DF,06067007107,RES,RES1,W1,MC,RES1,m
414292,37.3622865,-121.8466432,360,29413.76,W1-m-RES1-DF,06085503712,RES,RES1,W1,MC,RES1,m
414381,34.572904,-118.7432926,360,20640.41,W1-m-RES1-DF,06037920104,RES,RES1,W1,MC,RES1,m
414427,37.372961,-122.0635682,360,12283.74,W1-m-RES1-DF,06085509110,RES,RES1,W1,MC,RES1,m
414528,38.1084687,-121.2845146,360,247010.0,W1-m-RES1-DF,06077004307,RES,RES1,W1,MC,RES1,m
414586,33.726392,-118.0154385,360,466795.9,W1-m-RES1-DF,06059099406,RES,RES1,W1,MC,RES1,m
414681,34.0444598,-118.4122005,360,665540.1,W1-m-RES1-DF,06037269300,RES,RES1,W1,MC,RES1,m
414716,33.5516808,-117.1742253,360,151043.2,W1-m-RES1-DF,06065050503,RES,RES1,W1,MC,RES1,m
414817,32.788058,-116.9938946,360,364037.8,W1-m-RES1-DF,06073015100,RES,RES1,W1,MC,RES1,m
414856,34.0114647,-118.3190195,360,104984.0,W1-m-RES1-DF,06037234002,RES,RES1,W1,MC,RES1,m
414910,36.2002386,-119.3563625,360,213454.0,W1-m-RES1-DF,06107003001,RES,RES1,W1,MC,RES1,m
414964,38.0816906,-122.2234633,360,271693.0,W1-m-RES1-DF,06095250601,RES,RES1,W1,MC,RES1,m
414998,38.4381518,-121.339287,360,237416.8,W1-m-RES1-DF,06067009332,RES,RES1,W1,MC,RES1,m
415040,35.7794626,-119.232308,360,35141.04,W1-m-RES1-DF,06029004904,RES,RES1,W1,MC,RES1,m
415094,34.0655189,-118.2571976,360,21636.48,W1-m-RES1-DF,06037208002,RES,RES1,W1,MC,RES1,m
415170,33.1373657,-117.0979771,360,9639.15,W1-m-RES1-DF,06073020308,RES,RES1,W1,MC,RES1,m
415313,32.8654251,-116.9141797,360,227535.3,W1-m-RES1-DF,06073016804,RES,RES1,W1,MC,RES1,m
415346,34.1651517,-117.4697193,360,69377.67,W1-m-RES1-DF,06071002040,RES,RES1,W1,MC,RES1,m
415402,34.0072777,-118.3108266,360,235570.0,W1-m-RES1-DF,06037231500,RES,RES1,W1,MC,RES1,m
415471,37.6159138,-120.9913318,360,61157.0,W1-m-RES1-DF,06099002304,RES,RES1,W1,MC,RES1,m
415528,33.9993679,-118.2542903,360,35665.48,W1-m-RES1-DF,06037228710,RES,RES1,W1,MC,RES1,m
415806,33.8144346,-117.8613131,360,42211.85,W1-m-RES1-DF,06059076204,RES,RES1,W1,MC,RES1,m
415912,34.0298138,-118.1344535,360,265131.0,W1-m-RES1-DF,06037530202,RES,RES1,W1,MC,RES1,m
415965,34.0194715,-118.4103492,360,18747.26,W1-m-RES1-DF,06037271803,RES,RES1,W1,MC,RES1,m
416059,32.7984504,-117.0307351,360,581098.9,W1-m-RES1-DF,06073009801,RES,RES1,W1,MC,RES1,m
416106,33.8252128,-117.5553377,360,174254.5,W1-m-RES1-DF,06065047902,RES,RES1,W1,MC,RES1,m
416156,34.1754113,-118.5117181,360,372970.0,W1-m-RES1-DF,06037139001,RES,RES1,W1,MC,RES1,m
416313,34.2451986,-118.6126947,360,239648.3,W1-m-RES1-DF,06037113237,RES,RES1,W1,MC,RES1,m
416436,37.758918,-122.1969979,360,121593.4,W1-m-RES1-DF,06001408800,RES,RES1,W1,MC,RES1,m
416630,33.7481442,-117.8492851,360,61355.52,W1-m-RES1-DF,06059074406,RES,RES1,W1,MC,RES1,m
416699,33.8356395,-118.1500711,360,571957.4,W1-m-RES1-DF,06037571300,RES,RES1,W1,MC,RES1,m
416780,37.7974989,-122.4092568,360,1059.25,W1-m-RES1-DF,06075010701,RES,RES1,W1,MC,RES1,m
416906,34.1211647,-118.0426301,360,770746.6,W1-m-RES1-DF,06037431701,RES,RES1,W1,MC,RES1,m
417040,35.3601532,-119.0495029,360,231146.3,W1-m-RES1-DF,06029001801,RES,RES1,W1,MC,RES1,m
417172,34.3144808,-117.9304341,360,89840.26,W1-m-RES1-DF,06037930400,RES,RES1,W1,MC,RES1,m
417233,34.4395918,-118.48665,360,196191.2,W1-m-RES1-DF,06037920028,RES,RES1,W1,MC,RES1,m
417347,38.2775429,-122.4621651,360,191464.6,W1-m-RES1-DF,06097150203,RES,RES1,W1,MC,RES1,m
417441,34.1957241,-118.4800237,360,43218.54,W1-m-RES1-DF,06037127603,RES,RES1,W1,MC,RES1,m
417546,33.0159951,-117.0682214,360,316918.3,W1-m-RES1-DF,06073017014,RES,RES1,W1,MC,RES1,m
417592,36.6941245,-119.1241579,360,145143.9,W1-m-RES1-DF,06019006410,RES,RES1,W1,MC,RES1,m
417640,34.2684745,-118.415214,360,58650.36,W1-m-RES1-DF,06037104701,RES,RES1,W1,MC,RES1,m
417769,34.0306568,-118.2923015,360,17701.02,W1-m-RES1-DF,06037221810,RES,RES1,W1,MC,RES1,m
417850,34.3221382,-118.4598094,360,262515.3,W1-m-RES1-DF,06037106406,RES,RES1,W1,MC,RES1,m
417976,37.9354631,-121.3094382,360,299363.6,W1-m-RES1-DF,06077000803,RES,RES1,W1,MC,RES1,m
418028,33.6927398,-118.0285016,360,531072.1,W1-m-RES1-DF,06059099415,RES,RES1,W1,MC,RES1,m
418215,33.7780093,-118.2549078,360,21815.2,W1-m-RES1-DF,06037294701,RES,RES1,W1,MC,RES1,m
418280,34.0745209,-118.294113,360,9151.87,W1-m-RES1-DF,06037211202,RES,RES1,W1,MC,RES1,m
418336,33.9486696,-117.4904563,360,84007.31,W1-m-RES1-DF,06065041003,RES,RES1,W1,MC,RES1,m
418356,34.5131471,-117.425229,360,21954.1,W1-m-RES1-DF,06071009125,RES,RES1,W1,MC,RES1,m
418386,34.0726971,-118.1774624,360,84235.73,W1-m-RES1-DF,06037201601,RES,RES1,W1,MC,RES1,m
418546,33.6610404,-118.0028287,360,110879.8,W1-m-RES1-DF,06059099311,RES,RES1,W1,MC,RES1,m
418666,37.8534269,-122.1804788,360,726770.5,W1-m-RES1-DF,06013353001,RES,RES1,W1,MC,RES1,m
418714,34.033886,-118.3132694,360,37141.4,W1-m-RES1-DF,06037221401,RES,RES1,W1,MC,RES1,m
418818,38.2655712,-122.0643005,360,158149.0,W1-m-RES1-DF,06095252306,RES,RES1,W1,MC,RES1,m
418980,33.9160556,-117.890708,360,180429.9,W1-m-RES1-DF,06059001504,RES,RES1,W1,MC,RES1,m
419093,34.0800134,-118.2881064,360,24032.47,W1-m-RES1-DF,06037192700,RES,RES1,W1,MC,RES1,m
419161,35.2888869,-119.0203666,360,117446.4,W1-m-RES1-DF,06029003207,RES,RES1,W1,MC,RES1,m
419243,34.278272,-119.1543682,360,131615.3,W1-m-RES1-DF,06111001303,RES,RES1,W1,MC,RES1,m
419321,37.7517619,-122.4062182,360,109391.0,W1-m-RES1-DF,06075022903,RES,RES1,W1,MC,RES1,m
419462,34.5617295,-118.1040565,360,2377.65,W1-m-RES1-DF,06037910505,RES,RES1,W1,MC,RES1,m
419513,38.6670537,-121.0483713,360,1625290.0,W1-m-RES1-DF,06017031800,RES,RES1,W1,MC,RES1,m
419579,37.0467866,-121.7095187,360,309556.0,W1-m-RES1-DF,06085512200,RES,RES1,W1,MC,RES1,m
419769,39.9140149,-120.3358401,360,539221.3,W1-m-RES1-DF,06063000300,RES,RES1,W1,MC,RES1,m
419854,37.7227157,-122.4916361,360,56386.28,W1-m-RES1-DF,06075060400,RES,RES1,W1,MC,RES1,m
419884,34.0953018,-116.4040632,360,112560.0,W1-m-RES1-DF,06071010430,RES,RES1,W1,MC,RES1,m
419967,36.3092995,-119.3028303,360,288413.0,W1-m-RES1-DF,06107001901,RES,RES1,W1,MC,RES1,m
420011,34.1549446,-118.4552465,360,59673.03,W1-m-RES1-DF,06037141303,RES,RES1,W1,MC,RES1,m
420198,34.0820547,-118.152618,360,166334.0,W1-m-RES1-DF,06037480802,RES,RES1,W1,MC,RES1,m
420244,34.0780511,-117.7026392,360,236396.8,W1-m-RES1-DF,06071000203,RES,RES1,W1,MC,RES1,m
420348,34.0508537,-118.4453248,360,25799.59,W1-m-RES1-DF,06037265524,RES,RES1,W1,MC,RES1,m
420501,34.140882,-119.1490764,360,200567.0,W1-m-RES1-DF,06111004715,RES,RES1,W1,MC,RES1,m
420656,34.0586417,-118.3069674,360,8543.7,W1-m-RES1-DF,06037212502,RES,RES1,W1,MC,RES1,m
420828,37.5910356,-122.3453899,360,529774.1,W1-m-RES1-DF,06081605400,RES,RES1,W1,MC,RES1,m
420917,33.147326,-117.2081652,360,89946.85,W1-m-RES1-DF,06073020037,RES,RES1,W1,MC,RES1,m
421042,33.8274725,-117.9346588,360,187585.9,W1-m-RES1-DF,06059087105,RES,RES1,W1,MC,RES1,m
421136,34.1554647,-118.6249524,360,755060.3,W1-m-RES1-DF,06037137402,RES,RES1,W1,MC,RES1,m
421199,33.9923979,-118.2771883,360,46753.84,W1-m-RES1-DF,06037232800,RES,RES1,W1,MC,RES1,m
421256,35.8988535,-119.2656121,360,152616.0,W1-m-RES1-DF,06107004401,RES,RES1,W1,MC,RES1,m
421363,38.3129276,-122.5328087,360,463352.2,W1-m-RES1-DF,06097150303,RES,RES1,W1,MC,RES1,m
421587,36.6020796,-121.8947009,360,151251.6,W1-m-RES1-DF,06053012700,RES,RES1,W1,MC,RES1,m
421713,36.8002735,-119.6716166,360,823036.9,W1-m-RES1-DF,06019005802,RES,RES1,W1,MC,RES1,m
421783,35.3286336,-119.0481028,360,120418.4,W1-m-RES1-DF,06029002815,RES,RES1,W1,MC,RES1,m
421864,37.7049262,-122.1091621,360,364407.3,W1-m-RES1-DF,06001430500,RES,RES1,W1,MC,RES1,m
421981,37.8931142,-122.0459606,360,482122.3,W1-m-RES1-DF,06013343001,RES,RES1,W1,MC,RES1,m
422136,34.0209031,-118.4064763,360,7934.448,W1-m-RES1-DF,06037269903,RES,RES1,W1,MC,RES1,m
422217,34.7506039,-117.3373732,360,594252.9,W1-m-RES1-DF,06071011601,RES,RES1,W1,MC,RES1,m
422263,37.7530955,-122.4812305,360,470032.3,W1-m-RES1-DF,06075032802,RES,RES1,W1,MC,RES1,m
422506,34.2084355,-119.1342637,360,115792.8,W1-m-RES1-DF,06111004902,RES,RES1,W1,MC,RES1,m
422591,38.06464,-121.2913223,360,1018634.0,W1-m-RES1-DF,06077004108,RES,RES1,W1,MC,RES1,m
422652,34.1124175,-118.2723964,360,76068.98,W1-m-RES1-DF,06037188201,RES,RES1,W1,MC,RES1,m
422782,34.2604355,-118.4189927,360,77622.59,W1-m-RES1-DF,06037104610,RES,RES1,W1,MC,RES1,m
422859,36.7390889,-119.7262432,360,93070.89,W1-m-RES1-DF,06019002903,RES,RES1,W1,MC,RES1,m
423115,38.5773937,-121.4932684,360,7696.95,W1-m-RES1-DF,06067001103,RES,RES1,W1,MC,RES1,m
423179,37.7904728,-122.4139142,360,10935.9,W1-m-RES1-DF,06075011901,RES,RES1,W1,MC,RES1,m
423365,34.0902906,-117.8911488,360,184531.3,W1-m-RES1-DF,06037406101,RES,RES1,W1,MC,RES1,m
423504,33.7707927,-118.1480649,360,257099.0,W1-m-RES1-DF,06037577100,RES,RES1,W1,MC,RES1,m
423574,33.8860491,-118.1198534,360,16032.96,W1-m-RES1-DF,06037554105,RES,RES1,W1,MC,RES1,m
423646,33.9363535,-118.2426486,360,106733.7,W1-m-RES1-DF,06037242700,RES,RES1,W1,MC,RES1,m
423694,34.0745763,-117.6247141,360,152393.6,W1-m-RES1-DF,06071001309,RES,RES1,W1,MC,RES1,m
423796,37.1775734,-121.725563,360,192518.4,W1-m-RES1-DF,06085512100,RES,RES1,W1,MC,RES1,m
423862,39.10219,-121.200011,360,440491.4,W1-m-RES1-DF,06057000200,RES,RES1,W1,MC,RES1,m
423916,33.2187437,-117.3278745,360,280506.3,W1-m-RES1-DF,06073018512,RES,RES1,W1,MC,RES1,m
424068,35.5722022,-119.351209,360,113037.1,W1-m-RES1-DF,06029004305,RES,RES1,W1,MC,RES1,m
424195,32.6835968,-117.0387603,360,5170.74,W1-m-RES1-DF,06073003209,RES,RES1,W1,MC,RES1,m
424312,36.758343,-119.7810169,360,138038.0,W1-m-RES1-DF,06019002400,RES,RES1,W1,MC,RES1,m
424520,34.1696955,-118.537583,360,98189.67,W1-m-RES1-DF,06037139401,RES,RES1,W1,MC,RES1,m
424628,33.8421855,-118.1835447,360,209483.0,W1-m-RES1-DF,06037571502,RES,RES1,W1,MC,RES1,m
424738,33.2111997,-117.3072976,360,66909.72,W1-m-RES1-DF,06073018522,RES,RES1,W1,MC,RES1,m
424819,33.9590453,-117.3297346,360,179652.9,W1-m-RES1-DF,06065042206,RES,RES1,W1,MC,RES1,m
424893,37.775104,-122.1755739,360,231865.9,W1-m-RES1-DF,06001408200,RES,RES1,W1,MC,RES1,m
425047,37.673772,-120.9179423,360,274398.0,W1-m-RES1-DF,06099002803,RES,RES1,W1,MC,RES1,m
425167,37.6959835,-121.7629309,360,290942.6,W1-m-RES1-DF,06001451401,RES,RES1,W1,MC,RES1,m
425241,34.1953384,-118.4290714,360,146676.7,W1-m-RES1-DF,06037123510,RES,RES1,W1,MC,RES1,m
425342,33.8100915,-116.5037759,360,124766.5,W1-m-RES1-DF,06065044804,RES,RES1,W1,MC,RES1,m
425391,38.7123567,-121.3175711,360,361514.0,W1-m-RES1-DF,06067008127,RES,RES1,W1,MC,RES1,m
425444,34.0798577,-118.3181008,360,199827.8,W1-m-RES1-DF,06037192410,RES,RES1,W1,MC,RES1,m
425523,36.7686679,-119.7635148,360,210936.0,W1-m-RES1-DF,06019003302,RES,RES1,W1,MC,RES1,m
425620,38.9699167,-121.2844386,360,798384.5,W1-m-RES1-DF,06061021304,RES,RES1,W1,MC,RES1,m
425685,33.9061238,-117.4050093,360,206463.1,W1-m-RES1-DF,06065031701,RES,RES1,W1,MC,RES1,m
425779,34.434415,-119.7101634,360,326727.0,W1-m-RES1-DF,06083000400,RES,RES1,W1,MC,RES1,m
425929,41.5074206,-120.5539218,360,169425.7,W1-m-RES1-DF,06049000100,RES,RES1,W1,MC,RES1,m
425982,37.9010078,-121.3096109,360,348923.0,W1-m-RES1-DF,06077003806,RES,RES1,W1,MC,RES1,m
426039,34.1852327,-118.5382043,360,109150.7,W1-m-RES1-DF,06037133102,RES,RES1,W1,MC,RES1,m
426199,34.2815483,-118.8899163,360,126073.2,W1-m-RES1-DF,06111007611,RES,RES1,W1,MC,RES1,m
426330,37.9840195,-122.5112814,360,938314.8,W1-m-RES1-DF,06041110100,RES,RES1,W1,MC,RES1,m
426387,34.4829955,-117.2598774,360,13436.92,W1-m-RES1-DF,06071010039,RES,RES1,W1,MC,RES1,m
426426,33.5640047,-116.1584428,360,8886.815,W1-m-RES1-DF,06065045619,RES,RES1,W1,MC,RES1,m
426541,34.2632292,-117.2094243,360,302375.2,W1-m-RES1-DF,06071010903,RES,RES1,W1,MC,RES1,m
426625,39.5832346,-121.5365873,360,166905.5,W1-m-RES1-DF,06007002500,RES,RES1,W1,MC,RES1,m
426801,37.780827,-122.248255,360,178130.7,W1-m-RES1-DF,06001427200,RES,RES1,W1,MC,RES1,m
426894,33.988846,-118.1820765,360,35234.1,W1-m-RES1-DF,06037533701,RES,RES1,W1,MC,RES1,m
426993,39.5228736,-121.5269312,360,392005.7,W1-m-RES1-DF,06007002700,RES,RES1,W1,MC,RES1,m
427073,37.2147222,-121.8583082,360,436227.6,W1-m-RES1-DF,06085511905,RES,RES1,W1,MC,RES1,m
427120,33.7789729,-118.1698152,360,40975.27,W1-m-RES1-DF,06037576403,RES,RES1,W1,MC,RES1,m
427170,34.0421634,-117.4765838,360,35495.76,W1-m-RES1-DF,06071002606,RES,RES1,W1,MC,RES1,m
427220,34.1005564,-117.5866696,360,43507.62,W1-m-RES1-DF,06071002107,RES,RES1,W1,MC,RES1,m
427329,37.0725422,-122.089345,360,267902.0,W1-m-RES1-DF,06087120302,RES,RES1,W1,MC,RES1,m
427463,36.9878633,-121.9114547,360,222944.9,W1-m-RES1-DF,06087122004,RES,RES1,W1,MC,RES1,m
427585,33.9846156,-118.2333907,360,37097.36,W1-m-RES1-DF,06037532607,RES,RES1,W1,MC,RES1,m
427666,38.44978,-122.5588359,360,363101.9,W1-m-RES1-DF,06097151601,RES,RES1,W1,MC,RES1,m
427700,32.637252,-116.9791474,360,33216.2,W1-m-RES1-DF,06073013323,RES,RES1,W1,MC,RES1,m
427809,37.8320573,-122.0429151,360,740958.9,W1-m-RES1-DF,06013345204,RES,RES1,W1,MC,RES1,m
427945,34.4272508,-119.864694,360,87007.08,W1-m-RES1-DF,06083002933,RES,RES1,W1,MC,RES1,m
428047,37.7011751,-121.0220343,360,416366.0,W1-m-RES1-DF,06099000505,RES,RES1,W1,MC,RES1,m
428140,34.0833052,-117.3219389,360,146047.4,W1-m-RES1-DF,06071006700,RES,RES1,W1,MC,RES1,m
428222,34.1488008,-118.5910495,360,657608.5,W1-m-RES1-DF,06037138000,RES,RES1,W1,MC,RES1,m
428247,40.7128114,-124.0475651,360,235969.2,W1-m-RES1-DF,06023010600,RES,RES1,W1,MC,RES1,m
428302,38.0229463,-121.9350969,360,129373.5,W1-m-RES1-DF,06013314106,RES,RES1,W1,MC,RES1,m
428354,34.0526203,-117.6610837,360,66835.26,W1-m-RES1-DF,06071001706,RES,RES1,W1,MC,RES1,m
428488,38.6376446,-121.0300053,360,543245.4,W1-m-RES1-DF,06017030711,RES,RES1,W1,MC,RES1,m
428593,37.3333072,-122.0519949,360,331370.2,W1-m-RES1-DF,06085507805,RES,RES1,W1,MC,RES1,m
428693,37.0076293,-121.5810721,360,232996.5,W1-m-RES1-DF,06085512511,RES,RES1,W1,MC,RES1,m
428851,36.902787,-121.81552,360,355528.1,W1-m-RES1-DF,06087122300,RES,RES1,W1,MC,RES1,m
428958,35.1979576,-118.8175042,360,83716.29,W1-m-RES1-DF,06029006304,RES,RES1,W1,MC,RES1,m
429099,37.7142641,-122.1469937,360,51148.57,W1-m-RES1-DF,06001433104,RES,RES1,W1,MC,RES1,m
429170,34.0346983,-118.2876315,360,24268.32,W1-m-RES1-DF,06037221710,RES,RES1,W1,MC,RES1,m
429271,33.8622506,-118.3649802,360,417970.0,W1-m-RES1-DF,06037620602,RES,RES1,W1,MC,RES1,m
429397,36.5895596,-121.9094933,360,710161.9,W1-m-RES1-DF,06053012800,RES,RES1,W1,MC,RES1,m
429530,34.7114773,-118.120934,360,96508.72,W1-m-RES1-DF,06037900602,RES,RES1,W1,MC,RES1,m
429596,32.8551862,-117.2409435,360,390584.5,W1-m-RES1-DF,06073008313,RES,RES1,W1,MC,RES1,m
429634,38.857816,-121.326876,360,982127.1,W1-m-RES1-DF,06061023200,RES,RES1,W1,MC,RES1,m
429767,33.6377144,-117.9273493,360,154751.4,W1-m-RES1-DF,06059063605,RES,RES1,W1,MC,RES1,m
429897,37.358625,-121.8272151,360,191182.6,W1-m-RES1-DF,06085504001,RES,RES1,W1,MC,RES1,m
429940,33.9821628,-117.4334348,360,97182.48,W1-m-RES1-DF,06065040202,RES,RES1,W1,MC,RES1,m
430016,33.9879813,-118.1871944,360,43302.78,W1-m-RES1-DF,06037533403,RES,RES1,W1,MC,RES1,m
430076,34.2271711,-119.2082192,360,158134.3,W1-m-RES1-DF,06111002901,RES,RES1,W1,MC,RES1,m
430222,39.4312988,-123.8014847,360,220578.1,W1-m-RES1-DF,06045010500,RES,RES1,W1,MC,RES1,m
430343,37.8057305,-122.2847803,360,23573.76,W1-m-RES1-DF,06001402500,RES,RES1,W1,MC,RES1,m
430453,34.079869,-118.3068568,360,39376.64,W1-m-RES1-DF,06037192510,RES,RES1,W1,MC,RES1,m
430572,34.1903616,-118.6261323,360,277705.0,W1-m-RES1-DF,06037135201,RES,RES1,W1,MC,RES1,m
430702,34.079743,-118.3284923,360,226830.9,W1-m-RES1-DF,06037192300,RES,RES1,W1,MC,RES1,m
430797,33.6736209,-117.8238921,360,223010.5,W1-m-RES1-DF,06059052523,RES,RES1,W1,MC,RES1,m
430834,33.7312673,-116.960699,360,188532.8,W1-m-RES1-DF,06065043312,RES,RES1,W1,MC,RES1,m
430989,38.5280933,-121.3075728,360,128889.0,W1-m-RES1-DF,06067009005,RES,RES1,W1,MC,RES1,m
431127,38.4483381,-122.7070355,360,212148.2,W1-m-RES1-DF,06097152203,RES,RES1,W1,MC,RES1,m
431227,34.1265873,-117.8953117,360,162016.2,W1-m-RES1-DF,06037404201,RES,RES1,W1,MC,RES1,m
431384,38.7540062,-122.5521097,360,165882.2,W1-m-RES1-DF,06033001302,RES,RES1,W1,MC,RES1,m
431443,33.7771513,-118.157318,360,39200.93,W1-m-RES1-DF,06037576904,RES,RES1,W1,MC,RES1,m
431512,37.5937696,-122.0108429,360,97509.93,W1-m-RES1-DF,06001440337,RES,RES1,W1,MC,RES1,m
431571,33.967443,-118.1537012,360,36937.46,W1-m-RES1-DF,06037533902,RES,RES1,W1,MC,RES1,m
431632,38.5258672,-121.9609637,360,58569.39,W1-m-RES1-DF,06113011304,RES,RES1,W1,MC,RES1,m
431753,35.3174932,-119.0458982,360,27883.44,W1-m-RES1-DF,06029003112,RES,RES1,W1,MC,RES1,m
431870,33.9539757,-117.6693475,360,196989.3,W1-m-RES1-DF,06071000115,RES,RES1,W1,MC,RES1,m
431985,34.049428,-118.2496616,360,42384.99,W1-m-RES1-DF,06037207305,RES,RES1,W1,MC,RES1,m
432030,33.6611788,-117.8047827,360,248233.0,W1-m-RES1-DF,06059062651,RES,RES1,W1,MC,RES1,m
432102,36.6466139,-119.5600521,360,141409.1,W1-m-RES1-DF,06019006900,RES,RES1,W1,MC,RES1,m
432142,33.9899224,-114.4852017,360,3298.96,W1-m-RES1-DF,06065940100,RES,RES1,W1,MC,RES1,m
432240,39.9701372,-122.0239555,360,256219.1,W1-m-RES1-DF,06103000900,RES,RES1,W1,MC,RES1,m
432568,33.9565893,-118.0939098,360,248853.3,W1-m-RES1-DF,06037502604,RES,RES1,W1,MC,RES1,m
432613,38.6710386,-121.3008525,360,453107.0,W1-m-RES1-DF,06067008119,RES,RES1,W1,MC,RES1,m
432724,34.064306,-118.1290008,360,50535.14,W1-m-RES1-DF,06037481714,RES,RES1,W1,MC,RES1,m
432798,38.0652782,-122.8839193,360,258644.2,W1-m-RES1-DF,06041132200,RES,RES1,W1,MC,RES1,m
432910,33.8434369,-117.8971362,360,232603.0,W1-m-RES1-DF,06059086405,RES,RES1,W1,MC,RES1,m
433020,34.1975649,-118.4443625,360,71860.04,W1-m-RES1-DF,06037127910,RES,RES1,W1,MC,RES1,m
433141,34.1547747,-116.4297791,360,187672.7,W1-m-RES1-DF,06071010428,RES,RES1,W1,MC,RES1,m
433181,33.7013221,-117.3888259,360,42417.0,W1-m-RES1-DF,06065043009,RES,RES1,W1,MC,RES1,m
433257,33.9935071,-117.7389283,360,51245.22,W1-m-RES1-DF,06071000105,RES,RES1,W1,MC,RES1,m
433331,33.0362413,-117.2529529,360,337890.8,W1-m-RES1-DF,06073017403,RES,RES1,W1,MC,RES1,m
433386,34.0708715,-118.2941394,360,566.0,W1-m-RES1-DF,06037211320,RES,RES1,W1,MC,RES1,m
433490,32.6499089,-117.0387524,360,150746.2,W1-m-RES1-DF,06073013412,RES,RES1,W1,MC,RES1,m
433536,34.5916168,-117.4166619,360,46059.08,W1-m-RES1-DF,06071009131,RES,RES1,W1,MC,RES1,m
433626,34.4341881,-119.7300809,360,156398.2,W1-m-RES1-DF,06083000201,RES,RES1,W1,MC,RES1,m
433702,34.2027436,-118.3745716,360,80248.41,W1-m-RES1-DF,06037123010,RES,RES1,W1,MC,RES1,m
433792,34.0412036,-118.4943488,360,998446.6,W1-m-RES1-DF,06037701201,RES,RES1,W1,MC,RES1,m
433975,33.7532867,-117.8424353,360,304525.5,W1-m-RES1-DF,06059075403,RES,RES1,W1,MC,RES1,m
434156,37.2422641,-121.9563613,360,772307.8,W1-m-RES1-DF,06085506801,RES,RES1,W1,MC,RES1,m
434300,38.183609,-122.8025005,360,538308.3,W1-m-RES1-DF,06041133000,RES,RES1,W1,MC,RES1,m
434405,33.7507951,-117.9146518,360,79820.13,W1-m-RES1-DF,06059089105,RES,RES1,W1,MC,RES1,m
434497,38.415157,-122.8986059,360,349316.4,W1-m-RES1-DF,06097153602,RES,RES1,W1,MC,RES1,m
434566,35.1555924,-118.6061698,360,67833.7,W1-m-RES1-DF,06029006010,RES,RES1,W1,MC,RES1,m
434633,38.4964073,-123.0457323,360,163255.2,W1-m-RES1-DF,06097153707,RES,RES1,W1,MC,RES1,m
434697,34.1543885,-117.6164991,360,230771.1,W1-m-RES1-DF,06071002011,RES,RES1,W1,MC,RES1,m
434779,37.3700086,-122.0718854,360,562857.6,W1-m-RES1-DF,06085509902,RES,RES1,W1,MC,RES1,m
434864,37.2700187,-121.8655792,360,720085.1,W1-m-RES1-DF,06085512005,RES,RES1,W1,MC,RES1,m
434997,37.5392855,-122.4240902,360,366305.8,W1-m-RES1-DF,06081613501,RES,RES1,W1,MC,RES1,m
435076,33.7246401,-116.9786782,360,63299.49,W1-m-RES1-DF,06065043307,RES,RES1,W1,MC,RES1,m
435138,38.4645471,-121.3784573,360,647226.0,W1-m-RES1-DF,06067009317,RES,RES1,W1,MC,RES1,m
435216,34.010412,-118.2534818,360,34359.34,W1-m-RES1-DF,06037228210,RES,RES1,W1,MC,RES1,m
435358,33.1656066,-117.3457885,360,101169.1,W1-m-RES1-DF,06073017901,RES,RES1,W1,MC,RES1,m
435456,34.1924609,-118.6102388,360,290808.0,W1-m-RES1-DF,06037135111,RES,RES1,W1,MC,RES1,m
435568,34.4300063,-117.27982,360,86524.49,W1-m-RES1-DF,06071010028,RES,RES1,W1,MC,RES1,m
435638,34.085166,-117.9377973,360,109618.9,W1-m-RES1-DF,06037405301,RES,RES1,W1,MC,RES1,m
435689,33.9653735,-118.2006924,360,117433.0,W1-m-RES1-DF,06037534502,RES,RES1,W1,MC,RES1,m
435813,38.8964464,-121.287416,360,251321.0,W1-m-RES1-DF,06061021401,RES,RES1,W1,MC,RES1,m
435946,34.1845879,-118.220602,360,497314.4,W1-m-RES1-DF,06037300800,RES,RES1,W1,MC,RES1,m
436034,33.9685092,-117.3545294,360,153642.4,W1-m-RES1-DF,06065030501,RES,RES1,W1,MC,RES1,m
436114,33.9652179,-118.3783987,360,396096.4,W1-m-RES1-DF,06037277100,RES,RES1,W1,MC,RES1,m
436158,34.2185595,-118.5814401,360,252865.7,W1-m-RES1-DF,06037134103,RES,RES1,W1,MC,RES1,m
436204,37.4675561,-122.1850155,360,741917.3,W1-m-RES1-DF,06081611500,RES,RES1,W1,MC,RES1,m
436258,32.9674126,-116.2802017,360,87793.81,W1-m-RES1-DF,06073021001,RES,RES1,W1,MC,RES1,m
436471,34.1741488,-118.3221829,360,327171.3,W1-m-RES1-DF,06037310800,RES,RES1,W1,MC,RES1,m
436547,38.4060891,-122.685796,360,166757.3,W1-m-RES1-DF,06097151403,RES,RES1,W1,MC,RES1,m
436593,34.1651384,-117.425631,360,24275.32,W1-m-RES1-DF,06071002703,RES,RES1,W1,MC,RES1,m
436741,34.066243,-118.0595625,360,154364.4,W1-m-RES1-DF,06037433103,RES,RES1,W1,MC,RES1,m
436831,36.2434094,-119.4390093,360,243248.6,W1-m-RES1-DF,06107002100,RES,RES1,W1,MC,RES1,m
437069,38.5404857,-121.2631919,360,480290.0,W1-m-RES1-DF,06067008802,RES,RES1,W1,MC,RES1,m
437159,37.6678078,-122.0945904,360,237224.6,W1-m-RES1-DF,06001436301,RES,RES1,W1,MC,RES1,m
437382,38.0369619,-122.0293919,360,61469.79,W1-m-RES1-DF,06013315000,RES,RES1,W1,MC,RES1,m
437412,34.0304526,-118.2864985,360,11419.79,W1-m-RES1-DF,06037221820,RES,RES1,W1,MC,RES1,m
437531,37.6603504,-122.1097205,360,240905.6,W1-m-RES1-DF,06001436900,RES,RES1,W1,MC,RES1,m
437659,38.5924593,-121.4107149,360,44968.28,W1-m-RES1-DF,06067005506,RES,RES1,W1,MC,RES1,m
437813,34.1483495,-117.9977187,360,75326.62,W1-m-RES1-DF,06037431004,RES,RES1,W1,MC,RES1,m
437939,36.9339389,-121.6753872,360,146550.4,W1-m-RES1-DF,06087123300,RES,RES1,W1,MC,RES1,m
438009,37.7245395,-120.942757,360,413111.0,W1-m-RES1-DF,06099000303,RES,RES1,W1,MC,RES1,m
438074,33.8923778,-117.862511,360,460038.3,W1-m-RES1-DF,06059011710,RES,RES1,W1,MC,RES1,m
438136,34.0410432,-116.9623071,360,115524.6,W1-m-RES1-DF,06071008711,RES,RES1,W1,MC,RES1,m
438190,33.9822575,-118.3340918,360,40125.12,W1-m-RES1-DF,06037234902,RES,RES1,W1,MC,RES1,m
438272,32.7904464,-116.9691572,360,14081.85,W1-m-RES1-DF,06073015901,RES,RES1,W1,MC,RES1,m
438338,37.7895361,-122.4432888,360,121780.5,W1-m-RES1-DF,06075013402,RES,RES1,W1,MC,RES1,m
438447,35.1601907,-120.6487489,360,177495.8,W1-m-RES1-DF,06079011706,RES,RES1,W1,MC,RES1,m
438600,33.994422,-117.8795586,360,252682.6,W1-m-RES1-DF,06037408212,RES,RES1,W1,MC,RES1,m
438680,36.8318003,-119.8330956,360,977921.1,W1-m-RES1-DF,06019004302,RES,RES1,W1,MC,RES1,m
438735,37.6819299,-122.107,360,133819.0,W1-m-RES1-DF,06001435602,RES,RES1,W1,MC,RES1,m
438797,38.7846216,-121.3520848,360,362760.0,W1-m-RES1-DF,06061021039,RES,RES1,W1,MC,RES1,m
438867,34.241882,-118.4049441,360,139596.5,W1-m-RES1-DF,06037121210,RES,RES1,W1,MC,RES1,m
438919,37.3851461,-122.0247804,360,114933.6,W1-m-RES1-DF,06085508800,RES,RES1,W1,MC,RES1,m
439002,34.1278374,-118.0195417,360,451760.5,W1-m-RES1-DF,06037430802,RES,RES1,W1,MC,RES1,m
439034,34.2590853,-118.7657539,360,194339.0,W1-m-RES1-DF,06111008005,RES,RES1,W1,MC,RES1,m
439082,37.7813045,-122.4373585,360,65274.16,W1-m-RES1-DF,06075015801,RES,RES1,W1,MC,RES1,m
439216,37.7946971,-122.4093492,360,10814.47,W1-m-RES1-DF,06075011300,RES,RES1,W1,MC,RES1,m
439286,37.9797609,-121.8749222,360,141602.8,W1-m-RES1-DF,06013313106,RES,RES1,W1,MC,RES1,m
439343,38.4887496,-121.4990251,360,368063.0,W1-m-RES1-DF,06067004201,RES,RES1,W1,MC,RES1,m
439419,37.7674981,-122.050012,360,310712.4,W1-m-RES1-DF,06001430102,RES,RES1,W1,MC,RES1,m
439508,34.204713,-118.5316786,360,69853.42,W1-m-RES1-DF,06037131801,RES,RES1,W1,MC,RES1,m
439573,33.7834928,-118.1274859,360,329067.6,W1-m-RES1-DF,06037574800,RES,RES1,W1,MC,RES1,m
439657,37.0497481,-120.8233031,360,244938.2,W1-m-RES1-DF,06047002303,RES,RES1,W1,MC,RES1,m
439778,37.4705243,-121.1346179,360,114816.3,W1-m-RES1-DF,06099003204,RES,RES1,W1,MC,RES1,m
439905,36.3196581,-119.6671973,360,143349.0,W1-m-RES1-DF,06031001002,RES,RES1,W1,MC,RES1,m
440012,34.2259883,-118.5894957,360,32393.59,W1-m-RES1-DF,06037113427,RES,RES1,W1,MC,RES1,m
440101,38.5542221,-121.4637479,360,306004.0,W1-m-RES1-DF,06067001800,RES,RES1,W1,MC,RES1,m
440225,37.7788647,-120.8329986,360,445968.0,W1-m-RES1-DF,06099000204,RES,RES1,W1,MC,RES1,m
440257,38.5147748,-121.5189578,360,146970.0,W1-m-RES1-DF,06067004014,RES,RES1,W1,MC,RES1,m
440322,34.254329,-118.2925767,360,44125.71,W1-m-RES1-DF,06037101221,RES,RES1,W1,MC,RES1,m
440385,36.8047681,-119.6549573,360,414555.0,W1-m-RES1-DF,06019005913,RES,RES1,W1,MC,RES1,m
440444,40.5821764,-122.3762226,360,137926.1,W1-m-RES1-DF,06089010200,RES,RES1,W1,MC,RES1,m
440511,34.9638747,-120.4280342,360,168424.4,W1-m-RES1-DF,06083002205,RES,RES1,W1,MC,RES1,m
440627,39.3792515,-121.7370257,360,304657.6,W1-m-RES1-DF,06007003501,RES,RES1,W1,MC,RES1,m
440715,32.7604865,-117.0590339,360,291777.6,W1-m-RES1-DF,06073002902,RES,RES1,W1,MC,RES1,m
440769,33.9920845,-118.2958368,360,82868.0,W1-m-RES1-DF,06037232602,RES,RES1,W1,MC,RES1,m
440855,33.8600276,-118.3883814,360,278788.3,W1-m-RES1-DF,06037621102,RES,RES1,W1,MC,RES1,m
440898,34.9714003,-120.4399983,360,124090.5,W1-m-RES1-DF,06083002310,RES,RES1,W1,MC,RES1,m
440997,38.2720248,-121.308317,360,131322.0,W1-m-RES1-DF,06067009503,RES,RES1,W1,MC,RES1,m
441052,32.8093223,-117.1881489,360,469780.3,W1-m-RES1-DF,06073008512,RES,RES1,W1,MC,RES1,m
441135,38.1293945,-122.3302426,360,81342.36,W1-m-RES1-DF,06095250801,RES,RES1,W1,MC,RES1,m
441193,32.6651033,-117.0878572,360,87306.63,W1-m-RES1-DF,06073012101,RES,RES1,W1,MC,RES1,m
441268,34.050791,-118.4279971,360,259910.9,W1-m-RES1-DF,06037267101,RES,RES1,W1,MC,RES1,m
441416,36.0867021,-119.0241089,360,323023.0,W1-m-RES1-DF,06107003700,RES,RES1,W1,MC,RES1,m
441571,33.6383279,-117.937407,360,38105.86,W1-m-RES1-DF,06059063604,RES,RES1,W1,MC,RES1,m
441664,37.7686739,-120.7306258,360,730895.8,W1-m-RES1-DF,06099000102,RES,RES1,W1,MC,RES1,m
441705,34.0454913,-117.9587133,360,216070.5,W1-m-RES1-DF,06037407301,RES,RES1,W1,MC,RES1,m
441755,33.9426036,-118.2991423,360,78344.14,W1-m-RES1-DF,06037600202,RES,RES1,W1,MC,RES1,m
441824,38.6488664,-121.4387189,360,209560.0,W1-m-RES1-DF,06067006502,RES,RES1,W1,MC,RES1,m
441917,34.0852271,-118.3472967,360,70444.0,W1-m-RES1-DF,06037192001,RES,RES1,W1,MC,RES1,m
441993,35.4454371,-119.0327191,360,54046.16,W1-m-RES1-DF,06029000104,RES,RES1,W1,MC,RES1,m
442085,39.429744,-121.5309393,360,148439.8,W1-m-RES1-DF,06007003200,RES,RES1,W1,MC,RES1,m
442123,32.6140163,-117.0158097,360,14810.62,W1-m-RES1-DF,06073013326,RES,RES1,W1,MC,RES1,m
442133,33.153187,-117.154884,360,7553.46,W1-m-RES1-DF,06073020041,RES,RES1,W1,MC,RES1,m
442280,37.9240821,-122.5231872,360,744372.0,W1-m-RES1-DF,06041121100,RES,RES1,W1,MC,RES1,m
442384,33.6925839,-117.7753374,360,319846.5,W1-m-RES1-DF,06059052505,RES,RES1,W1,MC,RES1,m
442451,36.7290407,-119.7091892,360,345390.2,W1-m-RES1-DF,06019001409,RES,RES1,W1,MC,RES1,m
442501,38.7648483,-121.2389893,360,774978.9,W1-m-RES1-DF,06061022400,RES,RES1,W1,MC,RES1,m
442581,37.7496437,-121.4609623,360,349232.5,W1-m-RES1-DF,06077005224,RES,RES1,W1,MC,RES1,m
442606,33.8955489,-117.239288,360,8951.28,W1-m-RES1-DF,06065042508,RES,RES1,W1,MC,RES1,m
442686,37.2275027,-121.8912184,360,770235.3,W1-m-RES1-DF,06085511913,RES,RES1,W1,MC,RES1,m
442808,37.8304839,-122.2638399,360,107948.3,W1-m-RES1-DF,06001401100,RES,RES1,W1,MC,RES1,m
442897,37.6460249,-122.4660787,360,235026.6,W1-m-RES1-DF,06081602602,RES,RES1,W1,MC,RES1,m
443039,34.0096885,-118.1751711,360,112482.2,W1-m-RES1-DF,06037532302,RES,RES1,W1,MC,RES1,m
443097,33.665223,-117.2267421,360,72626.2,W1-m-RES1-DF,06065042733,RES,RES1,W1,MC,RES1,m
443114,38.554344,-121.2341126,360,518191.0,W1-m-RES1-DF,06067008704,RES,RES1,W1,MC,RES1,m
443187,37.8462275,-122.2149841,360,596663.8,W1-m-RES1-DF,06001404400,RES,RES1,W1,MC,RES1,m
443337,38.2918397,-122.2978636,360,195493.4,W1-m-RES1-DF,06055200201,RES,RES1,W1,MC,RES1,m
443384,38.7850361,-121.3934117,360,723235.1,W1-m-RES1-DF,06061021326,RES,RES1,W1,MC,RES1,m
443451,34.8582026,-118.1516336,360,28197.78,W1-m-RES1-DF,06029005804,RES,RES1,W1,MC,RES1,m
443554,36.0300554,-120.1317175,360,137281.2,W1-m-RES1-DF,06031001702,RES,RES1,W1,MC,RES1,m
443603,34.1126013,-118.4072679,360,537373.9,W1-m-RES1-DF,06037261104,RES,RES1,W1,MC,RES1,m
443779,33.4622587,-117.6973164,360,222829.6,W1-m-RES1-DF,06059042313,RES,RES1,W1,MC,RES1,m
443997,38.7393455,-121.31649,360,552351.0,W1-m-RES1-DF,06061020908,RES,RES1,W1,MC,RES1,m
444161,38.689074,-120.8533881,360,257505.8,W1-m-RES1-DF,06017031505,RES,RES1,W1,MC,RES1,m
444274,37.9626579,-121.2768173,360,5994.94,W1-m-RES1-DF,06077000500,RES,RES1,W1,MC,RES1,m
444333,37.7508836,-121.4445221,360,71875.42,W1-m-RES1-DF,06077005307,RES,RES1,W1,MC,RES1,m
444415,33.7065531,-117.8220205,360,47113.95,W1-m-RES1-DF,06059075518,RES,RES1,W1,MC,RES1,m
444506,37.6729487,-120.1089266,360,547581.9,W1-m-RES1-DF,06043000200,RES,RES1,W1,MC,RES1,m
444594,38.5075145,-121.1180094,360,202930.6,W1-m-RES1-DF,06067008602,RES,RES1,W1,MC,RES1,m
444646,37.7760456,-122.4295509,360,59069.94,W1-m-RES1-DF,06075016300,RES,RES1,W1,MC,RES1,m
444923,33.6380407,-117.7185089,360,316458.6,W1-m-RES1-DF,06059052410,RES,RES1,W1,MC,RES1,m
445039,37.3198198,-119.6160776,360,618462.9,W1-m-RES1-DF,06039000104,RES,RES1,W1,MC,RES1,m
445152,36.5633585,-119.6355228,360,237250.0,W1-m-RES1-DF,06019007101,RES,RES1,W1,MC,RES1,m
445219,34.237491,-118.522646,360,220711.6,W1-m-RES1-DF,06037115104,RES,RES1,W1,MC,RES1,m
445307,38.5826868,-121.4795188,360,46251.81,W1-m-RES1-DF,06067000502,RES,RES1,W1,MC,RES1,m
445389,38.6654891,-121.1202103,360,1162485.0,W1-m-RES1-DF,06067008510,RES,RES1,W1,MC,RES1,m
445455,33.5699117,-117.640169,360,69532.75,W1-m-RES1-DF,06059032057,RES,RES1,W1,MC,RES1,m
445536,33.6747665,-117.7726183,360,7809.971,W1-m-RES1-DF,06059052532,RES,RES1,W1,MC,RES1,m
445837,34.4221917,-119.6971954,360,61329.2,W1-m-RES1-DF,06083000900,RES,RES1,W1,MC,RES1,m
446045,37.3943438,-121.8929699,360,50938.93,W1-m-RES1-DF,06085504322,RES,RES1,W1,MC,RES1,m
446117,33.6994791,-117.7529852,360,13576.13,W1-m-RES1-DF,06059052431,RES,RES1,W1,MC,RES1,m
446145,33.7338091,-116.9264553,360,68956.57,W1-m-RES1-DF,06065043315,RES,RES1,W1,MC,RES1,m
446188,34.223366,-119.1820276,360,78577.35,W1-m-RES1-DF,06111003010,RES,RES1,W1,MC,RES1,m
446327,34.121929,-116.4465137,360,79004.48,W1-m-RES1-DF,06071010427,RES,RES1,W1,MC,RES1,m
446493,32.694483,-117.1685108,360,174734.9,W1-m-RES1-DF,06073011000,RES,RES1,W1,MC,RES1,m
446601,33.7920364,-117.8187444,360,133227.8,W1-m-RES1-DF,06059075816,RES,RES1,W1,MC,RES1,m
446711,33.9583159,-118.2637831,360,40767.36,W1-m-RES1-DF,06037240010,RES,RES1,W1,MC,RES1,m
446873,37.1170325,-121.6337601,360,73159.8,W1-m-RES1-DF,06085512310,RES,RES1,W1,MC,RES1,m
446952,33.9851655,-117.8120046,360,169953.5,W1-m-RES1-DF,06037403324,RES,RES1,W1,MC,RES1,m
447129,32.8914562,-117.1716869,360,14524.32,W1-m-RES1-DF,06073008350,RES,RES1,W1,MC,RES1,m
447202,34.1519934,-117.8945884,360,114007.6,W1-m-RES1-DF,06037400605,RES,RES1,W1,MC,RES1,m
447340,33.905068,-118.3742669,360,602236.4,W1-m-RES1-DF,06037602302,RES,RES1,W1,MC,RES1,m
447365,32.6994123,-117.0801318,360,220473.4,W1-m-RES1-DF,06073003101,RES,RES1,W1,MC,RES1,m
447444,36.3200434,-119.3228298,360,367833.0,W1-m-RES1-DF,06107002002,RES,RES1,W1,MC,RES1,m
447592,34.175806,-118.3002488,360,79141.11,W1-m-RES1-DF,06037310703,RES,RES1,W1,MC,RES1,m
447698,34.0914898,-117.8557417,360,361983.4,W1-m-RES1-DF,06037403702,RES,RES1,W1,MC,RES1,m
447769,33.1143653,-117.3081459,360,104686.4,W1-m-RES1-DF,06073017811,RES,RES1,W1,MC,RES1,m
447846,33.9200581,-118.3481425,360,51395.89,W1-m-RES1-DF,06037602105,RES,RES1,W1,MC,RES1,m
447945,36.5403969,-121.8179114,360,262566.9,W1-m-RES1-DF,06053011606,RES,RES1,W1,MC,RES1,m
448011,40.6856919,-124.1474514,360,197541.4,W1-m-RES1-DF,06023010702,RES,RES1,W1,MC,RES1,m
448088,37.9162293,-121.7223832,360,58263.59,W1-m-RES1-DF,06013303210,RES,RES1,W1,MC,RES1,m
448252,35.0539688,-118.1693413,360,111786.7,W1-m-RES1-DF,06029005900,RES,RES1,W1,MC,RES1,m
448381,33.9634958,-118.2979777,360,188704.5,W1-m-RES1-DF,06037238200,RES,RES1,W1,MC,RES1,m
448500,37.2337395,-121.7963166,360,569001.4,W1-m-RES1-DF,06085512059,RES,RES1,W1,MC,RES1,m
448564,33.7413288,-116.20799,360,103284.8,W1-m-RES1-DF,06065045306,RES,RES1,W1,MC,RES1,m
448649,34.0387584,-118.1658839,360,56767.74,W1-m-RES1-DF,06037530500,RES,RES1,W1,MC,RES1,m
448691,38.8769708,-121.2568862,360,603702.0,W1-m-RES1-DF,06061023800,RES,RES1,W1,MC,RES1,m
448775,33.7849481,-117.9586224,360,218819.4,W1-m-RES1-DF,06059088203,RES,RES1,W1,MC,RES1,m
448825,37.7187935,-120.9482524,360,832971.1,W1-m-RES1-DF,06099000406,RES,RES1,W1,MC,RES1,m
448883,33.9352313,-118.2637959,360,54156.72,W1-m-RES1-DF,06037240902,RES,RES1,W1,MC,RES1,m
448991,34.5079183,-117.3350145,360,1070.0,W1-m-RES1-DF,06071009914,RES,RES1,W1,MC,RES1,m
449041,34.0248828,-118.1955701,360,24510.78,W1-m-RES1-DF,06037204910,RES,RES1,W1,MC,RES1,m
449077,34.1684098,-118.2729275,360,222948.0,W1-m-RES1-DF,06037301205,RES,RES1,W1,MC,RES1,m
449134,37.4031701,-122.0033067,360,29698.76,W1-m-RES1-DF,06085504805,RES,RES1,W1,MC,RES1,m
449218,33.9745535,-118.3221148,360,156702.0,W1-m-RES1-DF,06037235201,RES,RES1,W1,MC,RES1,m
449283,38.6910277,-121.4478446,360,264044.9,W1-m-RES1-DF,06067007209,RES,RES1,W1,MC,RES1,m
449318,33.4713037,-117.0854896,360,57178.0,W1-m-RES1-DF,06065043248,RES,RES1,W1,MC,RES1,m
449370,41.4116025,-121.8260568,360,144082.6,W1-m-RES1-DF,06093001200,RES,RES1,W1,MC,RES1,m
449450,32.7579893,-117.1286986,360,28559.04,W1-m-RES1-DF,06073001201,RES,RES1,W1,MC,RES1,m
449551,37.5735085,-122.0375264,360,384338.4,W1-m-RES1-DF,06001441401,RES,RES1,W1,MC,RES1,m
449621,34.0642092,-117.9009462,360,605759.6,W1-m-RES1-DF,06037406413,RES,RES1,W1,MC,RES1,m
449670,37.8340328,-121.2810722,360,522095.7,W1-m-RES1-DF,06077005127,RES,RES1,W1,MC,RES1,m
449813,37.5686738,-122.2745605,360,8347.15,W1-m-RES1-DF,06081608025,RES,RES1,W1,MC,RES1,m
449980,34.0474873,-118.2440019,360,11952.73,W1-m-RES1-DF,06037206201,RES,RES1,W1,MC,RES1,m
450085,33.8337216,-118.3900969,360,137031.1,W1-m-RES1-DF,06037621324,RES,RES1,W1,MC,RES1,m
450206,34.0910085,-118.0229572,360,96553.44,W1-m-RES1-DF,06037432401,RES,RES1,W1,MC,RES1,m
450316,37.1018738,-120.3199636,360,726917.4,W1-m-RES1-DF,06039000204,RES,RES1,W1,MC,RES1,m
450410,38.2373454,-122.2312307,360,162624.2,W1-m-RES1-DF,06055201003,RES,RES1,W1,MC,RES1,m
450504,37.7750995,-122.436973,360,73757.3,W1-m-RES1-DF,06075016400,RES,RES1,W1,MC,RES1,m
450653,34.2487777,-118.270999,360,395293.3,W1-m-RES1-DF,06037101300,RES,RES1,W1,MC,RES1,m
450776,33.8527553,-118.268884,360,252802.0,W1-m-RES1-DF,06037543400,RES,RES1,W1,MC,RES1,m
450834,37.7699467,-122.4511458,360,27439.61,W1-m-RES1-DF,06075016602,RES,RES1,W1,MC,RES1,m
450899,34.1560621,-117.2508689,360,278362.7,W1-m-RES1-DF,06071006102,RES,RES1,W1,MC,RES1,m
450965,36.7322589,-119.7499923,360,249318.6,W1-m-RES1-DF,06019001301,RES,RES1,W1,MC,RES1,m
451105,34.1024648,-118.3423064,360,755.0,W1-m-RES1-DF,06037190101,RES,RES1,W1,MC,RES1,m
451173,38.3129807,-121.1234487,360,330092.2,W1-m-RES1-DF,06067009406,RES,RES1,W1,MC,RES1,m
451271,39.7116723,-121.8514745,360,104231.0,W1-m-RES1-DF,06007001100,RES,RES1,W1,MC,RES1,m
451428,33.9918254,-117.4960233,360,237378.6,W1-m-RES1-DF,06065040403,RES,RES1,W1,MC,RES1,m
451468,37.6979738,-119.5740176,360,116934.5,W1-m-RES1-DF,06043000400,RES,RES1,W1,MC,RES1,m
451516,37.6906053,-121.0794748,360,522657.0,W1-m-RES1-DF,06099000513,RES,RES1,W1,MC,RES1,m
451565,39.0271511,-121.083805,360,298950.1,W1-m-RES1-DF,06057000106,RES,RES1,W1,MC,RES1,m
451629,33.7649103,-116.5735745,360,396372.6,W1-m-RES1-DF,06065940500,RES,RES1,W1,MC,RES1,m
451683,32.6352829,-117.0563851,360,360575.1,W1-m-RES1-DF,06073013401,RES,RES1,W1,MC,RES1,m
451840,34.162053,-118.052919,360,501288.3,W1-m-RES1-DF,06037430502,RES,RES1,W1,MC,RES1,m
452005,35.3722416,-120.8299539,360,60171.62,W1-m-RES1-DF,06079010603,RES,RES1,W1,MC,RES1,m
452108,32.7250633,-117.0575504,360,231321.1,W1-m-RES1-DF,06073003003,RES,RES1,W1,MC,RES1,m
452224,36.8715786,-121.7706766,360,55611.4,W1-m-RES1-DF,06053010101,RES,RES1,W1,MC,RES1,m
452395,38.6627193,-121.3982061,360,182183.0,W1-m-RES1-DF,06067007301,RES,RES1,W1,MC,RES1,m
452491,37.5404786,-122.32346,360,394148.3,W1-m-RES1-DF,06081606700,RES,RES1,W1,MC,RES1,m
452520,40.6060636,-122.3229503,360,248867.0,W1-m-RES1-DF,06089010804,RES,RES1,W1,MC,RES1,m
452558,35.3665932,-119.1706429,360,66228.5,W1-m-RES1-DF,06029003822,RES,RES1,W1,MC,RES1,m
452623,37.6065776,-121.0135031,360,331393.0,W1-m-RES1-DF,06099002303,RES,RES1,W1,MC,RES1,m
452676,34.2140487,-118.6350313,360,357609.0,W1-m-RES1-DF,06037134423,RES,RES1,W1,MC,RES1,m
452762,34.1126731,-118.2288551,360,230577.7,W1-m-RES1-DF,06037186302,RES,RES1,W1,MC,RES1,m
452945,34.69644,-118.1419762,360,66295.35,W1-m-RES1-DF,06037900806,RES,RES1,W1,MC,RES1,m
453052,38.1235139,-122.2398887,360,478767.3,W1-m-RES1-DF,06095251400,RES,RES1,W1,MC,RES1,m
453128,33.6963102,-116.2578731,360,31171.44,W1-m-RES1-DF,06065045224,RES,RES1,W1,MC,RES1,m
453200,37.3349369,-120.5065304,360,921982.0,W1-m-RES1-DF,06047001008,RES,RES1,W1,MC,RES1,m
453218,34.2734804,-118.2633014,360,1822.5,W1-m-RES1-DF,06037980026,RES,RES1,W1,MC,RES1,m
453349,34.1310435,-117.866662,360,184688.5,W1-m-RES1-DF,06037401102,RES,RES1,W1,MC,RES1,m
453427,38.3234476,-122.3205427,360,218235.8,W1-m-RES1-DF,06055200707,RES,RES1,W1,MC,RES1,m
453523,38.7673953,-121.1351476,360,1790142.0,W1-m-RES1-DF,06061020601,RES,RES1,W1,MC,RES1,m
453579,33.78879,-117.9281104,360,381274.6,W1-m-RES1-DF,06059088401,RES,RES1,W1,MC,RES1,m
453661,37.3864867,-120.913969,360,498719.7,W1-m-RES1-DF,06047000404,RES,RES1,W1,MC,RES1,m
453749,33.7774539,-117.9914541,360,99172.88,W1-m-RES1-DF,06059088106,RES,RES1,W1,MC,RES1,m
453867,37.9689866,-121.9851343,360,666195.9,W1-m-RES1-DF,06013333200,RES,RES1,W1,MC,RES1,m
453962,37.7749279,-122.3957079,360,89964.2,W1-m-RES1-DF,06075060703,RES,RES1,W1,MC,RES1,m
454068,38.5698188,-121.3915944,360,805986.8,W1-m-RES1-DF,06067005404,RES,RES1,W1,MC,RES1,m
454124,32.8753135,-116.978192,360,275942.8,W1-m-RES1-DF,06073016609,RES,RES1,W1,MC,RES1,m
454219,33.8820583,-117.8831378,360,20716.0,W1-m-RES1-DF,06059011504,RES,RES1,W1,MC,RES1,m
454418,38.2583498,-120.6778965,360,289908.6,W1-m-RES1-DF,06009000301,RES,RES1,W1,MC,RES1,m
454522,34.0458645,-118.5024565,360,832903.9,W1-m-RES1-DF,06037262802,RES,RES1,W1,MC,RES1,m
454599,34.3562588,-119.2271059,360,129323.0,W1-m-RES1-DF,06111001204,RES,RES1,W1,MC,RES1,m
454716,34.0993753,-117.4357865,360,58684.48,W1-m-RES1-DF,06071003000,RES,RES1,W1,MC,RES1,m
454803,36.7700893,-119.51559,360,270120.8,W1-m-RES1-DF,06019005906,RES,RES1,W1,MC,RES1,m
454876,37.9476192,-122.3538132,360,160944.3,W1-m-RES1-DF,06013373000,RES,RES1,W1,MC,RES1,m
454951,38.5060009,-122.9766228,360,214527.0,W1-m-RES1-DF,06097153710,RES,RES1,W1,MC,RES1,m
455051,32.7977009,-116.9420918,360,21737.64,W1-m-RES1-DF,06073015701,RES,RES1,W1,MC,RES1,m
455182,33.8381856,-117.522205,360,191066.4,W1-m-RES1-DF,06065041909,RES,RES1,W1,MC,RES1,m
455228,37.9872216,-121.3635219,360,566693.0,W1-m-RES1-DF,06077003119,RES,RES1,W1,MC,RES1,m
455284,40.1323961,-120.152486,360,249906.9,W1-m-RES1-DF,06035040600,RES,RES1,W1,MC,RES1,m
455355,33.9997288,-117.3999055,360,64266.07,W1-m-RES1-DF,06065040204,RES,RES1,W1,MC,RES1,m
455458,33.9766899,-118.224409,360,17701.23,W1-m-RES1-DF,06037533104,RES,RES1,W1,MC,RES1,m
455520,33.9750043,-117.6290487,360,77276.1,W1-m-RES1-DF,06071001909,RES,RES1,W1,MC,RES1,m
455569,38.9388352,-122.6301466,360,96808.96,W1-m-RES1-DF,06033000801,RES,RES1,W1,MC,RES1,m
455648,38.5764495,-121.7588856,360,465404.0,W1-m-RES1-DF,06113010510,RES,RES1,W1,MC,RES1,m
455714,34.0166821,-118.4382414,360,305943.3,W1-m-RES1-DF,06037271500,RES,RES1,W1,MC,RES1,m
455988,33.7607008,-118.1971195,360,155856.2,W1-m-RES1-DF,06037576001,RES,RES1,W1,MC,RES1,m
456075,37.7234533,-122.4105033,360,387764.9,W1-m-RES1-DF,06075025900,RES,RES1,W1,MC,RES1,m
456142,33.8849628,-117.971306,360,117300.3,W1-m-RES1-DF,06059110605,RES,RES1,W1,MC,RES1,m
456186,33.6549641,-116.3122385,360,69185.7,W1-m-RES1-DF,06065045109,RES,RES1,W1,MC,RES1,m
456226,37.3545123,-121.81141,360,288189.3,W1-m-RES1-DF,06085503508,RES,RES1,W1,MC,RES1,m
456292,36.6466582,-119.3274871,360,145476.0,W1-m-RES1-DF,06019006502,RES,RES1,W1,MC,RES1,m
456497,33.783476,-117.8693817,360,276050.1,W1-m-RES1-DF,06059076001,RES,RES1,W1,MC,RES1,m
456577,37.8022683,-122.4391509,360,133951.9,W1-m-RES1-DF,06075012601,RES,RES1,W1,MC,RES1,m
456667,37.9884601,-122.0261933,360,530835.1,W1-m-RES1-DF,06013330000,RES,RES1,W1,MC,RES1,m
456717,33.9035477,-118.2961504,360,106510.3,W1-m-RES1-DF,06037603007,RES,RES1,W1,MC,RES1,m
456865,34.7122504,-117.9785573,360,99945.3,W1-m-RES1-DF,06037901300,RES,RES1,W1,MC,RES1,m
456908,37.6440336,-122.0793901,360,77823.12,W1-m-RES1-DF,06001437500,RES,RES1,W1,MC,RES1,m
457019,34.0018666,-118.3244227,360,59394.0,W1-m-RES1-DF,06037234502,RES,RES1,W1,MC,RES1,m
457138,37.5780625,-121.9910071,360,501744.3,W1-m-RES1-DF,06001441200,RES,RES1,W1,MC,RES1,m
457237,33.907644,-118.2543859,360,383454.7,W1-m-RES1-DF,06037541200,RES,RES1,W1,MC,RES1,m
457358,36.7096962,-119.7816972,360,123844.0,W1-m-RES1-DF,06019001100,RES,RES1,W1,MC,RES1,m
457436,37.1853582,-119.7721217,360,657056.0,W1-m-RES1-DF,06039000106,RES,RES1,W1,MC,RES1,m
457531,38.782269,-121.3194929,360,538206.0,W1-m-RES1-DF,06061021043,RES,RES1,W1,MC,RES1,m
457596,34.2716582,-118.4180839,360,69301.16,W1-m-RES1-DF,06037104321,RES,RES1,W1,MC,RES1,m
457630,35.7868107,-119.2320485,360,192303.5,W1-m-RES1-DF,06029004903,RES,RES1,W1,MC,RES1,m
457670,33.9326766,-118.2282409,360,32680.48,W1-m-RES1-DF,06037540400,RES,RES1,W1,MC,RES1,m
457752,34.153182,-118.0038011,360,496824.7,W1-m-RES1-DF,06037430302,RES,RES1,W1,MC,RES1,m
457818,34.3060186,-118.4412741,360,191709.9,W1-m-RES1-DF,06037106403,RES,RES1,W1,MC,RES1,m
457860,34.1142597,-117.8946925,360,241431.3,W1-m-RES1-DF,06037404100,RES,RES1,W1,MC,RES1,m
457895,34.0241485,-117.9093284,360,172171.5,W1-m-RES1-DF,06037408133,RES,RES1,W1,MC,RES1,m
457973,34.470768,-118.4496499,360,125717.1,W1-m-RES1-DF,06037920049,RES,RES1,W1,MC,RES1,m
458005,38.7226029,-121.3548798,360,478588.0,W1-m-RES1-DF,06067007432,RES,RES1,W1,MC,RES1,m
458071,32.6131276,-117.0779491,360,99277.06,W1-m-RES1-DF,06073013104,RES,RES1,W1,MC,RES1,m
458149,38.6986392,-121.2324674,360,504086.0,W1-m-RES1-DF,06067008203,RES,RES1,W1,MC,RES1,m
458264,33.6609028,-117.9028423,360,129918.1,W1-m-RES1-DF,06059063906,RES,RES1,W1,MC,RES1,m
458364,34.0851215,-118.2881029,360,7813.0,W1-m-RES1-DF,06037191420,RES,RES1,W1,MC,RES1,m
458492,32.7638332,-117.1785432,360,48803.77,W1-m-RES1-DF,06073008902,RES,RES1,W1,MC,RES1,m
458528,34.1215773,-118.1746179,360,148152.9,W1-m-RES1-DF,06037183104,RES,RES1,W1,MC,RES1,m
458642,37.899975,-122.5225708,360,421698.6,W1-m-RES1-DF,06041126200,RES,RES1,W1,MC,RES1,m
458692,34.138221,-117.6072895,360,158574.6,W1-m-RES1-DF,06071002013,RES,RES1,W1,MC,RES1,m
458725,34.141776,-117.6602406,360,241512.6,W1-m-RES1-DF,06071000814,RES,RES1,W1,MC,RES1,m
458816,37.773426,-122.4120419,360,26679.88,W1-m-RES1-DF,06075017803,RES,RES1,W1,MC,RES1,m
458907,37.6793903,-122.1296211,360,442392.6,W1-m-RES1-DF,06001435800,RES,RES1,W1,MC,RES1,m
458966,34.1422654,-118.0608911,360,634273.6,W1-m-RES1-DF,06037430701,RES,RES1,W1,MC,RES1,m
459009,32.7222294,-116.9900857,360,68915.52,W1-m-RES1-DF,06073013905,RES,RES1,W1,MC,RES1,m
459058,33.0576712,-117.2904191,360,201822.5,W1-m-RES1-DF,06073017603,RES,RES1,W1,MC,RES1,m
459175,37.6276213,-120.9588553,360,98064.0,W1-m-RES1-DF,06099002100,RES,RES1,W1,MC,RES1,m
459239,33.6006686,-117.2755965,360,41398.39,W1-m-RES1-DF,06065043271,RES,RES1,W1,MC,RES1,m
459284,34.0657276,-118.2825414,360,23678.0,W1-m-RES1-DF,06037208710,RES,RES1,W1,MC,RES1,m
459396,34.2257746,-118.5939793,360,114317.8,W1-m-RES1-DF,06037113234,RES,RES1,W1,MC,RES1,m
459440,37.4060297,-122.0922777,360,60278.75,W1-m-RES1-DF,06085509303,RES,RES1,W1,MC,RES1,m
459507,37.5833866,-122.3766437,360,629349.8,W1-m-RES1-DF,06081605200,RES,RES1,W1,MC,RES1,m
459582,36.7540821,-119.7634761,360,103445.0,W1-m-RES1-DF,06019002502,RES,RES1,W1,MC,RES1,m
459623,38.633463,-121.4869167,360,304009.0,W1-m-RES1-DF,06067007021,RES,RES1,W1,MC,RES1,m
459733,33.846642,-117.9187355,360,138799.0,W1-m-RES1-DF,06059086501,RES,RES1,W1,MC,RES1,m
459809,33.7530867,-117.9003601,360,143083.0,W1-m-RES1-DF,06059075201,RES,RES1,W1,MC,RES1,m
459862,34.0782872,-117.3100391,360,104156.9,W1-m-RES1-DF,06071007001,RES,RES1,W1,MC,RES1,m
459909,37.5936829,-122.4066696,360,491153.4,W1-m-RES1-DF,06081604700,RES,RES1,W1,MC,RES1,m
460179,34.1024197,-117.6582388,360,144186.0,W1-m-RES1-DF,06071000824,RES,RES1,W1,MC,RES1,m
460259,33.9207603,-118.0236715,360,151824.4,W1-m-RES1-DF,06037503106,RES,RES1,W1,MC,RES1,m
460298,38.9276388,-119.9486023,360,201804.8,W1-m-RES1-DF,06017030202,RES,RES1,W1,MC,RES1,m
460404,33.7976037,-117.1606974,360,56783.43,W1-m-RES1-DF,06065042719,RES,RES1,W1,MC,RES1,m
460479,37.3853602,-122.0731927,360,218446.7,W1-m-RES1-DF,06085509700,RES,RES1,W1,MC,RES1,m
460602,38.3385194,-122.8815393,360,337558.9,W1-m-RES1-DF,06097153502,RES,RES1,W1,MC,RES1,m
460650,37.7379203,-122.4291348,360,444807.6,W1-m-RES1-DF,06075021800,RES,RES1,W1,MC,RES1,m
460731,38.3152192,-122.2812515,360,35042.7,W1-m-RES1-DF,06055200505,RES,RES1,W1,MC,RES1,m
460825,37.6835377,-120.9850908,360,401285.0,W1-m-RES1-DF,06099000907,RES,RES1,W1,MC,RES1,m
460891,34.1284627,-118.2299806,360,314690.9,W1-m-RES1-DF,06037186100,RES,RES1,W1,MC,RES1,m
460964,34.196082,-118.5571125,360,270770.6,W1-m-RES1-DF,06037133000,RES,RES1,W1,MC,RES1,m
461064,36.251254,-119.3176938,360,680589.4,W1-m-RES1-DF,06107002401,RES,RES1,W1,MC,RES1,m
461146,33.8872792,-117.3757723,360,212849.9,W1-m-RES1-DF,06065042004,RES,RES1,W1,MC,RES1,m
461165,33.958348,-118.3373377,360,164659.4,W1-m-RES1-DF,06037600703,RES,RES1,W1,MC,RES1,m
461242,37.7050855,-121.8851378,360,104719.7,W1-m-RES1-DF,06001450101,RES,RES1,W1,MC,RES1,m
461310,37.3693439,-121.8203724,360,219103.9,W1-m-RES1-DF,06085504101,RES,RES1,W1,MC,RES1,m
461351,38.1377093,-121.2929037,360,111676.7,W1-m-RES1-DF,06077004205,RES,RES1,W1,MC,RES1,m
461442,37.8668441,-122.2771352,360,171877.9,W1-m-RES1-DF,06001423000,RES,RES1,W1,MC,RES1,m
461508,34.1039593,-118.1971254,360,38216.6,W1-m-RES1-DF,06037183820,RES,RES1,W1,MC,RES1,m
461566,35.2881829,-119.0338088,360,60028.32,W1-m-RES1-DF,06029003216,RES,RES1,W1,MC,RES1,m
461627,38.6158347,-121.3737809,360,249680.0,W1-m-RES1-DF,06067006002,RES,RES1,W1,MC,RES1,m
461702,39.4895646,-121.509062,360,356492.2,W1-m-RES1-DF,06007003100,RES,RES1,W1,MC,RES1,m
461782,38.2010747,-122.6258589,360,448743.4,W1-m-RES1-DF,06097150702,RES,RES1,W1,MC,RES1,m
461872,33.8405494,-117.9950643,360,216208.6,W1-m-RES1-DF,06059110402,RES,RES1,W1,MC,RES1,m
461941,34.1884919,-118.3834122,360,44761.86,W1-m-RES1-DF,06037124103,RES,RES1,W1,MC,RES1,m
462006,33.7047767,-116.4917939,360,181898.1,W1-m-RES1-DF,06065044807,RES,RES1,W1,MC,RES1,m
462065,39.0716092,-120.1657977,360,412984.4,W1-m-RES1-DF,06061022300,RES,RES1,W1,MC,RES1,m
462123,38.0753462,-122.1678055,360,67438.93,W1-m-RES1-DF,06095252106,RES,RES1,W1,MC,RES1,m
462182,37.9937248,-122.3179579,360,435579.6,W1-m-RES1-DF,06013364002,RES,RES1,W1,MC,RES1,m
462256,33.5589692,-117.6948277,360,8242.55,W1-m-RES1-DF,06059042335,RES,RES1,W1,MC,RES1,m
462330,34.1387351,-118.3508573,360,168.0,W1-m-RES1-DF,06037980039,RES,RES1,W1,MC,RES1,m
462356,33.4817676,-117.0671175,360,27811.77,W1-m-RES1-DF,06065043202,RES,RES1,W1,MC,RES1,m
462409,35.5061275,-120.7601739,360,142684.3,W1-m-RES1-DF,06079012706,RES,RES1,W1,MC,RES1,m
462533,37.4975422,-121.3425676,360,316812.3,W1-m-RES1-DF,06099003300,RES,RES1,W1,MC,RES1,m
462647,34.2667412,-119.2234201,360,51848.94,W1-m-RES1-DF,06111001508,RES,RES1,W1,MC,RES1,m
462778,33.7346618,-118.284187,360,58160.89,W1-m-RES1-DF,06037297110,RES,RES1,W1,MC,RES1,m
462849,34.0072718,-118.298033,360,50697.0,W1-m-RES1-DF,06037231602,RES,RES1,W1,MC,RES1,m
462914,33.6870543,-117.3058055,360,8034.48,W1-m-RES1-DF,06065042750,RES,RES1,W1,MC,RES1,m
462960,33.9009214,-118.1908014,360,91612.8,W1-m-RES1-DF,06037542104,RES,RES1,W1,MC,RES1,m
462997,40.5991211,-122.3687204,360,169844.8,W1-m-RES1-DF,06089010703,RES,RES1,W1,MC,RES1,m
463039,38.0148793,-121.3066509,360,129783.0,W1-m-RES1-DF,06077003306,RES,RES1,W1,MC,RES1,m
463072,37.7867101,-121.2433289,360,426455.0,W1-m-RES1-DF,06077005136,RES,RES1,W1,MC,RES1,m
463214,38.573984,-121.4721306,360,59499.0,W1-m-RES1-DF,06067001400,RES,RES1,W1,MC,RES1,m
463328,36.1460004,-120.0943186,360,65846.24,W1-m-RES1-DF,06019007801,RES,RES1,W1,MC,RES1,m
463423,33.1395167,-117.1298501,360,152392.9,W1-m-RES1-DF,06073020025,RES,RES1,W1,MC,RES1,m
463457,33.8648961,-117.5910555,360,83241.6,W1-m-RES1-DF,06065041805,RES,RES1,W1,MC,RES1,m
463535,37.3156874,-121.8809726,360,137939.3,W1-m-RES1-DF,06085503113,RES,RES1,W1,MC,RES1,m
463658,40.4351833,-122.2934161,360,253038.0,W1-m-RES1-DF,06089012000,RES,RES1,W1,MC,RES1,m
463743,32.7089039,-117.1498194,360,7530.72,W1-m-RES1-DF,06073005101,RES,RES1,W1,MC,RES1,m
463862,33.6484332,-117.9275356,360,78527.35,W1-m-RES1-DF,06059063701,RES,RES1,W1,MC,RES1,m
463959,34.019891,-118.1708472,360,27352.2,W1-m-RES1-DF,06037531502,RES,RES1,W1,MC,RES1,m
464034,34.9421111,-120.4267768,360,147602.0,W1-m-RES1-DF,06083002102,RES,RES1,W1,MC,RES1,m
464082,37.8019597,-122.427249,360,91904.24,W1-m-RES1-DF,06075012901,RES,RES1,W1,MC,RES1,m
464165,37.8504772,-122.281531,360,92047.48,W1-m-RES1-DF,06001424002,RES,RES1,W1,MC,RES1,m
464253,37.9815004,-121.9973254,360,808879.7,W1-m-RES1-DF,06013332000,RES,RES1,W1,MC,RES1,m
464338,34.1237036,-116.0527342,360,38278.11,W1-m-RES1-DF,06071010434,RES,RES1,W1,MC,RES1,m
464409,33.7324563,-116.3693669,360,72686.47,W1-m-RES1-DF,06065045119,RES,RES1,W1,MC,RES1,m
464498,33.131406,-117.0724073,360,107442.3,W1-m-RES1-DF,06073020202,RES,RES1,W1,MC,RES1,m
464544,34.2123522,-119.1723571,360,61536.24,W1-m-RES1-DF,06111003101,RES,RES1,W1,MC,RES1,m
464607,37.7060948,-122.0822254,360,413958.2,W1-m-RES1-DF,06001430700,RES,RES1,W1,MC,RES1,m
464694,37.9516811,-121.9680486,360,267148.6,W1-m-RES1-DF,06013334008,RES,RES1,W1,MC,RES1,m
464919,34.0575757,-118.6666196,360,436356.8,W1-m-RES1-DF,06037800504,RES,RES1,W1,MC,RES1,m
464993,33.1189542,-117.068116,360,251558.9,W1-m-RES1-DF,06073020602,RES,RES1,W1,MC,RES1,m
465037,38.4756559,-121.5213443,360,511016.0,W1-m-RES1-DF,06067004012,RES,RES1,W1,MC,RES1,m
465160,33.8810425,-118.2539046,360,337544.3,W1-m-RES1-DF,06037543100,RES,RES1,W1,MC,RES1,m
465218,32.9827303,-115.4711527,360,337937.2,W1-m-RES1-DF,06025010300,RES,RES1,W1,MC,RES1,m
465300,37.7834657,-122.4105086,360,3128.294,W1-m-RES1-DF,06075012503,RES,RES1,W1,MC,RES1,m
465399,34.0843098,-118.3642238,360,92440.66,W1-m-RES1-DF,06037194401,RES,RES1,W1,MC,RES1,m
465473,33.896438,-118.1198673,360,116441.4,W1-m-RES1-DF,06037554106,RES,RES1,W1,MC,RES1,m
465553,38.6120369,-121.2817018,360,236362.0,W1-m-RES1-DF,06067008907,RES,RES1,W1,MC,RES1,m
465586,37.7159219,-122.4782648,360,50204.28,W1-m-RES1-DF,06075033203,RES,RES1,W1,MC,RES1,m
465647,34.0627628,-118.2811045,360,4198.98,W1-m-RES1-DF,06037208720,RES,RES1,W1,MC,RES1,m
465706,34.0067001,-118.3512616,360,368978.0,W1-m-RES1-DF,06037236400,RES,RES1,W1,MC,RES1,m
465813,37.6852758,-121.7803514,360,321695.1,W1-m-RES1-DF,06001451404,RES,RES1,W1,MC,RES1,m
465937,33.9612627,-117.9943139,360,758804.0,W1-m-RES1-DF,06037500202,RES,RES1,W1,MC,RES1,m
466080,38.6846125,-121.7607111,360,160145.0,W1-m-RES1-DF,06113010800,RES,RES1,W1,MC,RES1,m
466131,37.0732839,-120.8306584,360,307657.6,W1-m-RES1-DF,06047002305,RES,RES1,W1,MC,RES1,m
466233,32.9890045,-115.5177302,360,93160.04,W1-m-RES1-DF,06025010402,RES,RES1,W1,MC,RES1,m
466326,37.8100772,-122.2889321,360,23336.1,W1-m-RES1-DF,06001410500,RES,RES1,W1,MC,RES1,m
466393,33.2022468,-117.3925275,360,46129.52,W1-m-RES1-DF,06073018301,RES,RES1,W1,MC,RES1,m
466439,35.4104374,-119.150208,360,225321.6,W1-m-RES1-DF,06029003825,RES,RES1,W1,MC,RES1,m
466460,33.7155921,-118.2963264,360,105811.2,W1-m-RES1-DF,06037297502,RES,RES1,W1,MC,RES1,m
466537,33.9364446,-118.2768362,360,51159.4,W1-m-RES1-DF,06037241120,RES,RES1,W1,MC,RES1,m
466608,34.0818094,-118.2769285,360,45525.35,W1-m-RES1-DF,06037195803,RES,RES1,W1,MC,RES1,m
466702,38.1166084,-122.5912872,360,708558.3,W1-m-RES1-DF,06041102202,RES,RES1,W1,MC,RES1,m
466820,37.7311668,-121.4654928,360,1121339.0,W1-m-RES1-DF,06077005212,RES,RES1,W1,MC,RES1,m
466878,33.741006,-118.302932,360,64021.91,W1-m-RES1-DF,06037609900,RES,RES1,W1,MC,RES1,m
467004,34.0998357,-118.094455,360,41659.39,W1-m-RES1-DF,06037481102,RES,RES1,W1,MC,RES1,m
467103,34.0627564,-118.0270375,360,66352.65,W1-m-RES1-DF,06037433403,RES,RES1,W1,MC,RES1,m
467191,33.935539,-117.9846665,360,490721.4,W1-m-RES1-DF,06037503401,RES,RES1,W1,MC,RES1,m
467281,37.5911451,-122.0486878,360,134785.0,W1-m-RES1-DF,06001440307,RES,RES1,W1,MC,RES1,m
467390,34.0661708,-118.1198426,360,61259.39,W1-m-RES1-DF,06037481711,RES,RES1,W1,MC,RES1,m
467440,38.8568609,-121.2638454,360,868652.9,W1-m-RES1-DF,06061023600,RES,RES1,W1,MC,RES1,m
467511,33.9348155,-117.2991513,360,52618.4,W1-m-RES1-DF,06065050901,RES,RES1,W1,MC,RES1,m
467593,41.7431803,-122.6399825,360,258713.0,W1-m-RES1-DF,06093000703,RES,RES1,W1,MC,RES1,m
467686,33.8440428,-117.9331121,360,151837.6,W1-m-RES1-DF,06059086602,RES,RES1,W1,MC,RES1,m
467754,32.6150191,-116.9559929,360,86740.08,W1-m-RES1-DF,06073013319,RES,RES1,W1,MC,RES1,m
467858,37.0954427,-122.0954185,360,421520.3,W1-m-RES1-DF,06087120301,RES,RES1,W1,MC,RES1,m
467987,38.6662844,-121.1653198,360,550872.0,W1-m-RES1-DF,06067008403,RES,RES1,W1,MC,RES1,m
468091,38.0407401,-122.1962349,360,211816.7,W1-m-RES1-DF,06013357000,RES,RES1,W1,MC,RES1,m
468299,34.0569856,-117.4695201,360,78068.17,W1-m-RES1-DF,06071002609,RES,RES1,W1,MC,RES1,m
468353,33.7840101,-117.251356,360,43245.54,W1-m-RES1-DF,06065042908,RES,RES1,W1,MC,RES1,m
468422,38.6711638,-121.2781931,360,320470.0,W1-m-RES1-DF,06067008138,RES,RES1,W1,MC,RES1,m
468558,38.4334559,-122.8012458,360,232688.9,W1-m-RES1-DF,06097153005,RES,RES1,W1,MC,RES1,m
468647,36.608683,-119.3447256,360,173034.0,W1-m-RES1-DF,06019006501,RES,RES1,W1,MC,RES1,m
468750,34.3324192,-118.6849198,360,474771.8,W1-m-RES1-DF,06111008402,RES,RES1,W1,MC,RES1,m
468792,37.7564185,-122.1658933,360,144437.3,W1-m-RES1-DF,06001409700,RES,RES1,W1,MC,RES1,m
468946,37.4557091,-122.177839,360,288102.0,W1-m-RES1-DF,06081612500,RES,RES1,W1,MC,RES1,m
469043,34.1194181,-118.1466951,360,122301.7,W1-m-RES1-DF,06037480601,RES,RES1,W1,MC,RES1,m
469126,33.9962787,-117.5140276,360,97836.59,W1-m-RES1-DF,06065040605,RES,RES1,W1,MC,RES1,m
469174,38.7023418,-121.2087748,360,364242.4,W1-m-RES1-DF,06067008211,RES,RES1,W1,MC,RES1,m
469286,37.4991322,-122.2566652,360,419601.7,W1-m-RES1-DF,06081609201,RES,RES1,W1,MC,RES1,m
469442,33.9691783,-118.3890198,360,659962.1,W1-m-RES1-DF,06037276000,RES,RES1,W1,MC,RES1,m
469542,34.2547448,-119.0253299,360,219789.7,W1-m-RES1-DF,06111005202,RES,RES1,W1,MC,RES1,m
469623,36.7132771,-121.6495278,360,10030.92,W1-m-RES1-DF,06053000103,RES,RES1,W1,MC,RES1,m
469737,33.6050678,-117.6672345,360,748692.6,W1-m-RES1-DF,06059032003,RES,RES1,W1,MC,RES1,m
469772,36.8194378,-119.7182719,360,21286.0,W1-m-RES1-DF,06019005607,RES,RES1,W1,MC,RES1,m
469830,33.0157982,-117.2722333,360,83224.37,W1-m-RES1-DF,06073017408,RES,RES1,W1,MC,RES1,m
470031,38.1981906,-122.4133842,360,374052.8,W1-m-RES1-DF,06097150100,RES,RES1,W1,MC,RES1,m
470155,34.1631392,-118.4158172,360,379985.6,W1-m-RES1-DF,06037124700,RES,RES1,W1,MC,RES1,m
470241,32.9800871,-117.1152228,360,210050.3,W1-m-RES1-DF,06073017033,RES,RES1,W1,MC,RES1,m
470268,32.9583797,-117.1358284,360,11998.72,W1-m-RES1-DF,06073008337,RES,RES1,W1,MC,RES1,m
470362,38.6732077,-121.7897004,360,251194.0,W1-m-RES1-DF,06113011001,RES,RES1,W1,MC,RES1,m
470470,34.906979,-120.5826984,360,97635.63,W1-m-RES1-DF,06083002503,RES,RES1,W1,MC,RES1,m
470520,36.5262505,-119.5374364,360,309112.0,W1-m-RES1-DF,06019007203,RES,RES1,W1,MC,RES1,m
470564,34.2588359,-118.440754,360,210745.9,W1-m-RES1-DF,06037119202,RES,RES1,W1,MC,RES1,m
470654,33.5737494,-117.7918476,360,492055.0,W1-m-RES1-DF,06059062656,RES,RES1,W1,MC,RES1,m
470795,33.7679798,-117.8477516,360,295088.5,W1-m-RES1-DF,06059075404,RES,RES1,W1,MC,RES1,m
470850,33.9259702,-117.7185708,360,32816.66,W1-m-RES1-DF,06071000122,RES,RES1,W1,MC,RES1,m
470906,33.9677241,-118.2076372,360,108600.0,W1-m-RES1-DF,06037534501,RES,RES1,W1,MC,RES1,m
470995,33.7487978,-117.8013386,360,386904.8,W1-m-RES1-DF,06059075603,RES,RES1,W1,MC,RES1,m
471082,37.3261978,-121.8587581,360,5626.48,W1-m-RES1-DF,06085503105,RES,RES1,W1,MC,RES1,m
471172,34.3885354,-119.4904925,360,123255.9,W1-m-RES1-DF,06083001704,RES,RES1,W1,MC,RES1,m
471305,34.202677,-118.3354064,360,255060.5,W1-m-RES1-DF,06037310400,RES,RES1,W1,MC,RES1,m
471373,33.6082129,-117.5913027,360,16316.35,W1-m-RES1-DF,06059032044,RES,RES1,W1,MC,RES1,m
471429,34.0929146,-118.250437,360,188632.6,W1-m-RES1-DF,06037197410,RES,RES1,W1,MC,RES1,m
471547,38.2600055,-122.6438313,360,44385.7,W1-m-RES1-DF,06097150609,RES,RES1,W1,MC,RES1,m
471633,38.595379,-121.5349059,360,233710.0,W1-m-RES1-DF,06113010103,RES,RES1,W1,MC,RES1,m
471685,37.5184218,-121.9515237,360,235228.4,W1-m-RES1-DF,06001443001,RES,RES1,W1,MC,RES1,m
471770,37.5209859,-122.4708313,360,576614.9,W1-m-RES1-DF,06081613502,RES,RES1,W1,MC,RES1,m
471845,33.5134722,-117.0704108,360,30116.1,W1-m-RES1-DF,06065043246,RES,RES1,W1,MC,RES1,m
471917,34.2656446,-118.3236267,360,184445.4,W1-m-RES1-DF,06037103201,RES,RES1,W1,MC,RES1,m
472018,37.6932893,-122.4784394,360,426642.3,W1-m-RES1-DF,06081601200,RES,RES1,W1,MC,RES1,m
472165,37.3487184,-122.004968,360,271796.0,W1-m-RES1-DF,06085508205,RES,RES1,W1,MC,RES1,m
472289,33.8797293,-118.0389061,360,406283.0,W1-m-RES1-DF,06037554511,RES,RES1,W1,MC,RES1,m
472342,34.188818,-118.6369084,360,496919.6,W1-m-RES1-DF,06037135202,RES,RES1,W1,MC,RES1,m
472419,37.9587227,-122.323664,360,202149.5,W1-m-RES1-DF,06013369002,RES,RES1,W1,MC,RES1,m
472477,34.3020803,-118.4467204,360,129631.6,W1-m-RES1-DF,06037107010,RES,RES1,W1,MC,RES1,m
472543,34.1124449,-117.6395637,360,352594.7,W1-m-RES1-DF,06071000808,RES,RES1,W1,MC,RES1,m
472599,34.1480654,-117.6279835,360,209501.9,W1-m-RES1-DF,06071002014,RES,RES1,W1,MC,RES1,m
472630,34.155868,-117.2757398,360,413621.5,W1-m-RES1-DF,06071005101,RES,RES1,W1,MC,RES1,m
472674,38.5873447,-121.2993999,360,223285.0,W1-m-RES1-DF,06067009008,RES,RES1,W1,MC,RES1,m
472705,34.05607,-118.3053637,360,4023.36,W1-m-RES1-DF,06037212501,RES,RES1,W1,MC,RES1,m
472784,33.880582,-117.907682,360,333646.3,W1-m-RES1-DF,06059011402,RES,RES1,W1,MC,RES1,m
472808,34.0591972,-117.1651325,360,26807.2,W1-m-RES1-DF,06071008404,RES,RES1,W1,MC,RES1,m
472921,34.1092386,-117.2844304,360,38834.52,W1-m-RES1-DF,06071005800,RES,RES1,W1,MC,RES1,m
473091,38.4187838,-122.7104093,360,57938.3,W1-m-RES1-DF,06097151406,RES,RES1,W1,MC,RES1,m
473195,33.9353001,-118.3498492,360,40616.85,W1-m-RES1-DF,06037601700,RES,RES1,W1,MC,RES1,m
473264,38.5565366,-122.8126594,360,55533.12,W1-m-RES1-DF,06097153804,RES,RES1,W1,MC,RES1,m
473326,33.6817006,-116.8892587,360,235311.7,W1-m-RES1-DF,06065043304,RES,RES1,W1,MC,RES1,m
473382,33.9319208,-117.5759903,360,86551.92,W1-m-RES1-DF,06065040701,RES,RES1,W1,MC,RES1,m
473429,37.2693929,-120.402075,360,269599.0,W1-m-RES1-DF,06047002601,RES,RES1,W1,MC,RES1,m
473457,36.0861268,-119.5624953,360,133489.0,W1-m-RES1-DF,06031001401,RES,RES1,W1,MC,RES1,m
473500,33.7655569,-117.9803615,360,197619.2,W1-m-RES1-DF,06059088802,RES,RES1,W1,MC,RES1,m
473556,37.8471642,-121.9581382,360,538651.8,W1-m-RES1-DF,06013346205,RES,RES1,W1,MC,RES1,m
473755,37.6640373,-120.8419441,360,853440.4,W1-m-RES1-DF,06099002802,RES,RES1,W1,MC,RES1,m
473832,37.6841105,-120.96361,360,377404.0,W1-m-RES1-DF,06099000908,RES,RES1,W1,MC,RES1,m
473917,34.0582671,-116.5601965,360,167719.6,W1-m-RES1-DF,06071010417,RES,RES1,W1,MC,RES1,m
474005,37.7365045,-120.9473004,360,175071.0,W1-m-RES1-DF,06099000302,RES,RES1,W1,MC,RES1,m
474073,34.5925627,-117.8491551,360,8028.58,W1-m-RES1-DF,06037900104,RES,RES1,W1,MC,RES1,m
474156,34.1886366,-118.6174552,360,490810.1,W1-m-RES1-DF,06037135102,RES,RES1,W1,MC,RES1,m
474217,40.5547598,-122.3147793,360,351825.2,W1-m-RES1-DF,06089011403,RES,RES1,W1,MC,RES1,m
474237,33.9848309,-118.1932502,360,46216.05,W1-m-RES1-DF,06037533504,RES,RES1,W1,MC,RES1,m
474330,33.5399881,-117.5948829,360,1264735.0,W1-m-RES1-DF,06059032066,RES,RES1,W1,MC,RES1,m
474443,37.4249828,-120.8415795,360,319085.1,W1-m-RES1-DF,06047000403,RES,RES1,W1,MC,RES1,m
474533,34.5703026,-117.4091357,360,22050.82,W1-m-RES1-DF,06071009132,RES,RES1,W1,MC,RES1,m
474609,38.6713445,-121.2349623,360,562742.0,W1-m-RES1-DF,06067008204,RES,RES1,W1,MC,RES1,m
474668,32.7765372,-117.0386029,360,244887.4,W1-m-RES1-DF,06073014805,RES,RES1,W1,MC,RES1,m
474733,33.9117646,-117.9402667,360,337276.8,W1-m-RES1-DF,06059001705,RES,RES1,W1,MC,RES1,m
474794,34.1328213,-117.7561453,360,59385.38,W1-m-RES1-DF,06037400209,RES,RES1,W1,MC,RES1,m
474828,34.1408746,-117.8525,360,384377.6,W1-m-RES1-DF,06037401001,RES,RES1,W1,MC,RES1,m
474990,38.4083965,-122.826599,360,157918.2,W1-m-RES1-DF,06097153406,RES,RES1,W1,MC,RES1,m
475088,33.800619,-118.1853159,360,52625.28,W1-m-RES1-DF,06037573201,RES,RES1,W1,MC,RES1,m
475136,33.8273239,-118.340573,360,73859.14,W1-m-RES1-DF,06037650802,RES,RES1,W1,MC,RES1,m
475242,37.9376434,-121.2438691,360,207551.6,W1-m-RES1-DF,06077002100,RES,RES1,W1,MC,RES1,m
475302,38.4778971,-121.3993657,360,151886.0,W1-m-RES1-DF,06067009318,RES,RES1,W1,MC,RES1,m
475357,38.4887193,-121.5168934,360,67302.0,W1-m-RES1-DF,06067004020,RES,RES1,W1,MC,RES1,m
475511,34.0727874,-118.3656444,360,120950.8,W1-m-RES1-DF,06037214600,RES,RES1,W1,MC,RES1,m
475643,36.8157747,-119.7767968,360,193652.0,W1-m-RES1-DF,06019005410,RES,RES1,W1,MC,RES1,m
475708,33.8548685,-117.7545025,360,72072.48,W1-m-RES1-DF,06059021921,RES,RES1,W1,MC,RES1,m
475787,33.5994708,-114.5966887,360,118076.2,W1-m-RES1-DF,06065046200,RES,RES1,W1,MC,RES1,m
475845,33.0818066,-117.2107794,360,138210.5,W1-m-RES1-DF,06073017113,RES,RES1,W1,MC,RES1,m
475897,33.7722391,-118.1787305,360,42123.31,W1-m-RES1-DF,06037576501,RES,RES1,W1,MC,RES1,m
475975,38.5716604,-122.0641679,360,181530.0,W1-m-RES1-DF,06113011301,RES,RES1,W1,MC,RES1,m
476060,35.736329,-120.4634502,360,114104.8,W1-m-RES1-DF,06079010303,RES,RES1,W1,MC,RES1,m
476106,34.1848613,-118.38341,360,36340.92,W1-m-RES1-DF,06037124104,RES,RES1,W1,MC,RES1,m
476256,33.4249906,-117.6239766,360,191816.0,W1-m-RES1-DF,06059042108,RES,RES1,W1,MC,RES1,m
476335,37.7372232,-122.4503095,360,1178490.0,W1-m-RES1-DF,06075030700,RES,RES1,W1,MC,RES1,m
476417,36.8031546,-119.8253921,360,289801.0,W1-m-RES1-DF,06019004601,RES,RES1,W1,MC,RES1,m
476460,35.402274,-118.9928535,360,229918.8,W1-m-RES1-DF,06029000702,RES,RES1,W1,MC,RES1,m
476548,33.3316148,-117.0666846,360,113431.1,W1-m-RES1-DF,06073019109,RES,RES1,W1,MC,RES1,m
476688,34.0129489,-117.3226718,360,308774.6,W1-m-RES1-DF,06065042300,RES,RES1,W1,MC,RES1,m
476772,38.4162688,-121.362367,360,589360.0,W1-m-RES1-DF,06067009307,RES,RES1,W1,MC,RES1,m
476835,33.8446869,-117.5490456,360,95337.66,W1-m-RES1-DF,06065041810,RES,RES1,W1,MC,RES1,m
476927,34.1724288,-118.2887629,360,71200.22,W1-m-RES1-DF,06037301502,RES,RES1,W1,MC,RES1,m
477067,34.1666571,-118.3737667,360,2418.24,W1-m-RES1-DF,06037125322,RES,RES1,W1,MC,RES1,m
477116,32.9234425,-117.1578601,360,403957.7,W1-m-RES1-DF,06073008347,RES,RES1,W1,MC,RES1,m
477143,38.809736,-121.2691293,360,85568.0,W1-m-RES1-DF,06061021130,RES,RES1,W1,MC,RES1,m
477321,33.9509443,-118.3657334,360,137610.6,W1-m-RES1-DF,06037601402,RES,RES1,W1,MC,RES1,m
477379,34.0297371,-118.1860676,360,37929.29,W1-m-RES1-DF,06037531201,RES,RES1,W1,MC,RES1,m
477453,38.4410051,-121.8456708,360,550805.9,W1-m-RES1-DF,06095253403,RES,RES1,W1,MC,RES1,m
477511,32.6400018,-117.021231,360,18324.56,W1-m-RES1-DF,06073013420,RES,RES1,W1,MC,RES1,m
477543,32.8034143,-117.1810994,360,208612.6,W1-m-RES1-DF,06073008513,RES,RES1,W1,MC,RES1,m
477580,33.9055708,-118.203158,360,177420.5,W1-m-RES1-DF,06037542000,RES,RES1,W1,MC,RES1,m
477632,33.9326936,-118.2351416,360,71925.04,W1-m-RES1-DF,06037243100,RES,RES1,W1,MC,RES1,m
477742,32.8318579,-117.2237844,360,458365.0,W1-m-RES1-DF,06073008501,RES,RES1,W1,MC,RES1,m
477815,38.5252837,-122.8554317,360,169233.2,W1-m-RES1-DF,06097153810,RES,RES1,W1,MC,RES1,m
477857,37.7578121,-122.4306825,360,206780.3,W1-m-RES1-DF,06075020602,RES,RES1,W1,MC,RES1,m
477940,33.7211061,-117.8986836,360,115493.0,W1-m-RES1-DF,06059074109,RES,RES1,W1,MC,RES1,m
478023,33.9660533,-118.2629318,360,37820.16,W1-m-RES1-DF,06037239801,RES,RES1,W1,MC,RES1,m
478101,33.7844124,-118.1621912,360,30236.98,W1-m-RES1-DF,06037575102,RES,RES1,W1,MC,RES1,m
478175,37.5313806,-121.9737794,360,569047.7,W1-m-RES1-DF,06001442400,RES,RES1,W1,MC,RES1,m
478239,34.0339243,-118.4898132,360,149934.2,W1-m-RES1-DF,06037701202,RES,RES1,W1,MC,RES1,m
478315,38.5221988,-121.448252,360,82020.51,W1-m-RES1-DF,06067004603,RES,RES1,W1,MC,RES1,m
478405,37.9566884,-121.928483,360,153282.8,W1-m-RES1-DF,06013355307,RES,RES1,W1,MC,RES1,m
478440,34.1251274,-118.0066747,360,213911.2,W1-m-RES1-DF,06037431300,RES,RES1,W1,MC,RES1,m
478505,34.2894657,-118.5220352,360,369348.2,W1-m-RES1-DF,06037106643,RES,RES1,W1,MC,RES1,m
478545,37.775421,-122.50374,360,330846.5,W1-m-RES1-DF,06075047903,RES,RES1,W1,MC,RES1,m
478667,38.0494844,-122.5270678,360,122106.2,W1-m-RES1-DF,06041105001,RES,RES1,W1,MC,RES1,m
478695,33.826972,-116.4495502,360,26894.16,W1-m-RES1-DF,06065044932,RES,RES1,W1,MC,RES1,m
478731,37.2989187,-120.4965605,360,72342.0,W1-m-RES1-DF,06047001502,RES,RES1,W1,MC,RES1,m
478860,37.030539,-121.9940496,360,545344.5,W1-m-RES1-DF,06087121200,RES,RES1,W1,MC,RES1,m
478990,33.5927639,-117.8701726,360,498851.8,W1-m-RES1-DF,06059062702,RES,RES1,W1,MC,RES1,m
479080,38.572235,-121.3437933,360,315174.0,W1-m-RES1-DF,06067009107,RES,RES1,W1,MC,RES1,m
479133,34.0176396,-118.2647766,360,37956.48,W1-m-RES1-DF,06037226701,RES,RES1,W1,MC,RES1,m
479262,37.6388221,-121.729043,360,115464.4,W1-m-RES1-DF,06001451103,RES,RES1,W1,MC,RES1,m
479356,37.251361,-121.964454,360,272926.1,W1-m-RES1-DF,06085507203,RES,RES1,W1,MC,RES1,m
479393,34.1902629,-118.4778055,360,114281.5,W1-m-RES1-DF,06037127606,RES,RES1,W1,MC,RES1,m
479458,33.0027873,-117.2420769,360,229313.4,W1-m-RES1-DF,06073017305,RES,RES1,W1,MC,RES1,m
479485,39.1577039,-121.5672208,360,246808.0,W1-m-RES1-DF,06115040202,RES,RES1,W1,MC,RES1,m
479581,32.9875564,-115.544002,360,229718.2,W1-m-RES1-DF,06025010500,RES,RES1,W1,MC,RES1,m
479649,38.0255204,-121.2861974,360,171219.0,W1-m-RES1-DF,06077003405,RES,RES1,W1,MC,RES1,m
479725,37.7671003,-122.432467,360,110211.6,W1-m-RES1-DF,06075016900,RES,RES1,W1,MC,RES1,m
479798,38.489903,-121.5470459,360,441604.0,W1-m-RES1-DF,06067004008,RES,RES1,W1,MC,RES1,m
479845,34.0637659,-118.2691298,360,4341.28,W1-m-RES1-DF,06037208401,RES,RES1,W1,MC,RES1,m
479928,33.9794398,-117.3331958,360,344.2674,W1-m-RES1-DF,06065046502,RES,RES1,W1,MC,RES1,m
479987,33.6441646,-117.8996392,360,311972.1,W1-m-RES1-DF,06059063103,RES,RES1,W1,MC,RES1,m
480089,37.8728828,-122.2878171,360,181144.3,W1-m-RES1-DF,06001422200,RES,RES1,W1,MC,RES1,m
480271,33.1869869,-117.3390876,360,394653.3,W1-m-RES1-DF,06073018504,RES,RES1,W1,MC,RES1,m
480373,34.1119792,-117.8504216,360,317869.1,W1-m-RES1-DF,06037401203,RES,RES1,W1,MC,RES1,m
480434,35.3005169,-120.6605569,360,6178.5,W1-m-RES1-DF,06079010903,RES,RES1,W1,MC,RES1,m
480513,38.4880638,-121.4464626,360,365324.0,W1-m-RES1-DF,06067004904,RES,RES1,W1,MC,RES1,m
480567,33.9356232,-118.1127866,360,321584.2,W1-m-RES1-DF,06037551001,RES,RES1,W1,MC,RES1,m
480626,34.0961818,-118.3359195,360,12615.4,W1-m-RES1-DF,06037190702,RES,RES1,W1,MC,RES1,m
480707,34.262067,-118.9032933,360,124815.7,W1-m-RES1-DF,06111007607,RES,RES1,W1,MC,RES1,m
480731,34.03936,-117.4508403,360,89704.44,W1-m-RES1-DF,06071002611,RES,RES1,W1,MC,RES1,m
480762,35.2742008,-119.0478215,360,219063.3,W1-m-RES1-DF,06029003210,RES,RES1,W1,MC,RES1,m
480822,34.2625305,-118.4088621,360,124179.9,W1-m-RES1-DF,06037104704,RES,RES1,W1,MC,RES1,m
480910,33.8403645,-118.3491229,360,33869.88,W1-m-RES1-DF,06037650604,RES,RES1,W1,MC,RES1,m
481133,37.746286,-122.3894769,360,6098.558,W1-m-RES1-DF,06075980900,RES,RES1,W1,MC,RES1,m
481340,33.9154345,-117.9082181,360,397430.3,W1-m-RES1-DF,06059001503,RES,RES1,W1,MC,RES1,m
481476,33.9067415,-118.3657538,360,419195.5,W1-m-RES1-DF,06037602301,RES,RES1,W1,MC,RES1,m
481599,37.4003903,-121.9911751,360,245486.6,W1-m-RES1-DF,06085504802,RES,RES1,W1,MC,RES1,m
481673,34.2429089,-118.478874,360,210568.8,W1-m-RES1-DF,06037117202,RES,RES1,W1,MC,RES1,m
481734,38.0470791,-121.9827259,360,251828.0,W1-m-RES1-DF,06013314200,RES,RES1,W1,MC,RES1,m
481821,34.0881865,-118.2646124,360,224652.2,W1-m-RES1-DF,06037195500,RES,RES1,W1,MC,RES1,m
481997,38.0621001,-122.1791737,360,322832.4,W1-m-RES1-DF,06095252000,RES,RES1,W1,MC,RES1,m
482112,34.0037101,-118.4422882,360,348292.7,W1-m-RES1-DF,06037272100,RES,RES1,W1,MC,RES1,m
482155,37.6157129,-120.872172,360,236843.6,W1-m-RES1-DF,06099002904,RES,RES1,W1,MC,RES1,m
482203,36.7291549,-121.6494211,360,80087.85,W1-m-RES1-DF,06053010505,RES,RES1,W1,MC,RES1,m
482260,34.1947408,-119.1897312,360,17822.88,W1-m-RES1-DF,06111008601,RES,RES1,W1,MC,RES1,m
482370,34.1620698,-118.4435826,360,116207.2,W1-m-RES1-DF,06037128703,RES,RES1,W1,MC,RES1,m
482455,34.018275,-117.9819245,360,237216.9,W1-m-RES1-DF,06037408401,RES,RES1,W1,MC,RES1,m
482777,34.0717107,-118.3967808,360,288198.4,W1-m-RES1-DF,06037700801,RES,RES1,W1,MC,RES1,m
482936,32.7968315,-117.0141373,360,464848.3,W1-m-RES1-DF,06073009802,RES,RES1,W1,MC,RES1,m
482960,36.8188106,-119.74232,360,440.0,W1-m-RES1-DF,06019005408,RES,RES1,W1,MC,RES1,m
483049,33.9644276,-118.2488118,360,95126.93,W1-m-RES1-DF,06037535101,RES,RES1,W1,MC,RES1,m
483134,39.3756995,-123.7650258,360,394186.2,W1-m-RES1-DF,06045011003,RES,RES1,W1,MC,RES1,m
483287,33.8331813,-118.2920619,360,266043.9,W1-m-RES1-DF,06037543503,RES,RES1,W1,MC,RES1,m
483424,32.747805,-117.2489105,360,49992.13,W1-m-RES1-DF,06073007502,RES,RES1,W1,MC,RES1,m
483530,36.7093302,-121.7718206,360,167070.1,W1-m-RES1-DF,06053014302,RES,RES1,W1,MC,RES1,m
483593,38.9718368,-122.67148,360,133091.9,W1-m-RES1-DF,06033000704,RES,RES1,W1,MC,RES1,m
483778,39.1514008,-121.595293,360,68622.0,W1-m-RES1-DF,06115040100,RES,RES1,W1,MC,RES1,m
484036,33.9857371,-118.3881332,360,31301.36,W1-m-RES1-DF,06037703003,RES,RES1,W1,MC,RES1,m
484111,33.8427884,-118.0282835,360,397133.3,W1-m-RES1-DF,06059110304,RES,RES1,W1,MC,RES1,m
484174,33.8276575,-118.0768179,360,119511.0,W1-m-RES1-DF,06037555211,RES,RES1,W1,MC,RES1,m
484207,37.9956181,-121.3014747,360,43751.04,W1-m-RES1-DF,06077003312,RES,RES1,W1,MC,RES1,m
484267,34.2683784,-118.8756988,360,46909.87,W1-m-RES1-DF,06111007610,RES,RES1,W1,MC,RES1,m
484285,34.5684895,-118.0627805,360,8136.06,W1-m-RES1-DF,06037910605,RES,RES1,W1,MC,RES1,m
484335,34.0254601,-117.6612142,360,174876.6,W1-m-RES1-DF,06071001703,RES,RES1,W1,MC,RES1,m
484480,34.0644824,-118.2392725,360,3675.21,W1-m-RES1-DF,06037207103,RES,RES1,W1,MC,RES1,m
484541,33.8845047,-118.3477188,360,38420.68,W1-m-RES1-DF,06037604101,RES,RES1,W1,MC,RES1,m
484638,32.5788402,-117.0440687,360,348663.0,W1-m-RES1-DF,06073010003,RES,RES1,W1,MC,RES1,m
484746,34.0606465,-117.8779405,360,428616.8,W1-m-RES1-DF,06037406300,RES,RES1,W1,MC,RES1,m
484822,34.1210001,-118.2008163,360,95741.91,W1-m-RES1-DF,06037183300,RES,RES1,W1,MC,RES1,m
484894,39.2297614,-121.0267992,360,24147.21,W1-m-RES1-DF,06057000601,RES,RES1,W1,MC,RES1,m
484935,33.5777058,-117.2475986,360,6383.82,W1-m-RES1-DF,06065049701,RES,RES1,W1,MC,RES1,m
484985,34.0699706,-117.7465394,360,239179.0,W1-m-RES1-DF,06037402602,RES,RES1,W1,MC,RES1,m
485078,38.1229629,-121.268672,360,13116.18,W1-m-RES1-DF,06077004403,RES,RES1,W1,MC,RES1,m
485198,37.0209038,-121.7807608,360,218830.7,W1-m-RES1-DF,06087122401,RES,RES1,W1,MC,RES1,m
485296,34.2412057,-116.9082131,360,131745.3,W1-m-RES1-DF,06071011205,RES,RES1,W1,MC,RES1,m
485366,34.4638784,-118.5208803,360,23202.21,W1-m-RES1-DF,06037920016,RES,RES1,W1,MC,RES1,m
485434,37.7620318,-122.1358942,360,482065.8,W1-m-RES1-DF,06001409900,RES,RES1,W1,MC,RES1,m
485520,37.9170443,-122.3059217,360,200560.1,W1-m-RES1-DF,06013387000,RES,RES1,W1,MC,RES1,m
485686,37.5583412,-122.0082979,360,115351.2,W1-m-RES1-DF,06001441702,RES,RES1,W1,MC,RES1,m
485789,32.5703465,-117.0885752,360,109950.6,W1-m-RES1-DF,06073010110,RES,RES1,W1,MC,RES1,m
485872,37.7159042,-122.1354894,360,370984.3,W1-m-RES1-DF,06001433000,RES,RES1,W1,MC,RES1,m
485943,34.0820032,-118.0143396,360,184085.4,W1-m-RES1-DF,06037432601,RES,RES1,W1,MC,RES1,m
486044,37.692345,-122.1102056,360,127437.2,W1-m-RES1-DF,06001434000,RES,RES1,W1,MC,RES1,m
486138,37.4585779,-121.9069469,360,210918.8,W1-m-RES1-DF,06085504422,RES,RES1,W1,MC,RES1,m
486262,39.8864854,-122.1205504,360,536791.1,W1-m-RES1-DF,06103001000,RES,RES1,W1,MC,RES1,m
486338,37.6186529,-122.4065562,360,145746.4,W1-m-RES1-DF,06081604103,RES,RES1,W1,MC,RES1,m
486426,33.8103706,-117.9716643,360,143166.7,W1-m-RES1-DF,06059087806,RES,RES1,W1,MC,RES1,m
486610,38.2867706,-122.4510104,360,341115.7,W1-m-RES1-DF,06097150204,RES,RES1,W1,MC,RES1,m
486687,33.0909539,-117.2637718,360,155457.4,W1-m-RES1-DF,06073020032,RES,RES1,W1,MC,RES1,m
486753,33.9818656,-117.8795993,360,264579.8,W1-m-RES1-DF,06037408705,RES,RES1,W1,MC,RES1,m
486930,35.412774,-119.3985787,360,453859.4,W1-m-RES1-DF,06029006600,RES,RES1,W1,MC,RES1,m
487066,35.0710152,-120.5519044,360,172496.0,W1-m-RES1-DF,06079012305,RES,RES1,W1,MC,RES1,m
487144,33.9921607,-118.2520958,360,51520.4,W1-m-RES1-DF,06037229100,RES,RES1,W1,MC,RES1,m
487301,33.6960986,-117.1493903,360,61110.0,W1-m-RES1-DF,06065042724,RES,RES1,W1,MC,RES1,m
487377,34.5800249,-118.1008047,360,127129.1,W1-m-RES1-DF,06037910502,RES,RES1,W1,MC,RES1,m
487550,37.5342653,-122.0273658,360,254422.2,W1-m-RES1-DF,06001444500,RES,RES1,W1,MC,RES1,m
487653,34.107365,-118.1978496,360,35638.44,W1-m-RES1-DF,06037183810,RES,RES1,W1,MC,RES1,m
487777,33.9344497,-117.470731,360,178303.9,W1-m-RES1-DF,06065041202,RES,RES1,W1,MC,RES1,m
487807,38.4662262,-121.4730627,360,436202.0,W1-m-RES1-DF,06067009601,RES,RES1,W1,MC,RES1,m
487858,38.7153397,-120.5805435,360,859436.8,W1-m-RES1-DF,06017031406,RES,RES1,W1,MC,RES1,m
487912,33.8141322,-117.910319,360,44787.84,W1-m-RES1-DF,06059087403,RES,RES1,W1,MC,RES1,m
487977,32.8156127,-117.0343361,360,377429.3,W1-m-RES1-DF,06073009805,RES,RES1,W1,MC,RES1,m
488058,33.7502798,-116.9865118,360,13215.94,W1-m-RES1-DF,06065043405,RES,RES1,W1,MC,RES1,m
488222,33.9431242,-118.1690175,360,188373.0,W1-m-RES1-DF,06037536102,RES,RES1,W1,MC,RES1,m
488334,32.6909969,-117.116542,360,37460.73,W1-m-RES1-DF,06073003601,RES,RES1,W1,MC,RES1,m
488374,33.6928501,-116.2251831,360,53478.0,W1-m-RES1-DF,06065049102,RES,RES1,W1,MC,RES1,m
488440,34.2571798,-117.168112,360,262322.8,W1-m-RES1-DF,06071010906,RES,RES1,W1,MC,RES1,m
488505,34.1093057,-118.1878599,360,64834.64,W1-m-RES1-DF,06037183701,RES,RES1,W1,MC,RES1,m
488594,37.7798582,-122.4117434,360,25300.2,W1-m-RES1-DF,06075017604,RES,RES1,W1,MC,RES1,m
488724,34.1854544,-118.3937977,360,140651.3,W1-m-RES1-DF,06037123901,RES,RES1,W1,MC,RES1,m
488924,36.5941325,-121.8548464,360,278710.8,W1-m-RES1-DF,06053013300,RES,RES1,W1,MC,RES1,m
489046,38.6646872,-121.3667921,360,126346.0,W1-m-RES1-DF,06067007424,RES,RES1,W1,MC,RES1,m
489193,33.6159751,-117.6205427,360,28517.38,W1-m-RES1-DF,06059032053,RES,RES1,W1,MC,RES1,m
489270,33.787324,-118.2581968,360,97970.71,W1-m-RES1-DF,06037294610,RES,RES1,W1,MC,RES1,m
489322,38.6976087,-121.0951988,360,750807.8,W1-m-RES1-DF,06017031700,RES,RES1,W1,MC,RES1,m
489494,35.3722473,-118.9890643,360,75566.4,W1-m-RES1-DF,06029001500,RES,RES1,W1,MC,RES1,m
489550,38.6952077,-121.3150241,360,314241.0,W1-m-RES1-DF,06067008132,RES,RES1,W1,MC,RES1,m
489621,32.9525167,-117.0873619,360,23961.09,W1-m-RES1-DF,06073017039,RES,RES1,W1,MC,RES1,m
489728,33.7483581,-116.4428899,360,262308.3,W1-m-RES1-DF,06065045103,RES,RES1,W1,MC,RES1,m
489843,38.017656,-122.5616702,360,1006316.0,W1-m-RES1-DF,06041108100,RES,RES1,W1,MC,RES1,m
489956,33.7572599,-117.8707228,360,12283.85,W1-m-RES1-DF,06059075003,RES,RES1,W1,MC,RES1,m
490100,37.2808226,-121.9867096,360,879233.4,W1-m-RES1-DF,06085506604,RES,RES1,W1,MC,RES1,m
490193,34.0674315,-118.1708887,360,168491.6,W1-m-RES1-DF,06037201700,RES,RES1,W1,MC,RES1,m
490268,34.1666099,-118.4008675,360,46737.84,W1-m-RES1-DF,06037124903,RES,RES1,W1,MC,RES1,m
490350,34.462063,-118.3958221,360,210602.5,W1-m-RES1-DF,06037910808,RES,RES1,W1,MC,RES1,m
490443,39.7670538,-121.8375523,360,333896.3,W1-m-RES1-DF,06007000104,RES,RES1,W1,MC,RES1,m
490514,37.6572141,-122.4228916,360,79907.55,W1-m-RES1-DF,06081602201,RES,RES1,W1,MC,RES1,m
490600,33.9060338,-118.1262841,360,263131.0,W1-m-RES1-DF,06037553201,RES,RES1,W1,MC,RES1,m
490673,39.5096525,-122.0261595,360,135698.5,W1-m-RES1-DF,06021010502,RES,RES1,W1,MC,RES1,m
490727,33.9220397,-117.2272172,360,46313.64,W1-m-RES1-DF,06065042521,RES,RES1,W1,MC,RES1,m
490811,33.9078481,-118.2119135,360,84010.25,W1-m-RES1-DF,06037541604,RES,RES1,W1,MC,RES1,m
490890,34.0781666,-118.3573276,360,711.0,W1-m-RES1-DF,06037214400,RES,RES1,W1,MC,RES1,m
490946,37.39557,-121.9540658,360,64757.88,W1-m-RES1-DF,06085504902,RES,RES1,W1,MC,RES1,m
491027,34.3743695,-117.4075488,360,28518.15,W1-m-RES1-DF,06071010034,RES,RES1,W1,MC,RES1,m
491074,33.7510081,-116.9112184,360,89752.97,W1-m-RES1-DF,06065043702,RES,RES1,W1,MC,RES1,m
491128,37.8120305,-122.2824576,360,30098.75,W1-m-RES1-DF,06001402400,RES,RES1,W1,MC,RES1,m
491251,37.7642568,-122.4597429,360,167199.5,W1-m-RES1-DF,06075030101,RES,RES1,W1,MC,RES1,m
491417,34.9553678,-119.1714843,360,139496.2,W1-m-RES1-DF,06029003307,RES,RES1,W1,MC,RES1,m
491520,38.0381229,-121.6299682,360,375433.6,W1-m-RES1-DF,06013301000,RES,RES1,W1,MC,RES1,m
491643,34.1284775,-117.3641065,360,189266.2,W1-m-RES1-DF,06071003801,RES,RES1,W1,MC,RES1,m
491697,37.7880811,-122.2169865,360,148606.9,W1-m-RES1-DF,06001406500,RES,RES1,W1,MC,RES1,m
491836,37.7851587,-122.461815,360,208641.5,W1-m-RES1-DF,06075040100,RES,RES1,W1,MC,RES1,m
491990,34.0133521,-118.4729854,360,235181.3,W1-m-RES1-DF,06037702201,RES,RES1,W1,MC,RES1,m
492045,33.1461195,-117.0530787,360,144818.3,W1-m-RES1-DF,06073020208,RES,RES1,W1,MC,RES1,m
492125,34.142551,-117.2350746,360,283121.3,W1-m-RES1-DF,06071007412,RES,RES1,W1,MC,RES1,m
492159,37.2944788,-121.8154729,360,143541.4,W1-m-RES1-DF,06085503207,RES,RES1,W1,MC,RES1,m
492221,36.7832086,-119.7634014,360,179903.0,W1-m-RES1-DF,06019005203,RES,RES1,W1,MC,RES1,m
492302,37.6727215,-120.9666773,360,251993.0,W1-m-RES1-DF,06099000910,RES,RES1,W1,MC,RES1,m
492352,33.9048342,-117.5896725,360,91740.66,W1-m-RES1-DF,06065040807,RES,RES1,W1,MC,RES1,m
492435,37.3490022,-121.9872253,360,233943.0,W1-m-RES1-DF,06085505401,RES,RES1,W1,MC,RES1,m
492535,34.054212,-118.3622486,360,67973.18,W1-m-RES1-DF,06037216902,RES,RES1,W1,MC,RES1,m
492590,37.6170322,-121.0172914,360,132405.0,W1-m-RES1-DF,06099001604,RES,RES1,W1,MC,RES1,m
492744,37.0237023,-121.9240391,360,361738.3,W1-m-RES1-DF,06087122001,RES,RES1,W1,MC,RES1,m
492815,34.1527171,-118.5455833,360,812454.5,W1-m-RES1-DF,06037139801,RES,RES1,W1,MC,RES1,m
492846,33.6509015,-117.9924346,360,3518.04,W1-m-RES1-DF,06059099307,RES,RES1,W1,MC,RES1,m
492918,34.2242425,-118.5666812,360,162729.0,W1-m-RES1-DF,06037113423,RES,RES1,W1,MC,RES1,m
493002,37.6858755,-122.4646175,360,49420.8,W1-m-RES1-DF,06081601302,RES,RES1,W1,MC,RES1,m
493088,37.7833847,-122.4754789,360,189489.0,W1-m-RES1-DF,06075042602,RES,RES1,W1,MC,RES1,m
493231,32.7214504,-117.1629514,360,51792.55,W1-m-RES1-DF,06073005601,RES,RES1,W1,MC,RES1,m
493311,38.6875399,-121.1856973,360,629499.0,W1-m-RES1-DF,06067008209,RES,RES1,W1,MC,RES1,m
493398,33.938319,-117.8887853,360,267720.2,W1-m-RES1-DF,06059001506,RES,RES1,W1,MC,RES1,m
493453,33.8794719,-117.7667185,360,10021.34,W1-m-RES1-DF,06059021830,RES,RES1,W1,MC,RES1,m
493516,33.9275095,-118.204389,360,57883.5,W1-m-RES1-DF,06037540203,RES,RES1,W1,MC,RES1,m
493677,32.7846744,-117.1060347,360,10754.24,W1-m-RES1-DF,06073009603,RES,RES1,W1,MC,RES1,m
493717,32.8559001,-117.000469,360,136791.4,W1-m-RES1-DF,06073016620,RES,RES1,W1,MC,RES1,m
493755,41.3009238,-122.3211519,360,219564.3,W1-m-RES1-DF,06093001002,RES,RES1,W1,MC,RES1,m
493805,40.3417933,-122.2430974,360,439349.7,W1-m-RES1-DF,06103000201,RES,RES1,W1,MC,RES1,m
493883,36.4212709,-119.3522578,360,238736.0,W1-m-RES1-DF,06107000902,RES,RES1,W1,MC,RES1,m
493967,37.2236134,-120.2247446,360,155425.1,W1-m-RES1-DF,06047001902,RES,RES1,W1,MC,RES1,m
493998,33.6430873,-117.2478194,360,20085.63,W1-m-RES1-DF,06065043274,RES,RES1,W1,MC,RES1,m
494034,38.610441,-121.4899969,360,96231.96,W1-m-RES1-DF,06067007024,RES,RES1,W1,MC,RES1,m
494129,32.7364188,-117.1737119,360,99040.37,W1-m-RES1-DF,06073006100,RES,RES1,W1,MC,RES1,m
494169,38.401312,-121.4368424,360,417675.0,W1-m-RES1-DF,06067009648,RES,RES1,W1,MC,RES1,m
494198,32.5854741,-117.1255467,360,94387.56,W1-m-RES1-DF,06073010501,RES,RES1,W1,MC,RES1,m
494252,35.4328712,-119.0289016,360,131769.2,W1-m-RES1-DF,06029000105,RES,RES1,W1,MC,RES1,m
494311,37.7172764,-122.0819576,360,549245.8,W1-m-RES1-DF,06001430300,RES,RES1,W1,MC,RES1,m
494403,33.9497147,-118.3335012,360,252818.0,W1-m-RES1-DF,06037600702,RES,RES1,W1,MC,RES1,m
494479,37.93548,-121.7305687,360,99271.05,W1-m-RES1-DF,06013303208,RES,RES1,W1,MC,RES1,m
494501,37.7287884,-122.4223771,360,371606.8,W1-m-RES1-DF,06075025600,RES,RES1,W1,MC,RES1,m
494566,38.5983186,-121.2967505,360,310959.0,W1-m-RES1-DF,06067008905,RES,RES1,W1,MC,RES1,m
494613,34.1426733,-117.2668225,360,206439.9,W1-m-RES1-DF,06071006201,RES,RES1,W1,MC,RES1,m
494659,34.0156541,-117.0618561,360,124689.2,W1-m-RES1-DF,06071008714,RES,RES1,W1,MC,RES1,m
494782,34.6932983,-120.3378498,360,432689.3,W1-m-RES1-DF,06083002809,RES,RES1,W1,MC,RES1,m
494838,33.9260714,-117.1876334,360,20964.52,W1-m-RES1-DF,06065042622,RES,RES1,W1,MC,RES1,m
494873,33.263126,-117.3036078,360,134967.6,W1-m-RES1-DF,06073018617,RES,RES1,W1,MC,RES1,m
494934,40.1660053,-122.24581,360,212405.9,W1-m-RES1-DF,06103000701,RES,RES1,W1,MC,RES1,m
494992,37.55112,-122.2576522,360,191902.8,W1-m-RES1-DF,06081608001,RES,RES1,W1,MC,RES1,m
495088,33.7587899,-117.8143983,360,467917.8,W1-m-RES1-DF,06059075702,RES,RES1,W1,MC,RES1,m
495158,34.0961677,-118.1316021,360,60850.02,W1-m-RES1-DF,06037480304,RES,RES1,W1,MC,RES1,m
495311,34.3330475,-119.0525115,360,68917.5,W1-m-RES1-DF,06111000500,RES,RES1,W1,MC,RES1,m
495446,33.8857499,-117.5057517,360,89785.19,W1-m-RES1-DF,06065041412,RES,RES1,W1,MC,RES1,m
495511,33.7507402,-117.5089067,360,222299.3,W1-m-RES1-DF,06065041915,RES,RES1,W1,MC,RES1,m
495630,33.962383,-118.357722,360,35701.86,W1-m-RES1-DF,06037601211,RES,RES1,W1,MC,RES1,m
495704,33.5081066,-117.105457,360,6988.19,W1-m-RES1-DF,06065043262,RES,RES1,W1,MC,RES1,m
495717,38.7531796,-123.4845088,360,70799.58,W1-m-RES1-DF,06097154308,RES,RES1,W1,MC,RES1,m
495742,33.9886235,-118.0702221,360,131638.3,W1-m-RES1-DF,06037501001,RES,RES1,W1,MC,RES1,m
495967,37.3800505,-122.0006021,360,137519.9,W1-m-RES1-DF,06085508708,RES,RES1,W1,MC,RES1,m
496026,34.6825868,-117.7517043,360,70000.29,W1-m-RES1-DF,06037900102,RES,RES1,W1,MC,RES1,m
496063,33.9055479,-118.3373323,360,21393.6,W1-m-RES1-DF,06037602504,RES,RES1,W1,MC,RES1,m
496239,38.6530361,-121.1797987,360,695844.0,W1-m-RES1-DF,06067008504,RES,RES1,W1,MC,RES1,m
496366,37.8593612,-122.268048,360,94191.85,W1-m-RES1-DF,06001423500,RES,RES1,W1,MC,RES1,m
496505,33.443162,-117.3143111,360,303512.4,W1-m-RES1-DF,06073019001,RES,RES1,W1,MC,RES1,m
496769,33.8561655,-117.8519526,360,2701.9,W1-m-RES1-DF,06059011714,RES,RES1,W1,MC,RES1,m
496872,37.9747159,-121.2928911,360,25827.04,W1-m-RES1-DF,06077001300,RES,RES1,W1,MC,RES1,m
496965,33.7516671,-118.0200958,360,276091.8,W1-m-RES1-DF,06059099602,RES,RES1,W1,MC,RES1,m
497108,37.4057029,-122.161914,360,187659.5,W1-m-RES1-DF,06085511705,RES,RES1,W1,MC,RES1,m
497212,34.1017341,-118.4698062,360,1024801.0,W1-m-RES1-DF,06037262200,RES,RES1,W1,MC,RES1,m
497277,34.1609658,-118.6976455,360,189995.4,W1-m-RES1-DF,06037800205,RES,RES1,W1,MC,RES1,m
497328,34.3121073,-118.5243083,360,300768.5,W1-m-RES1-DF,06037106603,RES,RES1,W1,MC,RES1,m
497493,37.6871184,-122.0834504,360,332294.8,W1-m-RES1-DF,06001431200,RES,RES1,W1,MC,RES1,m
497568,36.6847537,-119.5374742,360,89628.0,W1-m-RES1-DF,06019006201,RES,RES1,W1,MC,RES1,m
497603,34.151764,-119.1735123,360,8091.72,W1-m-RES1-DF,06111004503,RES,RES1,W1,MC,RES1,m
497763,33.1781569,-117.1972425,360,203689.8,W1-m-RES1-DF,06073019903,RES,RES1,W1,MC,RES1,m
497897,37.9992449,-122.0795275,360,162701.9,W1-m-RES1-DF,06013320004,RES,RES1,W1,MC,RES1,m
497970,34.1351634,-118.3441134,360,215531.4,W1-m-RES1-DF,06037189704,RES,RES1,W1,MC,RES1,m
498051,32.7139897,-117.0939554,360,75381.63,W1-m-RES1-DF,06073003404,RES,RES1,W1,MC,RES1,m
498088,34.2391372,-118.4621301,360,215269.4,W1-m-RES1-DF,06037117101,RES,RES1,W1,MC,RES1,m
498179,36.3199536,-119.2871729,360,252987.0,W1-m-RES1-DF,06107001701,RES,RES1,W1,MC,RES1,m
498300,33.9303688,-117.4058257,360,80854.02,W1-m-RES1-DF,06065031300,RES,RES1,W1,MC,RES1,m
498379,35.3939667,-118.9781966,360,58607.4,W1-m-RES1-DF,06029001402,RES,RES1,W1,MC,RES1,m
498457,34.0409045,-118.0939467,360,255459.8,W1-m-RES1-DF,06037482522,RES,RES1,W1,MC,RES1,m
498505,32.9310677,-117.213149,360,63061.25,W1-m-RES1-DF,06073008374,RES,RES1,W1,MC,RES1,m
498535,38.1046332,-122.192134,360,34700.88,W1-m-RES1-DF,06095252103,RES,RES1,W1,MC,RES1,m
498591,34.1964858,-118.5762862,360,232143.0,W1-m-RES1-DF,06037134801,RES,RES1,W1,MC,RES1,m
498651,33.9767969,-118.0718786,360,351253.0,W1-m-RES1-DF,06037502200,RES,RES1,W1,MC,RES1,m
498721,37.4457468,-122.1325243,360,1032752.0,W1-m-RES1-DF,06085511100,RES,RES1,W1,MC,RES1,m
498795,34.0929287,-118.304794,360,16096.92,W1-m-RES1-DF,06037191120,RES,RES1,W1,MC,RES1,m
498910,33.9856234,-118.2913772,360,37335.54,W1-m-RES1-DF,06037237101,RES,RES1,W1,MC,RES1,m
498955,32.8220879,-116.9554478,360,154500.8,W1-m-RES1-DF,06073016503,RES,RES1,W1,MC,RES1,m
499015,34.97297,-120.4307367,360,142968.0,W1-m-RES1-DF,06083002209,RES,RES1,W1,MC,RES1,m
499098,33.9886544,-117.9633888,360,434320.0,W1-m-RES1-DF,06037408625,RES,RES1,W1,MC,RES1,m
499161,34.4610778,-117.2985044,360,65063.44,W1-m-RES1-DF,06071010011,RES,RES1,W1,MC,RES1,m
499217,37.7133984,-122.4671038,360,413224.4,W1-m-RES1-DF,06075031302,RES,RES1,W1,MC,RES1,m
499277,39.2923343,-121.3205968,360,366202.3,W1-m-RES1-DF,06115041002,RES,RES1,W1,MC,RES1,m
499357,34.0406213,-118.2767182,360,13801.11,W1-m-RES1-DF,06037224200,RES,RES1,W1,MC,RES1,m
499447,34.1546507,-118.4021645,360,152781.6,W1-m-RES1-DF,06037143402,RES,RES1,W1,MC,RES1,m
499488,33.7749302,-116.9288156,360,36888.5,W1-m-RES1-DF,06065043513,RES,RES1,W1,MC,RES1,m
499520,33.8050597,-116.4624115,360,10412.09,W1-m-RES1-DF,06065044934,RES,RES1,W1,MC,RES1,m
499615,37.8041434,-121.2222157,360,151306.7,W1-m-RES1-DF,06077005108,RES,RES1,W1,MC,RES1,m
499701,33.9247081,-118.2193041,360,131541.4,W1-m-RES1-DF,06037540501,RES,RES1,W1,MC,RES1,m
499753,38.3360221,-121.4080964,360,260780.3,W1-m-RES1-DF,06067009653,RES,RES1,W1,MC,RES1,m
499827,34.0992506,-118.2836893,360,60542.4,W1-m-RES1-DF,06037195300,RES,RES1,W1,MC,RES1,m
499912,34.2731497,-118.3985699,360,118885.4,W1-m-RES1-DF,06037104108,RES,RES1,W1,MC,RES1,m
500061,33.6779027,-117.9136299,360,245300.6,W1-m-RES1-DF,06059063902,RES,RES1,W1,MC,RES1,m
500120,33.1501423,-117.0867344,360,140382.2,W1-m-RES1-DF,06073020106,RES,RES1,W1,MC,RES1,m
500165,34.1429422,-117.5100475,360,19319.14,W1-m-RES1-DF,06071002041,RES,RES1,W1,MC,RES1,m
500241,34.1413741,-118.1123757,360,437984.8,W1-m-RES1-DF,06037463400,RES,RES1,W1,MC,RES1,m
500330,33.8567331,-117.9588441,360,164815.6,W1-m-RES1-DF,06059001903,RES,RES1,W1,MC,RES1,m
500412,37.8657427,-122.2678632,360,1672.99,W1-m-RES1-DF,06001422901,RES,RES1,W1,MC,RES1,m
500462,32.5673173,-117.097017,360,230273.2,W1-m-RES1-DF,06073010104,RES,RES1,W1,MC,RES1,m
500496,37.4010219,-122.02654,360,71640.0,W1-m-RES1-DF,06085504808,RES,RES1,W1,MC,RES1,m
500544,34.1965191,-117.3395821,360,4792.03,W1-m-RES1-DF,06071004512,RES,RES1,W1,MC,RES1,m
500610,40.4092192,-122.3407929,360,338818.6,W1-m-RES1-DF,06089012303,RES,RES1,W1,MC,RES1,m
500638,34.0719026,-118.1255941,360,77630.4,W1-m-RES1-DF,06037481605,RES,RES1,W1,MC,RES1,m
500712,37.5868721,-122.0766157,360,270246.0,W1-m-RES1-DF,06001440304,RES,RES1,W1,MC,RES1,m
500863,36.2047334,-117.1188147,360,157605.2,W1-m-RES1-DF,06027000800,RES,RES1,W1,MC,RES1,m
500966,34.277179,-118.752394,360,570032.0,W1-m-RES1-DF,06111007904,RES,RES1,W1,MC,RES1,m
501005,33.7488598,-116.382169,360,14826.92,W1-m-RES1-DF,06065044929,RES,RES1,W1,MC,RES1,m
501059,34.1559853,-118.3878138,360,107496.1,W1-m-RES1-DF,06037143301,RES,RES1,W1,MC,RES1,m
501147,34.4024532,-119.049055,360,223217.7,W1-m-RES1-DF,06111000400,RES,RES1,W1,MC,RES1,m
501309,37.6930411,-121.8924273,360,207481.0,W1-m-RES1-DF,06001450743,RES,RES1,W1,MC,RES1,m
501383,36.7733872,-119.916272,360,266098.0,W1-m-RES1-DF,06019003812,RES,RES1,W1,MC,RES1,m
501436,33.7480876,-118.2927139,360,85140.81,W1-m-RES1-DF,06037296500,RES,RES1,W1,MC,RES1,m
501526,32.92557,-118.4972902,360,8767.85,W1-m-RES1-DF,06037599100,RES,RES1,W1,MC,RES1,m
501682,39.6982267,-121.8142534,360,100573.4,W1-m-RES1-DF,06007001200,RES,RES1,W1,MC,RES1,m
501752,37.2809026,-120.4968331,360,154782.0,W1-m-RES1-DF,06047001603,RES,RES1,W1,MC,RES1,m
501810,36.0596793,-119.0321154,360,183717.0,W1-m-RES1-DF,06107004103,RES,RES1,W1,MC,RES1,m
501977,37.5345806,-121.942108,360,1029654.0,W1-m-RES1-DF,06001442200,RES,RES1,W1,MC,RES1,m
502066,33.7074307,-116.2405275,360,53062.7,W1-m-RES1-DF,06065045207,RES,RES1,W1,MC,RES1,m
502106,32.8456215,-117.0043675,360,159948.0,W1-m-RES1-DF,06073016613,RES,RES1,W1,MC,RES1,m
502133,38.5851649,-121.4060948,360,6916.0,W1-m-RES1-DF,06067005510,RES,RES1,W1,MC,RES1,m
502234,38.4728809,-121.3529406,360,603292.0,W1-m-RES1-DF,06067009311,RES,RES1,W1,MC,RES1,m
502353,36.8301053,-119.7902583,360,220681.0,W1-m-RES1-DF,06019004504,RES,RES1,W1,MC,RES1,m
502433,33.9200981,-118.2555478,360,308731.5,W1-m-RES1-DF,06037540800,RES,RES1,W1,MC,RES1,m
502488,38.1357308,-122.2650034,360,300125.3,W1-m-RES1-DF,06095251803,RES,RES1,W1,MC,RES1,m
502595,35.3185488,-120.8212247,360,72539.28,W1-m-RES1-DF,06079010703,RES,RES1,W1,MC,RES1,m
502700,34.2347553,-119.0886098,360,433034.3,W1-m-RES1-DF,06111005205,RES,RES1,W1,MC,RES1,m
502758,38.9178575,-120.1161457,360,253559.7,W1-m-RES1-DF,06017032002,RES,RES1,W1,MC,RES1,m
502866,33.6794371,-117.9842902,360,230076.8,W1-m-RES1-DF,06059099245,RES,RES1,W1,MC,RES1,m
503026,34.1487588,-118.148119,360,16996.98,W1-m-RES1-DF,06037461902,RES,RES1,W1,MC,RES1,m
503113,33.8258098,-118.0571887,360,454322.7,W1-m-RES1-DF,06059110117,RES,RES1,W1,MC,RES1,m
503178,33.7993147,-118.0196525,360,403170.3,W1-m-RES1-DF,06059110011,RES,RES1,W1,MC,RES1,m
503216,34.176253,-118.6340417,360,456340.3,W1-m-RES1-DF,06037137301,RES,RES1,W1,MC,RES1,m
503269,34.2441108,-118.5382749,360,161828.5,W1-m-RES1-DF,06037115204,RES,RES1,W1,MC,RES1,m
503336,38.0139154,-121.8993653,360,264139.2,W1-m-RES1-DF,06013313206,RES,RES1,W1,MC,RES1,m
503526,37.4299081,-122.1475911,360,365768.2,W1-m-RES1-DF,06085511501,RES,RES1,W1,MC,RES1,m
503679,38.3433806,-122.7067066,360,166438.5,W1-m-RES1-DF,06097151305,RES,RES1,W1,MC,RES1,m
503835,33.7633574,-117.9289907,360,109205.4,W1-m-RES1-DF,06059089003,RES,RES1,W1,MC,RES1,m
503955,39.6052917,-122.501299,360,186968.8,W1-m-RES1-DF,06021010300,RES,RES1,W1,MC,RES1,m
504016,36.7023913,-121.6435842,360,349992.0,W1-m-RES1-DF,06053000200,RES,RES1,W1,MC,RES1,m
504081,34.1200812,-118.3211428,360,435042.1,W1-m-RES1-DF,06037189400,RES,RES1,W1,MC,RES1,m
504193,33.9061473,-117.7927162,360,605409.5,W1-m-RES1-DF,06059021822,RES,RES1,W1,MC,RES1,m
504220,38.0361301,-121.3040245,360,327078.0,W1-m-RES1-DF,06077003403,RES,RES1,W1,MC,RES1,m
504310,34.6246014,-120.1375946,360,125222.7,W1-m-RES1-DF,06083001909,RES,RES1,W1,MC,RES1,m
504432,33.3720349,-117.2432655,360,109121.8,W1-m-RES1-DF,06073018905,RES,RES1,W1,MC,RES1,m
504494,33.1965648,-117.2759939,360,34261.4,W1-m-RES1-DF,06073019405,RES,RES1,W1,MC,RES1,m
504531,33.9002308,-117.9684399,360,78818.29,W1-m-RES1-DF,06059001710,RES,RES1,W1,MC,RES1,m
504619,35.7436341,-119.2324678,360,28444.5,W1-m-RES1-DF,06029005003,RES,RES1,W1,MC,RES1,m
504706,38.4669793,-122.9238834,360,223115.2,W1-m-RES1-DF,06097153711,RES,RES1,W1,MC,RES1,m
504768,34.1341118,-118.1745514,360,809940.6,W1-m-RES1-DF,06037463800,RES,RES1,W1,MC,RES1,m
504839,33.7913351,-118.1378252,360,131936.8,W1-m-RES1-DF,06037574902,RES,RES1,W1,MC,RES1,m
504901,34.0067851,-118.3258096,360,40327.0,W1-m-RES1-DF,06037234302,RES,RES1,W1,MC,RES1,m
504968,34.1258178,-117.4457357,360,172695.8,W1-m-RES1-DF,06071002308,RES,RES1,W1,MC,RES1,m
505002,34.0922029,-118.2226256,360,53053.11,W1-m-RES1-DF,06037185310,RES,RES1,W1,MC,RES1,m
505162,33.9201935,-118.418063,360,178542.1,W1-m-RES1-DF,06037620102,RES,RES1,W1,MC,RES1,m
505295,34.4445396,-119.7291591,360,761735.1,W1-m-RES1-DF,06083000502,RES,RES1,W1,MC,RES1,m
505448,32.788404,-117.1558899,360,229419.5,W1-m-RES1-DF,06073008702,RES,RES1,W1,MC,RES1,m
505519,33.9925311,-118.2608177,360,47494.34,W1-m-RES1-DF,06037229420,RES,RES1,W1,MC,RES1,m
505553,32.732371,-117.2356355,360,493816.8,W1-m-RES1-DF,06073007002,RES,RES1,W1,MC,RES1,m
505605,37.3488536,-121.762946,360,243560.5,W1-m-RES1-DF,06085503312,RES,RES1,W1,MC,RES1,m
505674,34.9008787,-120.4278038,360,224565.4,W1-m-RES1-DF,06083002015,RES,RES1,W1,MC,RES1,m
505707,32.5709253,-117.0522684,360,192912.7,W1-m-RES1-DF,06073010004,RES,RES1,W1,MC,RES1,m
505841,34.13755,-117.9755734,360,192252.6,W1-m-RES1-DF,06037430101,RES,RES1,W1,MC,RES1,m
505920,33.9400113,-118.3504318,360,47783.17,W1-m-RES1-DF,06037601802,RES,RES1,W1,MC,RES1,m
505967,33.906948,-117.9854852,360,73029.04,W1-m-RES1-DF,06037503704,RES,RES1,W1,MC,RES1,m
506034,38.617466,-121.5075882,360,255212.0,W1-m-RES1-DF,06067007011,RES,RES1,W1,MC,RES1,m
506100,37.3465424,-122.0718652,360,672507.5,W1-m-RES1-DF,06085510002,RES,RES1,W1,MC,RES1,m
506206,35.6687224,-118.7867423,360,212545.4,W1-m-RES1-DF,06029005208,RES,RES1,W1,MC,RES1,m
506276,34.118524,-117.2367327,360,30943.04,W1-m-RES1-DF,06071007605,RES,RES1,W1,MC,RES1,m
506340,34.0285558,-118.2030003,360,52507.07,W1-m-RES1-DF,06037204810,RES,RES1,W1,MC,RES1,m
506477,38.2708019,-122.7529532,360,672522.3,W1-m-RES1-DF,06097151100,RES,RES1,W1,MC,RES1,m
506547,34.1835533,-118.4355767,360,98728.23,W1-m-RES1-DF,06037128220,RES,RES1,W1,MC,RES1,m
506653,33.7083526,-117.9847336,360,180389.9,W1-m-RES1-DF,06059099212,RES,RES1,W1,MC,RES1,m
506743,37.685664,-121.0220677,360,265794.0,W1-m-RES1-DF,06099000806,RES,RES1,W1,MC,RES1,m
506829,33.7630731,-116.9741422,360,11890.9,W1-m-RES1-DF,06065043521,RES,RES1,W1,MC,RES1,m
506996,36.6126752,-121.8991991,360,75846.2,W1-m-RES1-DF,06053012504,RES,RES1,W1,MC,RES1,m
507086,33.8179964,-118.2094625,360,167634.4,W1-m-RES1-DF,06037577700,RES,RES1,W1,MC,RES1,m
507155,37.7351925,-122.4017617,360,317737.9,W1-m-RES1-DF,06075023001,RES,RES1,W1,MC,RES1,m
507199,34.0017243,-118.2978735,360,80154.2,W1-m-RES1-DF,06037232200,RES,RES1,W1,MC,RES1,m
507275,34.100603,-118.3515882,360,69442.22,W1-m-RES1-DF,06037189905,RES,RES1,W1,MC,RES1,m
507355,33.7926172,-118.3043149,360,66032.46,W1-m-RES1-DF,06037293304,RES,RES1,W1,MC,RES1,m
507448,36.3540361,-119.2922928,360,182605.0,W1-m-RES1-DF,06107001009,RES,RES1,W1,MC,RES1,m
507549,34.1090483,-118.2514556,360,117176.5,W1-m-RES1-DF,06037187102,RES,RES1,W1,MC,RES1,m
507611,35.3762422,-119.1367321,360,14412.93,W1-m-RES1-DF,06029003810,RES,RES1,W1,MC,RES1,m
507677,37.0058016,-120.0667673,360,400488.6,W1-m-RES1-DF,06039000515,RES,RES1,W1,MC,RES1,m
507729,38.0117032,-121.9521066,360,55813.08,W1-m-RES1-DF,06013355201,RES,RES1,W1,MC,RES1,m
507806,33.7653336,-116.3648177,360,41832.48,W1-m-RES1-DF,06065044919,RES,RES1,W1,MC,RES1,m
507896,38.8903019,-121.303039,360,330947.0,W1-m-RES1-DF,06061021403,RES,RES1,W1,MC,RES1,m
508026,33.8319302,-118.1774538,360,488468.0,W1-m-RES1-DF,06037571900,RES,RES1,W1,MC,RES1,m
508107,32.7524807,-117.1124957,360,24038.46,W1-m-RES1-DF,06073002201,RES,RES1,W1,MC,RES1,m
508161,34.0821843,-118.1127589,360,336909.9,W1-m-RES1-DF,06037481500,RES,RES1,W1,MC,RES1,m
508239,34.0260758,-117.736193,360,168948.4,W1-m-RES1-DF,06037402904,RES,RES1,W1,MC,RES1,m
508265,36.6063927,-119.4445319,360,99578.0,W1-m-RES1-DF,06019006605,RES,RES1,W1,MC,RES1,m
508326,34.1261899,-118.0762456,360,190039.1,W1-m-RES1-DF,06037480011,RES,RES1,W1,MC,RES1,m
508377,36.6846397,-121.6108778,360,46424.06,W1-m-RES1-DF,06053000702,RES,RES1,W1,MC,RES1,m
508457,34.0085366,-117.6546811,360,149497.4,W1-m-RES1-DF,06071001911,RES,RES1,W1,MC,RES1,m
508470,34.0619781,-118.2658491,360,2887.53,W1-m-RES1-DF,06037208301,RES,RES1,W1,MC,RES1,m
508517,33.9390066,-118.2314369,360,76902.94,W1-m-RES1-DF,06037243002,RES,RES1,W1,MC,RES1,m
508586,36.3058649,-119.6730487,360,429453.1,W1-m-RES1-DF,06031001003,RES,RES1,W1,MC,RES1,m
508681,33.8257908,-118.3159443,360,157629.4,W1-m-RES1-DF,06037650903,RES,RES1,W1,MC,RES1,m
508765,33.8729673,-118.1469095,360,30471.66,W1-m-RES1-DF,06037554302,RES,RES1,W1,MC,RES1,m
508849,33.9852423,-118.3463239,360,406070.0,W1-m-RES1-DF,06037235100,RES,RES1,W1,MC,RES1,m
508906,36.9708557,-122.064109,360,308238.9,W1-m-RES1-DF,06087100500,RES,RES1,W1,MC,RES1,m
508957,33.9278407,-117.3222401,360,54543.12,W1-m-RES1-DF,06065042217,RES,RES1,W1,MC,RES1,m
509021,37.9815035,-122.5305031,360,394072.8,W1-m-RES1-DF,06041109001,RES,RES1,W1,MC,RES1,m
509082,33.7757438,-118.1050845,360,273938.9,W1-m-RES1-DF,06037574602,RES,RES1,W1,MC,RES1,m
509168,39.2708296,-120.1308716,360,1293744.0,W1-m-RES1-DF,06061022011,RES,RES1,W1,MC,RES1,m
509293,36.7466245,-119.7998119,360,99998.0,W1-m-RES1-DF,06019000601,RES,RES1,W1,MC,RES1,m
509384,34.0710196,-118.155045,360,444592.2,W1-m-RES1-DF,06037481901,RES,RES1,W1,MC,RES1,m
509428,32.7163432,-117.0381875,360,139726.2,W1-m-RES1-DF,06073014102,RES,RES1,W1,MC,RES1,m
509472,38.2485983,-122.0272236,360,30113.82,W1-m-RES1-DF,06095252703,RES,RES1,W1,MC,RES1,m
509494,33.6841707,-117.3879128,360,51384.1,W1-m-RES1-DF,06065043010,RES,RES1,W1,MC,RES1,m
509580,38.6652577,-121.3188938,360,168864.0,W1-m-RES1-DF,06067008117,RES,RES1,W1,MC,RES1,m
509638,37.4241825,-120.7799026,360,329504.0,W1-m-RES1-DF,06047000204,RES,RES1,W1,MC,RES1,m
509716,36.6034617,-121.9272234,360,259491.3,W1-m-RES1-DF,06053012000,RES,RES1,W1,MC,RES1,m
509776,33.8508928,-117.2731862,360,55289.32,W1-m-RES1-DF,06065042010,RES,RES1,W1,MC,RES1,m
509848,38.9411188,-119.9928645,360,317595.0,W1-m-RES1-DF,06017030302,RES,RES1,W1,MC,RES1,m
509932,39.1071229,-121.6248057,360,395073.0,W1-m-RES1-DF,06101050401,RES,RES1,W1,MC,RES1,m
510002,38.0297566,-120.429401,360,196747.2,W1-m-RES1-DF,06109002101,RES,RES1,W1,MC,RES1,m
510111,34.3830811,-118.5148939,360,120609.9,W1-m-RES1-DF,06037920332,RES,RES1,W1,MC,RES1,m
510181,36.8433241,-121.3793238,360,53994.36,W1-m-RES1-DF,06069000501,RES,RES1,W1,MC,RES1,m
510239,37.6178932,-120.9678939,360,353208.0,W1-m-RES1-DF,06099002702,RES,RES1,W1,MC,RES1,m
510297,35.4390643,-118.8225658,360,139723.9,W1-m-RES1-DF,06029005104,RES,RES1,W1,MC,RES1,m
510406,34.0962277,-118.2884036,360,12326.43,W1-m-RES1-DF,06037191302,RES,RES1,W1,MC,RES1,m
510509,33.8231858,-116.5194219,360,167284.9,W1-m-RES1-DF,06065044701,RES,RES1,W1,MC,RES1,m
510646,37.6733478,-121.7369681,360,418176.4,W1-m-RES1-DF,06001451501,RES,RES1,W1,MC,RES1,m
510711,34.1276376,-118.2463924,360,84028.49,W1-m-RES1-DF,06037302506,RES,RES1,W1,MC,RES1,m
510785,38.0093048,-121.3621535,360,309733.0,W1-m-RES1-DF,06077003108,RES,RES1,W1,MC,RES1,m
510821,34.0561038,-118.2981624,360,6690.4,W1-m-RES1-DF,06037212305,RES,RES1,W1,MC,RES1,m
510944,33.5382812,-117.7080964,360,105269.3,W1-m-RES1-DF,06059042319,RES,RES1,W1,MC,RES1,m
511008,37.655131,-122.0456272,360,213768.2,W1-m-RES1-DF,06001435102,RES,RES1,W1,MC,RES1,m
511169,39.5134541,-122.1956296,360,279832.6,W1-m-RES1-DF,06021010402,RES,RES1,W1,MC,RES1,m
511294,34.0453339,-118.4691329,360,109792.6,W1-m-RES1-DF,06037264306,RES,RES1,W1,MC,RES1,m
511720,37.9521279,-121.5995247,360,66198.34,W1-m-RES1-DF,06013304006,RES,RES1,W1,MC,RES1,m
511794,37.3361551,-120.554154,360,456973.1,W1-m-RES1-DF,06047000904,RES,RES1,W1,MC,RES1,m
511876,38.1044764,-122.2101165,360,221491.2,W1-m-RES1-DF,06095250200,RES,RES1,W1,MC,RES1,m
511999,33.8923624,-118.2109036,360,198894.7,W1-m-RES1-DF,06037542401,RES,RES1,W1,MC,RES1,m
512132,39.9151073,-122.1888989,360,234002.2,W1-m-RES1-DF,06103001102,RES,RES1,W1,MC,RES1,m
512191,32.6850184,-116.9698595,360,56569.05,W1-m-RES1-DF,06073013423,RES,RES1,W1,MC,RES1,m
512270,38.6910821,-120.9949797,360,398404.7,W1-m-RES1-DF,06017030810,RES,RES1,W1,MC,RES1,m
512359,33.8068097,-118.3711834,360,932921.4,W1-m-RES1-DF,06037651302,RES,RES1,W1,MC,RES1,m
512564,33.7509498,-116.3212439,360,11500.99,W1-m-RES1-DF,06065044927,RES,RES1,W1,MC,RES1,m
512626,39.0218138,-122.6780777,360,131682.8,W1-m-RES1-DF,06033000601,RES,RES1,W1,MC,RES1,m
512710,34.0737151,-118.4288493,360,390947.2,W1-m-RES1-DF,06037265100,RES,RES1,W1,MC,RES1,m
512835,33.8915866,-117.276735,360,118849.1,W1-m-RES1-DF,06065046700,RES,RES1,W1,MC,RES1,m
512921,34.4715219,-118.4990703,360,308760.3,W1-m-RES1-DF,06037920020,RES,RES1,W1,MC,RES1,m
512990,39.1424076,-123.2304254,360,593844.8,W1-m-RES1-DF,06045011400,RES,RES1,W1,MC,RES1,m
513077,32.720248,-117.0027481,360,62238.93,W1-m-RES1-DF,06073013907,RES,RES1,W1,MC,RES1,m
513320,35.6268022,-120.6900587,360,141357.7,W1-m-RES1-DF,06079010103,RES,RES1,W1,MC,RES1,m
513483,38.5986963,-121.4671068,360,116414.1,W1-m-RES1-DF,06067006901,RES,RES1,W1,MC,RES1,m
513563,37.7326764,-122.3732109,360,22007.98,W1-m-RES1-DF,06075023103,RES,RES1,W1,MC,RES1,m
513633,33.8196032,-116.449434,360,10747.62,W1-m-RES1-DF,06065044931,RES,RES1,W1,MC,RES1,m
513686,34.0529761,-118.0280671,360,121369.9,W1-m-RES1-DF,06037433903,RES,RES1,W1,MC,RES1,m
513739,34.1358454,-117.4801715,360,79022.7,W1-m-RES1-DF,06071002314,RES,RES1,W1,MC,RES1,m
513777,33.7989399,-118.2007652,360,151188.8,W1-m-RES1-DF,06037573102,RES,RES1,W1,MC,RES1,m
513810,34.5666675,-118.0119652,360,24916.2,W1-m-RES1-DF,06037910717,RES,RES1,W1,MC,RES1,m
513858,34.0186759,-118.1647906,360,35953.01,W1-m-RES1-DF,06037531602,RES,RES1,W1,MC,RES1,m
513985,34.1776714,-117.388419,360,273960.3,W1-m-RES1-DF,06071002706,RES,RES1,W1,MC,RES1,m
514171,34.4168501,-119.6773323,360,56491.18,W1-m-RES1-DF,06083000805,RES,RES1,W1,MC,RES1,m
514244,33.8922056,-117.4724083,360,101457.1,W1-m-RES1-DF,06065041404,RES,RES1,W1,MC,RES1,m
514373,33.1990594,-117.3796249,360,59482.55,W1-m-RES1-DF,06073018400,RES,RES1,W1,MC,RES1,m
514480,39.1277345,-121.5692415,360,42146.88,W1-m-RES1-DF,06115040302,RES,RES1,W1,MC,RES1,m
514567,34.1879128,-118.4698269,360,166461.3,W1-m-RES1-DF,06037127711,RES,RES1,W1,MC,RES1,m
514684,35.8832816,-118.9810899,360,352962.3,W1-m-RES1-DF,06107004500,RES,RES1,W1,MC,RES1,m
514757,34.3550726,-117.6226567,360,384906.3,W1-m-RES1-DF,06071009201,RES,RES1,W1,MC,RES1,m
514818,34.2611726,-118.4957411,360,201957.4,W1-m-RES1-DF,06037111402,RES,RES1,W1,MC,RES1,m
514891,34.223913,-118.403944,360,264994.9,W1-m-RES1-DF,06037121010,RES,RES1,W1,MC,RES1,m
514943,34.883598,-120.4779852,360,43352.76,W1-m-RES1-DF,06083002013,RES,RES1,W1,MC,RES1,m
514973,38.7556462,-121.3436518,360,514547.0,W1-m-RES1-DF,06061021048,RES,RES1,W1,MC,RES1,m
515023,33.5764351,-117.6492296,360,184007.9,W1-m-RES1-DF,06059032039,RES,RES1,W1,MC,RES1,m
515122,33.8674703,-118.166802,360,225479.4,W1-m-RES1-DF,06037570502,RES,RES1,W1,MC,RES1,m
515182,33.665046,-117.9580453,360,607291.3,W1-m-RES1-DF,06059099238,RES,RES1,W1,MC,RES1,m
515222,37.1141491,-121.6737014,360,196469.8,W1-m-RES1-DF,06085512305,RES,RES1,W1,MC,RES1,m
515268,38.0309143,-121.2356594,360,418158.3,W1-m-RES1-DF,06077003502,RES,RES1,W1,MC,RES1,m
515348,33.7775512,-117.9756059,360,188367.3,W1-m-RES1-DF,06059088107,RES,RES1,W1,MC,RES1,m
515459,34.3241454,-118.8339628,360,72152.3,W1-m-RES1-DF,06111007614,RES,RES1,W1,MC,RES1,m
515558,33.8038625,-118.3166166,360,171383.5,W1-m-RES1-DF,06037670001,RES,RES1,W1,MC,RES1,m
515637,38.5112936,-120.7212014,360,203881.2,W1-m-RES1-DF,06005000202,RES,RES1,W1,MC,RES1,m
515718,33.9784675,-118.2948084,360,115733.1,W1-m-RES1-DF,06037237401,RES,RES1,W1,MC,RES1,m
515759,36.7953213,-119.7449699,360,232485.0,W1-m-RES1-DF,06019005305,RES,RES1,W1,MC,RES1,m
515926,33.5427708,-117.7839464,360,148148.8,W1-m-RES1-DF,06059062605,RES,RES1,W1,MC,RES1,m
516121,38.2710059,-121.5387474,360,297323.4,W1-m-RES1-DF,06067009900,RES,RES1,W1,MC,RES1,m
516245,37.8300877,-122.2498696,360,158719.8,W1-m-RES1-DF,06001404101,RES,RES1,W1,MC,RES1,m
516345,33.9480802,-118.0151414,360,298106.8,W1-m-RES1-DF,06037503301,RES,RES1,W1,MC,RES1,m
516400,38.8095353,-122.7318914,360,142235.6,W1-m-RES1-DF,06033001102,RES,RES1,W1,MC,RES1,m
516497,34.1974095,-118.8650037,360,375093.3,W1-m-RES1-DF,06111006800,RES,RES1,W1,MC,RES1,m
516533,36.8580763,-119.6980668,360,947067.1,W1-m-RES1-DF,06019005522,RES,RES1,W1,MC,RES1,m
516593,33.6606156,-117.9416686,360,340966.2,W1-m-RES1-DF,06059063803,RES,RES1,W1,MC,RES1,m
516652,34.1082848,-117.4050566,360,52180.19,W1-m-RES1-DF,06071003404,RES,RES1,W1,MC,RES1,m
516770,36.8448035,-119.7202981,360,563792.0,W1-m-RES1-DF,06019005514,RES,RES1,W1,MC,RES1,m
516843,36.3015715,-119.7738507,360,344394.0,W1-m-RES1-DF,06031000405,RES,RES1,W1,MC,RES1,m
516926,33.9126424,-118.0648508,360,242365.9,W1-m-RES1-DF,06037552301,RES,RES1,W1,MC,RES1,m
517047,34.1616765,-118.4585185,360,333304.9,W1-m-RES1-DF,06037128910,RES,RES1,W1,MC,RES1,m
517128,33.9726959,-118.2861364,360,22056.15,W1-m-RES1-DF,06037237710,RES,RES1,W1,MC,RES1,m
517271,37.9121527,-122.5404887,360,1027800.0,W1-m-RES1-DF,06041126100,RES,RES1,W1,MC,RES1,m
517350,33.9709011,-118.4615184,360,67947.75,W1-m-RES1-DF,06037274202,RES,RES1,W1,MC,RES1,m
517694,39.1014223,-123.2883087,360,284650.6,W1-m-RES1-DF,06045011300,RES,RES1,W1,MC,RES1,m
517762,34.0245953,-117.586378,360,4708.62,W1-m-RES1-DF,06071002206,RES,RES1,W1,MC,RES1,m
517784,38.5566096,-121.7316096,360,87606.0,W1-m-RES1-DF,06113010611,RES,RES1,W1,MC,RES1,m
517827,34.0371838,-118.3427434,360,52939.26,W1-m-RES1-DF,06037218600,RES,RES1,W1,MC,RES1,m
517930,37.6437385,-120.9692464,360,522647.0,W1-m-RES1-DF,06099001900,RES,RES1,W1,MC,RES1,m
517987,34.2941524,-118.6607025,360,30723.75,W1-m-RES1-DF,06111008308,RES,RES1,W1,MC,RES1,m
518007,33.2245701,-117.3110959,360,129498.5,W1-m-RES1-DF,06073018523,RES,RES1,W1,MC,RES1,m
518070,34.1956759,-118.5273085,360,136970.0,W1-m-RES1-DF,06037132302,RES,RES1,W1,MC,RES1,m
518183,33.8683071,-117.8310403,360,77484.88,W1-m-RES1-DF,06059021821,RES,RES1,W1,MC,RES1,m
518278,40.8643392,-120.5937208,360,254715.7,W1-m-RES1-DF,06035040100,RES,RES1,W1,MC,RES1,m
518345,33.7015141,-117.8725721,360,464501.0,W1-m-RES1-DF,06059074004,RES,RES1,W1,MC,RES1,m
518398,37.474582,-122.2300774,360,108242.3,W1-m-RES1-DF,06081610902,RES,RES1,W1,MC,RES1,m
518533,33.9927102,-118.4512626,360,124908.0,W1-m-RES1-DF,06037273800,RES,RES1,W1,MC,RES1,m
518632,33.1943995,-117.2838078,360,181738.5,W1-m-RES1-DF,06073018519,RES,RES1,W1,MC,RES1,m
518744,36.9446572,-117.9010501,360,131377.4,W1-m-RES1-DF,06027000500,RES,RES1,W1,MC,RES1,m
518884,33.9867153,-118.472226,360,79261.24,W1-m-RES1-DF,06037273502,RES,RES1,W1,MC,RES1,m
518960,34.8402217,-118.1914973,360,41299.3,W1-m-RES1-DF,06029005513,RES,RES1,W1,MC,RES1,m
519056,38.0170765,-122.1602988,360,277938.1,W1-m-RES1-DF,06013318000,RES,RES1,W1,MC,RES1,m
519275,34.1360861,-117.9972169,360,204561.3,W1-m-RES1-DF,06037431100,RES,RES1,W1,MC,RES1,m
519334,32.8174841,-117.075273,360,72882.8,W1-m-RES1-DF,06073009507,RES,RES1,W1,MC,RES1,m
519459,37.7518211,-122.4184134,360,69890.02,W1-m-RES1-DF,06075020900,RES,RES1,W1,MC,RES1,m
519621,38.8196619,-121.8371627,360,354569.4,W1-m-RES1-DF,06113011400,RES,RES1,W1,MC,RES1,m
519692,38.5933406,-120.8764864,360,376254.3,W1-m-RES1-DF,06017031503,RES,RES1,W1,MC,RES1,m
519761,36.7167627,-120.0423737,360,209160.0,W1-m-RES1-DF,06019004005,RES,RES1,W1,MC,RES1,m
519793,33.8795848,-117.210061,360,24406.44,W1-m-RES1-DF,06065048300,RES,RES1,W1,MC,RES1,m
519902,34.6820995,-118.1567565,360,129992.3,W1-m-RES1-DF,06037900703,RES,RES1,W1,MC,RES1,m
520009,41.3415895,-123.033992,360,407280.7,W1-m-RES1-DF,06093000800,RES,RES1,W1,MC,RES1,m
520067,34.2536782,-118.5721365,360,411779.8,W1-m-RES1-DF,06037113322,RES,RES1,W1,MC,RES1,m
520114,34.2278369,-118.4412802,360,250093.0,W1-m-RES1-DF,06037119900,RES,RES1,W1,MC,RES1,m
520149,37.9162214,-121.2839839,360,57553.98,W1-m-RES1-DF,06077002402,RES,RES1,W1,MC,RES1,m
520291,33.804464,-117.9399832,360,446349.4,W1-m-RES1-DF,06059087602,RES,RES1,W1,MC,RES1,m
520401,38.5289963,-122.7468369,360,193018.1,W1-m-RES1-DF,06097152701,RES,RES1,W1,MC,RES1,m
520494,32.7017785,-117.1386657,360,52563.68,W1-m-RES1-DF,06073004900,RES,RES1,W1,MC,RES1,m
520634,37.3236809,-121.9078195,360,83766.31,W1-m-RES1-DF,06085501901,RES,RES1,W1,MC,RES1,m
520690,37.7880433,-122.4885865,360,609587.3,W1-m-RES1-DF,06075042800,RES,RES1,W1,MC,RES1,m
520769,33.8248552,-117.980284,360,219601.0,W1-m-RES1-DF,06059087001,RES,RES1,W1,MC,RES1,m
520841,33.9131098,-118.1330166,360,151187.5,W1-m-RES1-DF,06037551801,RES,RES1,W1,MC,RES1,m
520899,33.7947828,-118.1474233,360,185978.6,W1-m-RES1-DF,06037575001,RES,RES1,W1,MC,RES1,m
521009,38.4377715,-122.0314619,360,258027.1,W1-m-RES1-DF,06095252903,RES,RES1,W1,MC,RES1,m
521053,36.9584665,-120.0441502,360,119772.0,W1-m-RES1-DF,06039000903,RES,RES1,W1,MC,RES1,m
521174,40.5837586,-122.3909448,360,22116.15,W1-m-RES1-DF,06089010100,RES,RES1,W1,MC,RES1,m
521246,33.2299357,-117.2750753,360,44344.05,W1-m-RES1-DF,06073019301,RES,RES1,W1,MC,RES1,m
521321,37.8548712,-122.257602,360,90303.0,W1-m-RES1-DF,06001423902,RES,RES1,W1,MC,RES1,m
521410,37.7296129,-122.4462246,360,655256.8,W1-m-RES1-DF,06075031100,RES,RES1,W1,MC,RES1,m
521545,35.6698917,-119.1793152,360,224849.2,W1-m-RES1-DF,06029004605,RES,RES1,W1,MC,RES1,m
521683,33.8253864,-118.041495,360,405169.2,W1-m-RES1-DF,06059110104,RES,RES1,W1,MC,RES1,m
521787,38.4884254,-121.4013864,360,210144.0,W1-m-RES1-DF,06067005101,RES,RES1,W1,MC,RES1,m
521924,34.7258225,-118.2459383,360,95356.92,W1-m-RES1-DF,06037900901,RES,RES1,W1,MC,RES1,m
521980,34.1089232,-118.3192601,360,66254.58,W1-m-RES1-DF,06037189501,RES,RES1,W1,MC,RES1,m
522168,36.1419805,-120.3511477,360,160448.4,W1-m-RES1-DF,06019008100,RES,RES1,W1,MC,RES1,m
522251,33.9824111,-117.0046389,360,155367.5,W1-m-RES1-DF,06065043824,RES,RES1,W1,MC,RES1,m
522300,38.2329343,-122.579047,360,29549.28,W1-m-RES1-DF,06097150611,RES,RES1,W1,MC,RES1,m
522356,38.6709704,-121.2885166,360,111054.2,W1-m-RES1-DF,06067008137,RES,RES1,W1,MC,RES1,m
522413,38.4892071,-121.4202294,360,299537.0,W1-m-RES1-DF,06067005003,RES,RES1,W1,MC,RES1,m
522499,38.6833031,-121.423953,360,273929.6,W1-m-RES1-DF,06067007202,RES,RES1,W1,MC,RES1,m
522584,33.7582622,-117.8656949,360,23221.16,W1-m-RES1-DF,06059075004,RES,RES1,W1,MC,RES1,m
522682,32.7647343,-117.0739033,360,334889.0,W1-m-RES1-DF,06073002804,RES,RES1,W1,MC,RES1,m
522718,36.4318458,-121.3207781,360,176101.8,W1-m-RES1-DF,06053011105,RES,RES1,W1,MC,RES1,m
522874,36.9745867,-122.0182622,360,89730.0,W1-m-RES1-DF,06087100801,RES,RES1,W1,MC,RES1,m
523001,33.8743468,-117.7098301,360,10232.49,W1-m-RES1-DF,06059021826,RES,RES1,W1,MC,RES1,m
523121,37.7495712,-122.4293939,360,245688.3,W1-m-RES1-DF,06075021400,RES,RES1,W1,MC,RES1,m
523206,32.8068414,-117.0606979,360,680014.2,W1-m-RES1-DF,06073009704,RES,RES1,W1,MC,RES1,m
523308,32.8145361,-116.9431653,360,209292.8,W1-m-RES1-DF,06073016502,RES,RES1,W1,MC,RES1,m
523407,37.6535732,-122.0944503,360,218245.0,W1-m-RES1-DF,06001436800,RES,RES1,W1,MC,RES1,m
523632,33.9996718,-117.6947907,360,128692.0,W1-m-RES1-DF,06071000504,RES,RES1,W1,MC,RES1,m
523763,33.9577091,-117.4411265,360,151761.5,W1-m-RES1-DF,06065030900,RES,RES1,W1,MC,RES1,m
523859,34.4193105,-118.4640472,360,483550.1,W1-m-RES1-DF,06037920035,RES,RES1,W1,MC,RES1,m
523937,39.0899819,-122.3187618,360,158943.3,W1-m-RES1-DF,06011000302,RES,RES1,W1,MC,RES1,m
524031,33.1334579,-117.0539736,360,99677.64,W1-m-RES1-DF,06073020207,RES,RES1,W1,MC,RES1,m
524111,33.876482,-118.3656204,360,125731.5,W1-m-RES1-DF,06037620521,RES,RES1,W1,MC,RES1,m
524225,38.1437173,-120.9074214,360,657068.3,W1-m-RES1-DF,06009000222,RES,RES1,W1,MC,RES1,m
524273,34.0294081,-118.1747448,360,26510.96,W1-m-RES1-DF,06037531503,RES,RES1,W1,MC,RES1,m
524389,34.0726026,-117.4226926,360,137479.9,W1-m-RES1-DF,06071003302,RES,RES1,W1,MC,RES1,m
524461,34.1141409,-117.8861258,360,245459.6,W1-m-RES1-DF,06037404000,RES,RES1,W1,MC,RES1,m
524522,33.9785135,-118.2838719,360,38143.95,W1-m-RES1-DF,06037237600,RES,RES1,W1,MC,RES1,m
524670,38.401482,-120.746055,360,510499.5,W1-m-RES1-DF,06005000401,RES,RES1,W1,MC,RES1,m
524758,33.8523009,-118.0931498,360,483305.6,W1-m-RES1-DF,06037554522,RES,RES1,W1,MC,RES1,m
524801,33.8027798,-117.3133054,360,86804.26,W1-m-RES1-DF,06065042903,RES,RES1,W1,MC,RES1,m
524838,34.0821143,-117.3367459,360,210710.4,W1-m-RES1-DF,06071006603,RES,RES1,W1,MC,RES1,m
525003,35.3786716,-119.033399,360,366898.0,W1-m-RES1-DF,06029001700,RES,RES1,W1,MC,RES1,m
525098,34.116659,-118.3650891,360,531983.5,W1-m-RES1-DF,06037194102,RES,RES1,W1,MC,RES1,m
525222,37.7850141,-121.1158332,360,952449.8,W1-m-RES1-DF,06077005003,RES,RES1,W1,MC,RES1,m
525358,37.9350636,-121.1904318,360,82685.28,W1-m-RES1-DF,06077003700,RES,RES1,W1,MC,RES1,m
525385,33.6926884,-116.24043,360,11190.3,W1-m-RES1-DF,06065049101,RES,RES1,W1,MC,RES1,m
525477,33.4867824,-117.6485449,360,566619.0,W1-m-RES1-DF,06059042203,RES,RES1,W1,MC,RES1,m
525589,33.8905614,-118.1115699,360,223072.3,W1-m-RES1-DF,06037553100,RES,RES1,W1,MC,RES1,m
525671,34.0957577,-118.1472584,360,128433.9,W1-m-RES1-DF,06037480804,RES,RES1,W1,MC,RES1,m
525744,38.0068674,-122.320599,360,399501.3,W1-m-RES1-DF,06013392202,RES,RES1,W1,MC,RES1,m
525778,38.263885,-122.013848,360,82871.66,W1-m-RES1-DF,06095252611,RES,RES1,W1,MC,RES1,m
525865,33.5912249,-117.6666408,360,493136.8,W1-m-RES1-DF,06059032012,RES,RES1,W1,MC,RES1,m
525921,39.1005156,-121.5538015,360,123840.5,W1-m-RES1-DF,06115040500,RES,RES1,W1,MC,RES1,m
525966,37.7054511,-122.444361,360,147594.8,W1-m-RES1-DF,06081600401,RES,RES1,W1,MC,RES1,m
526076,38.3227889,-122.2248883,360,495840.7,W1-m-RES1-DF,06055201402,RES,RES1,W1,MC,RES1,m
526156,38.0879383,-122.5585807,360,268676.1,W1-m-RES1-DF,06041104102,RES,RES1,W1,MC,RES1,m
526255,40.637932,-122.3804335,360,105414.2,W1-m-RES1-DF,06089010806,RES,RES1,W1,MC,RES1,m
526327,33.9194635,-118.2717325,360,153721.9,W1-m-RES1-DF,06037540901,RES,RES1,W1,MC,RES1,m
526390,37.3787663,-122.0823277,360,315693.8,W1-m-RES1-DF,06085509802,RES,RES1,W1,MC,RES1,m
526438,34.2378874,-118.4353682,360,266540.7,W1-m-RES1-DF,06037119400,RES,RES1,W1,MC,RES1,m
526523,37.7326916,-121.4305428,360,72437.3,W1-m-RES1-DF,06077005406,RES,RES1,W1,MC,RES1,m
526609,35.377139,-118.9753831,360,67251.52,W1-m-RES1-DF,06029001202,RES,RES1,W1,MC,RES1,m
526722,35.3034813,-119.1010344,360,160459.8,W1-m-RES1-DF,06029003129,RES,RES1,W1,MC,RES1,m
526797,37.796028,-122.2953295,360,280.15,W1-m-RES1-DF,06001982000,RES,RES1,W1,MC,RES1,m
526822,38.7675468,-121.4295459,360,883116.9,W1-m-RES1-DF,06061021327,RES,RES1,W1,MC,RES1,m
526885,34.1752067,-118.1462036,360,149856.0,W1-m-RES1-DF,06037461502,RES,RES1,W1,MC,RES1,m
526976,38.985515,-122.6425345,360,98895.75,W1-m-RES1-DF,06033000703,RES,RES1,W1,MC,RES1,m
527049,38.4995505,-121.4190445,360,212531.0,W1-m-RES1-DF,06067004802,RES,RES1,W1,MC,RES1,m
527089,32.9144776,-117.0766723,360,103574.7,W1-m-RES1-DF,06073017047,RES,RES1,W1,MC,RES1,m
527137,36.9290901,-121.75468,360,187810.6,W1-m-RES1-DF,06087110202,RES,RES1,W1,MC,RES1,m
527207,34.1938291,-119.201331,360,51083.34,W1-m-RES1-DF,06111003608,RES,RES1,W1,MC,RES1,m
527256,34.1803242,-118.4883751,360,27464.64,W1-m-RES1-DF,06037980024,RES,RES1,W1,MC,RES1,m
527317,39.24605,-121.1801765,360,1098121.0,W1-m-RES1-DF,06057000401,RES,RES1,W1,MC,RES1,m
527429,34.2283768,-118.2386852,360,536598.6,W1-m-RES1-DF,06037300200,RES,RES1,W1,MC,RES1,m
527510,33.6258723,-116.6640432,360,78012.28,W1-m-RES1-DF,06065044407,RES,RES1,W1,MC,RES1,m
527730,34.0477448,-118.2564092,360,25577.69,W1-m-RES1-DF,06037207712,RES,RES1,W1,MC,RES1,m
527835,37.3196554,-121.9615175,360,198960.8,W1-m-RES1-DF,06085506301,RES,RES1,W1,MC,RES1,m
528082,34.2284455,-118.5610661,360,283076.4,W1-m-RES1-DF,06037113424,RES,RES1,W1,MC,RES1,m
528160,36.7026848,-119.7410276,360,160596.0,W1-m-RES1-DF,06019001202,RES,RES1,W1,MC,RES1,m
528197,38.5645014,-121.7510359,360,232100.0,W1-m-RES1-DF,06113010509,RES,RES1,W1,MC,RES1,m
528264,37.6295536,-121.0159645,360,168130.0,W1-m-RES1-DF,06099001601,RES,RES1,W1,MC,RES1,m
528368,33.724806,-116.3682129,360,70611.45,W1-m-RES1-DF,06065045127,RES,RES1,W1,MC,RES1,m
528471,38.334581,-122.2995123,360,281329.6,W1-m-RES1-DF,06055200602,RES,RES1,W1,MC,RES1,m
528535,35.5899296,-119.3473122,360,182916.0,W1-m-RES1-DF,06029004404,RES,RES1,W1,MC,RES1,m
528568,38.4632142,-121.4384109,360,191575.0,W1-m-RES1-DF,06067009633,RES,RES1,W1,MC,RES1,m
528622,33.9055546,-118.341667,360,19992.58,W1-m-RES1-DF,06037602505,RES,RES1,W1,MC,RES1,m
528749,34.0664969,-118.3661529,360,186343.4,W1-m-RES1-DF,06037214700,RES,RES1,W1,MC,RES1,m
528878,37.9623355,-122.0743,360,700148.8,W1-m-RES1-DF,06013322000,RES,RES1,W1,MC,RES1,m
528956,36.5585612,-121.9212894,360,298468.8,W1-m-RES1-DF,06053011801,RES,RES1,W1,MC,RES1,m
529077,34.1432748,-117.5845618,360,66099.33,W1-m-RES1-DF,06071002018,RES,RES1,W1,MC,RES1,m
529240,34.0603274,-117.976221,360,252489.0,W1-m-RES1-DF,06037407001,RES,RES1,W1,MC,RES1,m
529337,33.81016,-117.9976437,360,219157.3,W1-m-RES1-DF,06059087802,RES,RES1,W1,MC,RES1,m
529493,37.8095483,-122.2707403,360,11459.07,W1-m-RES1-DF,06001402801,RES,RES1,W1,MC,RES1,m
529607,34.0917427,-117.6605421,360,210586.1,W1-m-RES1-DF,06071000826,RES,RES1,W1,MC,RES1,m
529649,38.4751579,-121.485456,360,293499.0,W1-m-RES1-DF,06067004302,RES,RES1,W1,MC,RES1,m
529752,37.0042938,-119.5635349,360,625297.8,W1-m-RES1-DF,06019006405,RES,RES1,W1,MC,RES1,m
529839,37.5270917,-121.901582,360,48206.04,W1-m-RES1-DF,06001443103,RES,RES1,W1,MC,RES1,m
530048,34.2436235,-118.5775956,360,313949.0,W1-m-RES1-DF,06037113303,RES,RES1,W1,MC,RES1,m
530126,34.1453999,-118.2320955,360,50486.09,W1-m-RES1-DF,06037302104,RES,RES1,W1,MC,RES1,m
530240,32.8002635,-117.2039447,360,584347.1,W1-m-RES1-DF,06073009101,RES,RES1,W1,MC,RES1,m
530343,34.1103575,-117.5346157,360,97680.44,W1-m-RES1-DF,06071002047,RES,RES1,W1,MC,RES1,m
530400,33.9408779,-118.0892207,360,364407.8,W1-m-RES1-DF,06037502801,RES,RES1,W1,MC,RES1,m
530454,34.1062262,-118.2128244,360,275323.9,W1-m-RES1-DF,06037185102,RES,RES1,W1,MC,RES1,m
530666,33.8428957,-118.3368653,360,511841.1,W1-m-RES1-DF,06037650401,RES,RES1,W1,MC,RES1,m
530765,38.3499066,-123.0135453,360,88966.71,W1-m-RES1-DF,06097154305,RES,RES1,W1,MC,RES1,m
530835,33.1753289,-117.3081968,360,45234.54,W1-m-RES1-DF,06073019803,RES,RES1,W1,MC,RES1,m
530917,35.4295962,-119.0170153,360,190166.1,W1-m-RES1-DF,06029000102,RES,RES1,W1,MC,RES1,m
530993,38.5184589,-121.4335115,360,198911.1,W1-m-RES1-DF,06067003202,RES,RES1,W1,MC,RES1,m
531092,37.2484034,-121.8645577,360,103221.7,W1-m-RES1-DF,06085512052,RES,RES1,W1,MC,RES1,m
531228,33.8278768,-118.2729168,360,114879.2,W1-m-RES1-DF,06037543804,RES,RES1,W1,MC,RES1,m
531390,36.3302301,-119.299985,360,43605.54,W1-m-RES1-DF,06107001200,RES,RES1,W1,MC,RES1,m
531460,34.0234613,-117.4403531,360,135517.5,W1-m-RES1-DF,06065040102,RES,RES1,W1,MC,RES1,m
531542,35.329614,-118.9939388,360,76018.54,W1-m-RES1-DF,06029002503,RES,RES1,W1,MC,RES1,m
531649,33.8648869,-118.2521159,360,232921.4,W1-m-RES1-DF,06037543321,RES,RES1,W1,MC,RES1,m
531852,38.482824,-122.7503028,360,37336.95,W1-m-RES1-DF,06097152801,RES,RES1,W1,MC,RES1,m
531983,37.4123664,-120.7903626,360,122602.2,W1-m-RES1-DF,06047000202,RES,RES1,W1,MC,RES1,m
532039,34.1744737,-118.7737939,360,92078.8,W1-m-RES1-DF,06111007403,RES,RES1,W1,MC,RES1,m
532084,38.6948489,-121.2790679,360,254141.9,W1-m-RES1-DF,06067008140,RES,RES1,W1,MC,RES1,m
532186,33.7723157,-118.1952012,360,117706.9,W1-m-RES1-DF,06037575902,RES,RES1,W1,MC,RES1,m
532289,33.0708602,-117.096835,360,189257.3,W1-m-RES1-DF,06073020401,RES,RES1,W1,MC,RES1,m
532362,33.8354855,-117.879074,360,206972.9,W1-m-RES1-DF,06059086304,RES,RES1,W1,MC,RES1,m
532410,33.7196057,-117.8602323,360,134632.1,W1-m-RES1-DF,06059074300,RES,RES1,W1,MC,RES1,m
532513,38.6811981,-121.7885958,360,205793.0,W1-m-RES1-DF,06113010902,RES,RES1,W1,MC,RES1,m
532638,33.9231802,-118.171612,360,132697.0,W1-m-RES1-DF,06037536201,RES,RES1,W1,MC,RES1,m
532731,33.9139626,-118.2207009,360,68961.62,W1-m-RES1-DF,06037541603,RES,RES1,W1,MC,RES1,m
532850,34.0470561,-118.4339786,360,231833.8,W1-m-RES1-DF,06037267202,RES,RES1,W1,MC,RES1,m
533057,34.1537976,-118.0900698,360,370060.2,W1-m-RES1-DF,06037462900,RES,RES1,W1,MC,RES1,m
533189,33.9698819,-118.0349208,360,28593.89,W1-m-RES1-DF,06037501804,RES,RES1,W1,MC,RES1,m
533246,34.4203889,-119.7211598,360,161501.9,W1-m-RES1-DF,06083001101,RES,RES1,W1,MC,RES1,m
533362,37.5908694,-122.5079606,360,407454.1,W1-m-RES1-DF,06081603200,RES,RES1,W1,MC,RES1,m
533449,33.843269,-117.9482316,360,212899.7,W1-m-RES1-DF,06059086702,RES,RES1,W1,MC,RES1,m
533535,38.0148327,-121.2878543,360,351527.0,W1-m-RES1-DF,06077003410,RES,RES1,W1,MC,RES1,m
533599,34.1297719,-118.3309888,360,233681.5,W1-m-RES1-DF,06037189703,RES,RES1,W1,MC,RES1,m
533644,34.0808589,-117.971971,360,63520.71,W1-m-RES1-DF,06037404805,RES,RES1,W1,MC,RES1,m
533711,38.6537416,-121.333848,360,234663.0,W1-m-RES1-DF,06067007604,RES,RES1,W1,MC,RES1,m
533749,34.2489652,-118.4130092,360,163584.2,W1-m-RES1-DF,06037104823,RES,RES1,W1,MC,RES1,m
533823,34.2188821,-118.4323396,360,178780.0,W1-m-RES1-DF,06037120400,RES,RES1,W1,MC,RES1,m
533906,34.2133746,-119.1824374,360,270587.6,W1-m-RES1-DF,06111003302,RES,RES1,W1,MC,RES1,m
533988,38.5643486,-121.4474142,360,450427.5,W1-m-RES1-DF,06067001602,RES,RES1,W1,MC,RES1,m
534052,34.0671466,-118.311582,360,16505.55,W1-m-RES1-DF,06037211703,RES,RES1,W1,MC,RES1,m
534216,34.005774,-118.4861752,360,163482.2,W1-m-RES1-DF,06037702002,RES,RES1,W1,MC,RES1,m
534318,33.574149,-117.1426898,360,23812.56,W1-m-RES1-DF,06065050301,RES,RES1,W1,MC,RES1,m
534343,37.5828284,-122.0858891,360,24260.92,W1-m-RES1-DF,06001440332,RES,RES1,W1,MC,RES1,m
534377,36.3491028,-119.3012786,360,160902.0,W1-m-RES1-DF,06107001010,RES,RES1,W1,MC,RES1,m
534478,34.1781538,-118.5581265,360,626872.3,W1-m-RES1-DF,06037139301,RES,RES1,W1,MC,RES1,m
534542,37.2565056,-121.8874578,360,413353.6,W1-m-RES1-DF,06085502909,RES,RES1,W1,MC,RES1,m
534643,37.459795,-120.7094467,360,271565.1,W1-m-RES1-DF,06047000201,RES,RES1,W1,MC,RES1,m
534735,32.58375,-117.0787464,360,151873.5,W1-m-RES1-DF,06073010107,RES,RES1,W1,MC,RES1,m
534799,37.9457158,-122.3152708,360,349359.3,W1-m-RES1-DF,06013362000,RES,RES1,W1,MC,RES1,m
534935,37.6862098,-122.1772459,360,334523.0,W1-m-RES1-DF,06001433400,RES,RES1,W1,MC,RES1,m
535002,37.7884273,-122.1847831,360,293561.8,W1-m-RES1-DF,06001407900,RES,RES1,W1,MC,RES1,m
535100,37.8944075,-122.2974489,360,150805.0,W1-m-RES1-DF,06001420200,RES,RES1,W1,MC,RES1,m
535242,32.8257265,-116.7811392,360,170786.6,W1-m-RES1-DF,06073021205,RES,RES1,W1,MC,RES1,m
535290,34.3822836,-117.3347178,360,42279.93,W1-m-RES1-DF,06071010023,RES,RES1,W1,MC,RES1,m
535346,34.2422846,-118.548089,360,395229.4,W1-m-RES1-DF,06037115301,RES,RES1,W1,MC,RES1,m
535385,34.045362,-118.3146461,360,9573.64,W1-m-RES1-DF,06037221304,RES,RES1,W1,MC,RES1,m
535538,34.1522194,-118.1012717,360,177513.6,W1-m-RES1-DF,06037462800,RES,RES1,W1,MC,RES1,m
535616,34.1534939,-118.4138689,360,455032.6,W1-m-RES1-DF,06037143401,RES,RES1,W1,MC,RES1,m
535704,33.0037084,-117.0665065,360,145165.9,W1-m-RES1-DF,06073017051,RES,RES1,W1,MC,RES1,m
535832,37.9917413,-122.3595538,360,119868.3,W1-m-RES1-DF,06013392201,RES,RES1,W1,MC,RES1,m
535887,38.7140076,-121.2615566,360,505085.0,W1-m-RES1-DF,06067008124,RES,RES1,W1,MC,RES1,m
535956,34.214718,-118.551356,360,374413.3,W1-m-RES1-DF,06037131600,RES,RES1,W1,MC,RES1,m
536074,33.8348007,-118.0743604,360,92655.29,W1-m-RES1-DF,06037555106,RES,RES1,W1,MC,RES1,m
536152,37.8737516,-122.2546176,360,1454.4,W1-m-RES1-DF,06001982100,RES,RES1,W1,MC,RES1,m
536185,38.5287426,-121.435958,360,38006.08,W1-m-RES1-DF,06067003102,RES,RES1,W1,MC,RES1,m
536361,36.350772,-119.374232,360,778428.1,W1-m-RES1-DF,06107001008,RES,RES1,W1,MC,RES1,m
536461,33.8264399,-117.948788,360,468256.3,W1-m-RES1-DF,06059087103,RES,RES1,W1,MC,RES1,m
536551,40.4067172,-120.6448383,360,105798.3,W1-m-RES1-DF,06035040304,RES,RES1,W1,MC,RES1,m
536604,34.2608467,-118.5262266,360,22465.0,W1-m-RES1-DF,06037111304,RES,RES1,W1,MC,RES1,m
536739,33.7914977,-117.8531049,360,179048.0,W1-m-RES1-DF,06059075901,RES,RES1,W1,MC,RES1,m
536951,34.4750719,-119.1567223,360,484242.7,W1-m-RES1-DF,06111000903,RES,RES1,W1,MC,RES1,m
537029,33.8297185,-118.3026955,360,101016.0,W1-m-RES1-DF,06037293204,RES,RES1,W1,MC,RES1,m
537147,34.0840699,-118.095439,360,237907.9,W1-m-RES1-DF,06037481404,RES,RES1,W1,MC,RES1,m
537236,35.1399584,-118.4819241,360,35490.69,W1-m-RES1-DF,06029006003,RES,RES1,W1,MC,RES1,m
537381,36.8309579,-119.6920937,360,273556.0,W1-m-RES1-DF,06019005701,RES,RES1,W1,MC,RES1,m
537461,33.64069,-117.95956,360,436355.9,W1-m-RES1-DF,06059099240,RES,RES1,W1,MC,RES1,m
537521,33.7249036,-118.2914165,360,61659.14,W1-m-RES1-DF,06037297201,RES,RES1,W1,MC,RES1,m
537611,33.755705,-117.9809384,360,172386.8,W1-m-RES1-DF,06059099803,RES,RES1,W1,MC,RES1,m
537839,37.9558873,-122.4938964,360,146851.6,W1-m-RES1-DF,06041112202,RES,RES1,W1,MC,RES1,m
537913,40.9356792,-124.0543999,360,69509.11,W1-m-RES1-DF,06023010502,RES,RES1,W1,MC,RES1,m
538004,34.0375502,-118.4621616,360,104956.3,W1-m-RES1-DF,06037267502,RES,RES1,W1,MC,RES1,m
538135,34.2900933,-118.374193,360,217449.6,W1-m-RES1-DF,06037104124,RES,RES1,W1,MC,RES1,m
538192,33.9082352,-118.1471817,360,141129.2,W1-m-RES1-DF,06037553400,RES,RES1,W1,MC,RES1,m
538246,34.0550334,-118.3487365,360,62121.71,W1-m-RES1-DF,06037216202,RES,RES1,W1,MC,RES1,m
538400,34.0530704,-118.3948253,360,322505.6,W1-m-RES1-DF,06037269100,RES,RES1,W1,MC,RES1,m
538489,34.0674874,-117.793282,360,129904.8,W1-m-RES1-DF,06037402405,RES,RES1,W1,MC,RES1,m
538545,36.7654223,-119.8893004,360,723932.0,W1-m-RES1-DF,06019003811,RES,RES1,W1,MC,RES1,m
538571,34.4130776,-119.8606431,360,4177.64,W1-m-RES1-DF,06083002926,RES,RES1,W1,MC,RES1,m
538672,34.0627353,-118.4220876,360,217141.9,W1-m-RES1-DF,06037265701,RES,RES1,W1,MC,RES1,m
538848,35.2563484,-120.66038,360,92303.75,W1-m-RES1-DF,06079011103,RES,RES1,W1,MC,RES1,m
538969,33.9730801,-118.330376,360,130039.5,W1-m-RES1-DF,06037235202,RES,RES1,W1,MC,RES1,m
539048,38.7022909,-121.5487912,360,47684.42,W1-m-RES1-DF,06067007101,RES,RES1,W1,MC,RES1,m
539099,34.0153374,-117.706717,360,76050.86,W1-m-RES1-DF,06071000503,RES,RES1,W1,MC,RES1,m
539153,37.7657245,-122.4460838,360,243730.1,W1-m-RES1-DF,06075017101,RES,RES1,W1,MC,RES1,m
539307,34.0190747,-118.503319,360,93051.59,W1-m-RES1-DF,06037701402,RES,RES1,W1,MC,RES1,m
539451,37.2436526,-121.985561,360,552275.4,W1-m-RES1-DF,06085507206,RES,RES1,W1,MC,RES1,m
539510,36.0455701,-119.0245259,360,115333.0,W1-m-RES1-DF,06107004102,RES,RES1,W1,MC,RES1,m
539562,33.7700579,-118.1126708,360,190491.5,W1-m-RES1-DF,06037577602,RES,RES1,W1,MC,RES1,m
539625,37.6554243,-122.4609313,360,390111.5,W1-m-RES1-DF,06081601603,RES,RES1,W1,MC,RES1,m
539730,33.7979555,-117.8074249,360,479849.0,W1-m-RES1-DF,06059021913,RES,RES1,W1,MC,RES1,m
539780,34.1118129,-117.552597,360,29991.39,W1-m-RES1-DF,06071002050,RES,RES1,W1,MC,RES1,m
539888,35.6773299,-118.101417,360,135587.2,W1-m-RES1-DF,06029005207,RES,RES1,W1,MC,RES1,m
540054,33.9875224,-118.4489221,360,392732.5,W1-m-RES1-DF,06037274100,RES,RES1,W1,MC,RES1,m
540181,37.527781,-121.9613408,360,296046.3,W1-m-RES1-DF,06001442301,RES,RES1,W1,MC,RES1,m
540261,34.0387633,-118.0175275,360,236761.4,W1-m-RES1-DF,06037408302,RES,RES1,W1,MC,RES1,m
540302,32.6037558,-117.0401186,360,255762.4,W1-m-RES1-DF,06073013306,RES,RES1,W1,MC,RES1,m
540396,37.3401522,-121.9220248,360,172275.6,W1-m-RES1-DF,06085500400,RES,RES1,W1,MC,RES1,m
540496,32.5473763,-117.0528794,360,96308.68,W1-m-RES1-DF,06073010009,RES,RES1,W1,MC,RES1,m
540581,36.9729892,-120.6190008,360,153962.0,W1-m-RES1-DF,06047002403,RES,RES1,W1,MC,RES1,m
540662,34.0081676,-118.4672197,360,347154.6,W1-m-RES1-DF,06037702202,RES,RES1,W1,MC,RES1,m
540774,36.6690582,-121.6261025,360,127201.1,W1-m-RES1-DF,06053000900,RES,RES1,W1,MC,RES1,m
540825,34.2300529,-118.4563783,360,45382.35,W1-m-RES1-DF,06037120108,RES,RES1,W1,MC,RES1,m
540910,33.9560337,-118.2761415,360,73008.54,W1-m-RES1-DF,06037240200,RES,RES1,W1,MC,RES1,m
540953,38.0140103,-121.9333515,360,3073.99,W1-m-RES1-DF,06013313203,RES,RES1,W1,MC,RES1,m
540985,34.1007069,-117.7086988,360,26073.33,W1-m-RES1-DF,06037401901,RES,RES1,W1,MC,RES1,m
541041,37.9761614,-121.3288819,360,95061.0,W1-m-RES1-DF,06077001101,RES,RES1,W1,MC,RES1,m
541085,33.9704698,-118.170644,360,37360.28,W1-m-RES1-DF,06037533806,RES,RES1,W1,MC,RES1,m
541181,37.9550367,-122.0446082,360,75029.4,W1-m-RES1-DF,06013336202,RES,RES1,W1,MC,RES1,m
541325,35.2838381,-120.6420944,360,193426.7,W1-m-RES1-DF,06079011002,RES,RES1,W1,MC,RES1,m
541562,32.8156455,-115.3745809,360,140690.1,W1-m-RES1-DF,06025010900,RES,RES1,W1,MC,RES1,m
541645,40.0916292,-120.910825,360,271450.1,W1-m-RES1-DF,06063000400,RES,RES1,W1,MC,RES1,m
541873,37.3351801,-121.8840965,360,67270.77,W1-m-RES1-DF,06085500901,RES,RES1,W1,MC,RES1,m
541981,33.9274179,-117.9948416,360,267105.0,W1-m-RES1-DF,06037503701,RES,RES1,W1,MC,RES1,m
542046,37.9089645,-122.3022233,360,185759.0,W1-m-RES1-DF,06013388000,RES,RES1,W1,MC,RES1,m
542091,38.7133682,-121.3544212,360,380826.3,W1-m-RES1-DF,06067007439,RES,RES1,W1,MC,RES1,m
542173,37.3387146,-121.8745424,360,241252.8,W1-m-RES1-DF,06085501300,RES,RES1,W1,MC,RES1,m
542436,32.6650174,-117.1159847,360,25386.77,W1-m-RES1-DF,06073021900,RES,RES1,W1,MC,RES1,m
542519,40.4590543,-122.439694,360,384660.6,W1-m-RES1-DF,06089012302,RES,RES1,W1,MC,RES1,m
542599,32.8463177,-117.2765927,360,60044.77,W1-m-RES1-DF,06073008202,RES,RES1,W1,MC,RES1,m
542683,36.7759071,-119.7430752,360,236251.0,W1-m-RES1-DF,06019003201,RES,RES1,W1,MC,RES1,m
542747,37.4663591,-122.233641,360,321401.7,W1-m-RES1-DF,06081611000,RES,RES1,W1,MC,RES1,m
542827,33.9172388,-118.147433,360,250455.2,W1-m-RES1-DF,06037551700,RES,RES1,W1,MC,RES1,m
542900,35.3049001,-119.0426668,360,39486.09,W1-m-RES1-DF,06029003133,RES,RES1,W1,MC,RES1,m
542989,33.9985885,-118.3401633,360,834159.5,W1-m-RES1-DF,06037703200,RES,RES1,W1,MC,RES1,m
543084,33.6333298,-117.868556,360,561895.2,W1-m-RES1-DF,06059063007,RES,RES1,W1,MC,RES1,m
543156,34.1484802,-118.0130107,360,102241.4,W1-m-RES1-DF,06037431003,RES,RES1,W1,MC,RES1,m
543263,37.1195801,-120.2696966,360,281146.0,W1-m-RES1-DF,06039000302,RES,RES1,W1,MC,RES1,m
543366,34.0443254,-118.3275531,360,63493.38,W1-m-RES1-DF,06037218110,RES,RES1,W1,MC,RES1,m
543476,37.3480957,-121.8919669,360,146152.4,W1-m-RES1-DF,06085501101,RES,RES1,W1,MC,RES1,m
543669,37.3512545,-121.9455635,360,123701.8,W1-m-RES1-DF,06085505600,RES,RES1,W1,MC,RES1,m
543742,34.0628647,-117.147643,360,122650.2,W1-m-RES1-DF,06071008402,RES,RES1,W1,MC,RES1,m
543770,37.6987494,-121.4447796,360,438636.0,W1-m-RES1-DF,06077005218,RES,RES1,W1,MC,RES1,m
543912,38.5818714,-121.5016595,360,227.22,W1-m-RES1-DF,06067000700,RES,RES1,W1,MC,RES1,m
544000,37.9289405,-121.7089879,360,87757.74,W1-m-RES1-DF,06013303204,RES,RES1,W1,MC,RES1,m
544098,38.1738614,-122.1668369,360,6957.25,W1-m-RES1-DF,06095252206,RES,RES1,W1,MC,RES1,m
544144,34.0259582,-118.4105667,360,5023.92,W1-m-RES1-DF,06037269909,RES,RES1,W1,MC,RES1,m
544239,37.3907632,-121.8525385,360,466473.4,W1-m-RES1-DF,06085504307,RES,RES1,W1,MC,RES1,m
544285,34.224257,-119.1903853,360,126453.1,W1-m-RES1-DF,06111003011,RES,RES1,W1,MC,RES1,m
544375,33.9368726,-116.9288048,360,115578.5,W1-m-RES1-DF,06065044103,RES,RES1,W1,MC,RES1,m
544441,38.6080686,-121.3045812,360,256903.0,W1-m-RES1-DF,06067008913,RES,RES1,W1,MC,RES1,m
544531,36.5770545,-119.5900856,360,393131.0,W1-m-RES1-DF,06019007004,RES,RES1,W1,MC,RES1,m
544640,33.8244877,-118.3230148,360,37235.64,W1-m-RES1-DF,06037650904,RES,RES1,W1,MC,RES1,m
544855,36.8444833,-119.7923908,360,93090.0,W1-m-RES1-DF,06019004404,RES,RES1,W1,MC,RES1,m
544925,32.7791334,-116.9354238,360,179885.1,W1-m-RES1-DF,06073015408,RES,RES1,W1,MC,RES1,m
545041,33.1735608,-117.3403004,360,513405.6,W1-m-RES1-DF,06073017801,RES,RES1,W1,MC,RES1,m
545067,34.171968,-119.1487697,360,241303.1,W1-m-RES1-DF,06111004717,RES,RES1,W1,MC,RES1,m
545128,34.0641759,-117.9903099,360,67083.96,W1-m-RES1-DF,06037404703,RES,RES1,W1,MC,RES1,m
545185,34.4348092,-117.3552414,360,71596.94,W1-m-RES1-DF,06071010016,RES,RES1,W1,MC,RES1,m
545233,34.0323937,-117.9468466,360,202218.8,W1-m-RES1-DF,06037407602,RES,RES1,W1,MC,RES1,m
545296,33.9564949,-118.2236211,360,43676.82,W1-m-RES1-DF,06037535603,RES,RES1,W1,MC,RES1,m
545393,34.573907,-118.153381,360,36571.86,W1-m-RES1-DF,06037910401,RES,RES1,W1,MC,RES1,m
545432,34.9804585,-120.4373445,360,64809.92,W1-m-RES1-DF,06083002308,RES,RES1,W1,MC,RES1,m
545469,34.0083628,-117.6630434,360,91261.3,W1-m-RES1-DF,06071001901,RES,RES1,W1,MC,RES1,m
545508,33.8985899,-118.0732039,360,362558.8,W1-m-RES1-DF,06037552700,RES,RES1,W1,MC,RES1,m
545555,38.0302951,-121.2701021,360,831410.0,W1-m-RES1-DF,06077003503,RES,RES1,W1,MC,RES1,m
545604,34.0474941,-118.4566299,360,17524.38,W1-m-RES1-DF,06037267403,RES,RES1,W1,MC,RES1,m
545744,32.7727787,-117.2172697,360,116972.8,W1-m-RES1-DF,06073007601,RES,RES1,W1,MC,RES1,m
545877,33.7384711,-118.105723,360,103015.1,W1-m-RES1-DF,06059099511,RES,RES1,W1,MC,RES1,m
545980,35.3449134,-119.0678215,360,224768.9,W1-m-RES1-DF,06029002804,RES,RES1,W1,MC,RES1,m
546038,36.3609469,-119.2487437,360,464628.8,W1-m-RES1-DF,06107001304,RES,RES1,W1,MC,RES1,m
546067,38.659506,-121.7934766,360,363512.0,W1-m-RES1-DF,06113011203,RES,RES1,W1,MC,RES1,m
546109,38.7330245,-120.6258013,360,362374.0,W1-m-RES1-DF,06017031405,RES,RES1,W1,MC,RES1,m
546153,38.0093072,-121.3447868,360,271437.4,W1-m-RES1-DF,06077003109,RES,RES1,W1,MC,RES1,m
546271,34.0892775,-118.3538978,360,34123.85,W1-m-RES1-DF,06037700102,RES,RES1,W1,MC,RES1,m
546401,37.9402165,-122.0080941,360,802089.4,W1-m-RES1-DF,06013337300,RES,RES1,W1,MC,RES1,m
546524,37.7763092,-122.4143407,360,55832.83,W1-m-RES1-DF,06075017603,RES,RES1,W1,MC,RES1,m
546794,34.0433812,-118.3937878,360,835552.8,W1-m-RES1-DF,06037269500,RES,RES1,W1,MC,RES1,m
546835,37.7531762,-122.4381261,360,324248.0,W1-m-RES1-DF,06075021200,RES,RES1,W1,MC,RES1,m
546927,33.963628,-118.3111989,360,221268.0,W1-m-RES1-DF,06037238100,RES,RES1,W1,MC,RES1,m
546963,36.3498937,-119.6819083,360,439469.9,W1-m-RES1-DF,06031000603,RES,RES1,W1,MC,RES1,m
547063,39.1580007,-121.6236293,360,450138.2,W1-m-RES1-DF,06101050101,RES,RES1,W1,MC,RES1,m
547127,34.2421587,-118.4896512,360,420037.0,W1-m-RES1-DF,06037117301,RES,RES1,W1,MC,RES1,m
547181,37.3448825,-122.0458423,360,477765.4,W1-m-RES1-DF,06085508303,RES,RES1,W1,MC,RES1,m
547284,41.4283963,-122.2584785,360,387204.3,W1-m-RES1-DF,06093001003,RES,RES1,W1,MC,RES1,m
547379,37.7618332,-122.4193778,360,48810.66,W1-m-RES1-DF,06075020802,RES,RES1,W1,MC,RES1,m
547498,33.6340547,-117.6895286,360,392635.7,W1-m-RES1-DF,06059052416,RES,RES1,W1,MC,RES1,m
547550,33.8930103,-117.8785247,360,172762.3,W1-m-RES1-DF,06059011708,RES,RES1,W1,MC,RES1,m
547633,33.1897674,-117.2916515,360,149340.0,W1-m-RES1-DF,06073018518,RES,RES1,W1,MC,RES1,m
547695,32.8364005,-116.919712,360,248811.0,W1-m-RES1-DF,06073016807,RES,RES1,W1,MC,RES1,m
547785,38.0410617,-121.9444377,360,41857.92,W1-m-RES1-DF,06013314103,RES,RES1,W1,MC,RES1,m
547851,37.899434,-122.2661928,360,452764.8,W1-m-RES1-DF,06001421100,RES,RES1,W1,MC,RES1,m
547944,37.9648258,-121.2359883,360,122119.2,W1-m-RES1-DF,06077002701,RES,RES1,W1,MC,RES1,m
548066,32.7307683,-117.1465365,360,41953.07,W1-m-RES1-DF,06073005602,RES,RES1,W1,MC,RES1,m
548148,33.6779397,-117.1519414,360,27190.32,W1-m-RES1-DF,06065042738,RES,RES1,W1,MC,RES1,m
548182,33.6721712,-116.1927494,360,38487.43,W1-m-RES1-DF,06065045709,RES,RES1,W1,MC,RES1,m
548255,37.8260219,-122.2510667,360,37106.38,W1-m-RES1-DF,06001404102,RES,RES1,W1,MC,RES1,m
548343,34.0110019,-119.4256973,360,153097.1,W1-m-RES1-DF,06111003618,RES,RES1,W1,MC,RES1,m
548374,34.0298,-118.1615182,360,34225.48,W1-m-RES1-DF,06037531603,RES,RES1,W1,MC,RES1,m
548415,37.9884917,-121.7399442,360,48240.64,W1-m-RES1-DF,06013302013,RES,RES1,W1,MC,RES1,m
548445,33.9191433,-117.6799811,360,97095.74,W1-m-RES1-DF,06071000121,RES,RES1,W1,MC,RES1,m
548481,34.081199,-117.1893524,360,223483.9,W1-m-RES1-DF,06071008001,RES,RES1,W1,MC,RES1,m
548576,33.6939797,-117.9845182,360,220088.6,W1-m-RES1-DF,06059099235,RES,RES1,W1,MC,RES1,m
548676,33.9872213,-118.3276852,360,124071.0,W1-m-RES1-DF,06037234700,RES,RES1,W1,MC,RES1,m
548823,38.1293832,-122.2572661,360,29087.68,W1-m-RES1-DF,06095251802,RES,RES1,W1,MC,RES1,m
548909,38.4428937,-122.6739179,360,209327.2,W1-m-RES1-DF,06097151701,RES,RES1,W1,MC,RES1,m
548971,37.8008019,-122.2372726,360,100039.0,W1-m-RES1-DF,06001405600,RES,RES1,W1,MC,RES1,m
549056,38.7965217,-121.250877,360,318868.0,W1-m-RES1-DF,06061021106,RES,RES1,W1,MC,RES1,m
549111,34.0549663,-117.2379965,360,107236.1,W1-m-RES1-DF,06071007306,RES,RES1,W1,MC,RES1,m
549169,38.3994013,-121.345268,360,1059777.0,W1-m-RES1-DF,06067009328,RES,RES1,W1,MC,RES1,m
549201,37.7291306,-122.1778427,360,131230.2,W1-m-RES1-DF,06001409200,RES,RES1,W1,MC,RES1,m
549258,34.128066,-117.7147728,360,387767.2,W1-m-RES1-DF,06037400206,RES,RES1,W1,MC,RES1,m
549338,33.7892199,-117.4949771,360,76918.6,W1-m-RES1-DF,06065041910,RES,RES1,W1,MC,RES1,m
549380,37.6713222,-122.4206062,360,310489.4,W1-m-RES1-DF,06081602002,RES,RES1,W1,MC,RES1,m
549543,34.040805,-118.5419865,360,410936.0,W1-m-RES1-DF,06037262704,RES,RES1,W1,MC,RES1,m
549638,37.9256927,-122.0541352,360,228549.0,W1-m-RES1-DF,06013338203,RES,RES1,W1,MC,RES1,m
549799,33.9899239,-118.2209803,360,17609.04,W1-m-RES1-DF,06037532500,RES,RES1,W1,MC,RES1,m
549875,36.8867056,-119.7551413,360,1064428.0,W1-m-RES1-DF,06019005529,RES,RES1,W1,MC,RES1,m
549954,33.9314946,-118.3311233,360,202769.3,W1-m-RES1-DF,06037604200,RES,RES1,W1,MC,RES1,m
550106,37.0596718,-121.6052179,360,434304.9,W1-m-RES1-DF,06085512401,RES,RES1,W1,MC,RES1,m
550191,37.7714922,-122.2690581,360,320804.4,W1-m-RES1-DF,06001427800,RES,RES1,W1,MC,RES1,m
550450,34.278556,-118.8154736,360,322938.0,W1-m-RES1-DF,06111007700,RES,RES1,W1,MC,RES1,m
550564,34.1032743,-117.949001,360,91054.14,W1-m-RES1-DF,06037405002,RES,RES1,W1,MC,RES1,m
550627,36.3379664,-119.2920504,360,55575.0,W1-m-RES1-DF,06107001101,RES,RES1,W1,MC,RES1,m
550739,37.7661938,-122.1822982,360,254447.0,W1-m-RES1-DF,06001408600,RES,RES1,W1,MC,RES1,m
550832,33.9922359,-118.2695618,360,29641.92,W1-m-RES1-DF,06037229410,RES,RES1,W1,MC,RES1,m
550905,33.9975912,-118.4669822,360,99210.72,W1-m-RES1-DF,06037273200,RES,RES1,W1,MC,RES1,m
551006,36.7468158,-119.7453946,360,208753.0,W1-m-RES1-DF,06019002701,RES,RES1,W1,MC,RES1,m
551072,33.7345899,-117.925469,360,380962.7,W1-m-RES1-DF,06059099202,RES,RES1,W1,MC,RES1,m
551164,38.8000344,-121.2769378,360,565068.3,W1-m-RES1-DF,06061022900,RES,RES1,W1,MC,RES1,m
551325,39.9345095,-120.9336052,360,538838.0,W1-m-RES1-DF,06063000100,RES,RES1,W1,MC,RES1,m
551402,34.2481946,-118.4598237,360,174309.4,W1-m-RES1-DF,06037117102,RES,RES1,W1,MC,RES1,m
551463,34.4164792,-117.2931764,360,4586.76,W1-m-RES1-DF,06071010033,RES,RES1,W1,MC,RES1,m
551530,34.1918582,-118.5895109,360,4865.4,W1-m-RES1-DF,06037134906,RES,RES1,W1,MC,RES1,m
551766,39.0371349,-122.9188324,360,121037.4,W1-m-RES1-DF,06033000402,RES,RES1,W1,MC,RES1,m
551892,37.2276416,-121.9321866,360,1214947.0,W1-m-RES1-DF,06085506900,RES,RES1,W1,MC,RES1,m
551986,39.7457399,-121.7955079,360,649875.6,W1-m-RES1-DF,06007000904,RES,RES1,W1,MC,RES1,m
552075,33.6813269,-117.933236,360,418142.8,W1-m-RES1-DF,06059063806,RES,RES1,W1,MC,RES1,m
552134,33.9480872,-118.2100618,360,42917.58,W1-m-RES1-DF,06037535803,RES,RES1,W1,MC,RES1,m
552220,37.3268097,-121.9858274,360,505539.2,W1-m-RES1-DF,06085506103,RES,RES1,W1,MC,RES1,m
552289,33.6741552,-117.3812306,360,4025.38,W1-m-RES1-DF,06065043003,RES,RES1,W1,MC,RES1,m
552345,32.9164937,-117.1353259,360,267688.0,W1-m-RES1-DF,06073008357,RES,RES1,W1,MC,RES1,m
552402,35.328561,-119.0121173,360,154022.0,W1-m-RES1-DF,06029003001,RES,RES1,W1,MC,RES1,m
552496,33.9861395,-117.7223861,360,37662.52,W1-m-RES1-DF,06071000107,RES,RES1,W1,MC,RES1,m
552526,37.7738098,-121.8797382,360,7286.31,W1-m-RES1-DF,06013355126,RES,RES1,W1,MC,RES1,m
552612,33.8358485,-117.9806012,360,260599.7,W1-m-RES1-DF,06059086803,RES,RES1,W1,MC,RES1,m
552660,37.871978,-122.0816412,360,71646.72,W1-m-RES1-DF,06013351104,RES,RES1,W1,MC,RES1,m
552732,34.0278115,-118.1479458,360,136088.7,W1-m-RES1-DF,06037530302,RES,RES1,W1,MC,RES1,m
553042,34.067274,-118.4534106,360,4413.31,W1-m-RES1-DF,06037265303,RES,RES1,W1,MC,RES1,m
553106,35.379737,-118.9229278,360,115435.1,W1-m-RES1-DF,06029000907,RES,RES1,W1,MC,RES1,m
553192,34.1001699,-117.3078718,360,64728.38,W1-m-RES1-DF,06071004901,RES,RES1,W1,MC,RES1,m
553254,33.9522986,-118.1017791,360,160249.7,W1-m-RES1-DF,06037550501,RES,RES1,W1,MC,RES1,m
553316,34.1902625,-118.4956552,360,180550.3,W1-m-RES1-DF,06037132101,RES,RES1,W1,MC,RES1,m
553415,33.8644443,-118.1532248,360,151098.0,W1-m-RES1-DF,06037570100,RES,RES1,W1,MC,RES1,m
553487,38.5002139,-121.4394835,360,96047.0,W1-m-RES1-DF,06067004701,RES,RES1,W1,MC,RES1,m
553581,33.9949909,-118.4776989,360,34298.24,W1-m-RES1-DF,06037273404,RES,RES1,W1,MC,RES1,m
553694,33.2721323,-117.0811017,360,168262.5,W1-m-RES1-DF,06073019103,RES,RES1,W1,MC,RES1,m
553761,37.7603601,-122.1557634,360,326918.4,W1-m-RES1-DF,06001409800,RES,RES1,W1,MC,RES1,m
553837,36.8306557,-119.8992392,360,431083.6,W1-m-RES1-DF,06019004215,RES,RES1,W1,MC,RES1,m
553864,36.8885345,-119.7386292,360,497634.2,W1-m-RES1-DF,06019005504,RES,RES1,W1,MC,RES1,m
553936,33.2202111,-117.1669512,360,178371.9,W1-m-RES1-DF,06073019208,RES,RES1,W1,MC,RES1,m
553976,32.6830985,-115.481137,360,41173.51,W1-m-RES1-DF,06025012003,RES,RES1,W1,MC,RES1,m
554052,38.2443641,-122.653264,360,265526.9,W1-m-RES1-DF,06097150902,RES,RES1,W1,MC,RES1,m
554123,36.6799302,-121.6171938,360,144002.3,W1-m-RES1-DF,06053000600,RES,RES1,W1,MC,RES1,m
554227,36.6977507,-119.804314,360,152679.0,W1-m-RES1-DF,06019001000,RES,RES1,W1,MC,RES1,m
554316,33.7543199,-118.1217851,360,488055.8,W1-m-RES1-DF,06037577501,RES,RES1,W1,MC,RES1,m
554411,33.8934717,-118.3134344,360,233310.6,W1-m-RES1-DF,06037603400,RES,RES1,W1,MC,RES1,m
554472,34.1216662,-118.2092262,360,95077.97,W1-m-RES1-DF,06037183401,RES,RES1,W1,MC,RES1,m
554545,37.4511933,-122.1470199,360,925006.4,W1-m-RES1-DF,06085511200,RES,RES1,W1,MC,RES1,m
554662,34.5925409,-117.2235881,360,439558.4,W1-m-RES1-DF,06071012101,RES,RES1,W1,MC,RES1,m
554749,34.1089007,-118.0972909,360,287282.0,W1-m-RES1-DF,06037480202,RES,RES1,W1,MC,RES1,m
554805,34.1272673,-117.3315695,360,183173.3,W1-m-RES1-DF,06071004201,RES,RES1,W1,MC,RES1,m
554898,37.7533497,-122.2396803,360,491878.3,W1-m-RES1-DF,06001428200,RES,RES1,W1,MC,RES1,m
554993,32.7345888,-117.010411,360,59181.48,W1-m-RES1-DF,06073013802,RES,RES1,W1,MC,RES1,m
555091,32.650792,-117.0929625,360,44853.68,W1-m-RES1-DF,06073012401,RES,RES1,W1,MC,RES1,m
555155,33.9840707,-117.9429855,360,125486.4,W1-m-RES1-DF,06037408628,RES,RES1,W1,MC,RES1,m
555175,34.4807029,-117.3897425,360,32652.0,W1-m-RES1-DF,06071009137,RES,RES1,W1,MC,RES1,m
555259,34.3055419,-118.4123941,360,323393.3,W1-m-RES1-DF,06037106112,RES,RES1,W1,MC,RES1,m
555367,38.4655202,-122.7382164,360,92614.37,W1-m-RES1-DF,06097152803,RES,RES1,W1,MC,RES1,m
555458,37.7408161,-122.1621741,360,253242.6,W1-m-RES1-DF,06001410400,RES,RES1,W1,MC,RES1,m
555505,33.77407,-116.8807172,360,33819.8,W1-m-RES1-DF,06065941500,RES,RES1,W1,MC,RES1,m
555588,39.3439207,-123.0742992,360,79206.66,W1-m-RES1-DF,06045010802,RES,RES1,W1,MC,RES1,m
555621,34.0813583,-117.392117,360,57490.6,W1-m-RES1-DF,06071003605,RES,RES1,W1,MC,RES1,m
555653,34.2984691,-118.5084331,360,359415.5,W1-m-RES1-DF,06037106641,RES,RES1,W1,MC,RES1,m
555690,37.4018243,-121.8548256,360,439456.2,W1-m-RES1-DF,06085504314,RES,RES1,W1,MC,RES1,m
555760,34.1392052,-117.2535715,360,60491.21,W1-m-RES1-DF,06071006204,RES,RES1,W1,MC,RES1,m
555848,34.9287968,-120.478073,360,302486.1,W1-m-RES1-DF,06083002409,RES,RES1,W1,MC,RES1,m
556021,33.1270113,-117.0844242,360,17461.75,W1-m-RES1-DF,06073020214,RES,RES1,W1,MC,RES1,m
556145,37.9431727,-121.2878729,360,22676.69,W1-m-RES1-DF,06077000700,RES,RES1,W1,MC,RES1,m
556218,33.6218613,-114.5601089,360,119023.1,W1-m-RES1-DF,06065047000,RES,RES1,W1,MC,RES1,m
556302,33.9357645,-116.8681004,360,195516.6,W1-m-RES1-DF,06065044200,RES,RES1,W1,MC,RES1,m
556425,34.4427185,-119.2836192,360,391404.0,W1-m-RES1-DF,06111001002,RES,RES1,W1,MC,RES1,m
556589,37.974622,-122.5640075,360,613079.4,W1-m-RES1-DF,06041117000,RES,RES1,W1,MC,RES1,m
556683,34.1035829,-118.2961605,360,18005.68,W1-m-RES1-DF,06037189201,RES,RES1,W1,MC,RES1,m
556763,36.7398419,-121.6216521,360,146456.6,W1-m-RES1-DF,06053000101,RES,RES1,W1,MC,RES1,m
556899,33.9906137,-118.4391729,360,432084.3,W1-m-RES1-DF,06037275400,RES,RES1,W1,MC,RES1,m
556979,35.3503446,-119.0477783,360,127296.1,W1-m-RES1-DF,06029002825,RES,RES1,W1,MC,RES1,m
557016,32.6775705,-117.0547677,360,182334.3,W1-m-RES1-DF,06073003211,RES,RES1,W1,MC,RES1,m
557055,38.6559109,-121.3175668,360,438908.0,W1-m-RES1-DF,06067007903,RES,RES1,W1,MC,RES1,m
557123,36.3236976,-119.3407145,360,73603.0,W1-m-RES1-DF,06107002008,RES,RES1,W1,MC,RES1,m
557235,34.1628402,-118.5263111,360,341914.0,W1-m-RES1-DF,06037139502,RES,RES1,W1,MC,RES1,m
557269,34.0900468,-117.3337913,360,99637.75,W1-m-RES1-DF,06071006604,RES,RES1,W1,MC,RES1,m
557341,34.8750136,-116.9691248,360,259055.2,W1-m-RES1-DF,06071012002,RES,RES1,W1,MC,RES1,m
557393,33.1518043,-117.3399517,360,182285.2,W1-m-RES1-DF,06073017902,RES,RES1,W1,MC,RES1,m
557504,33.4308168,-117.6067263,360,555387.1,W1-m-RES1-DF,06059042113,RES,RES1,W1,MC,RES1,m
557583,34.0707544,-117.9850286,360,143065.4,W1-m-RES1-DF,06037404702,RES,RES1,W1,MC,RES1,m
557621,38.8290529,-121.2420643,360,753498.5,W1-m-RES1-DF,06061021122,RES,RES1,W1,MC,RES1,m
557660,34.0073136,-118.2893576,360,8825.06,W1-m-RES1-DF,06037231710,RES,RES1,W1,MC,RES1,m
557748,40.4565423,-122.2681737,360,127369.7,W1-m-RES1-DF,06089012102,RES,RES1,W1,MC,RES1,m
557833,33.9130743,-118.3481183,360,42037.77,W1-m-RES1-DF,06037602403,RES,RES1,W1,MC,RES1,m
557907,34.276148,-118.4046859,360,83850.33,W1-m-RES1-DF,06037104105,RES,RES1,W1,MC,RES1,m
557989,37.8246262,-122.2406411,360,957688.3,W1-m-RES1-DF,06001426200,RES,RES1,W1,MC,RES1,m
558086,34.1667371,-118.3844985,360,184367.1,W1-m-RES1-DF,06037125200,RES,RES1,W1,MC,RES1,m
558212,39.4540994,-121.7723641,360,264237.6,W1-m-RES1-DF,06007003600,RES,RES1,W1,MC,RES1,m
558290,34.0121649,-117.0472277,360,94787.71,W1-m-RES1-DF,06071008709,RES,RES1,W1,MC,RES1,m
558362,34.0074463,-118.284071,360,47426.29,W1-m-RES1-DF,06037231720,RES,RES1,W1,MC,RES1,m
558449,34.1723196,-118.124676,360,169120.6,W1-m-RES1-DF,06037461400,RES,RES1,W1,MC,RES1,m
558497,37.0011768,-119.4485471,360,235571.5,W1-m-RES1-DF,06019006406,RES,RES1,W1,MC,RES1,m
558552,40.8925054,-124.0969908,360,240231.6,W1-m-RES1-DF,06023001102,RES,RES1,W1,MC,RES1,m
558827,33.8016879,-118.1691388,360,182405.1,W1-m-RES1-DF,06037573402,RES,RES1,W1,MC,RES1,m
559035,34.1381332,-118.157179,360,374073.3,W1-m-RES1-DF,06037463700,RES,RES1,W1,MC,RES1,m
559294,37.3653589,-118.4048952,360,115656.0,W1-m-RES1-DF,06027000400,RES,RES1,W1,MC,RES1,m
559488,36.6807321,-121.7902463,360,117313.7,W1-m-RES1-DF,06053014202,RES,RES1,W1,MC,RES1,m
559584,37.3022849,-122.0379286,360,610901.2,W1-m-RES1-DF,06085507808,RES,RES1,W1,MC,RES1,m
559645,38.0380902,-121.3383629,360,218295.0,W1-m-RES1-DF,06077003218,RES,RES1,W1,MC,RES1,m
559690,35.6362169,-120.7208975,360,103050.0,W1-m-RES1-DF,06079010101,RES,RES1,W1,MC,RES1,m
559757,41.0171618,-122.6402253,360,443584.9,W1-m-RES1-DF,06105000101,RES,RES1,W1,MC,RES1,m
559830,38.6630134,-121.5168452,360,190433.0,W1-m-RES1-DF,06067007103,RES,RES1,W1,MC,RES1,m
559940,36.726462,-119.8010347,360,143999.0,W1-m-RES1-DF,06019000300,RES,RES1,W1,MC,RES1,m
560069,36.01376,-119.7891118,360,396170.6,W1-m-RES1-DF,06031001601,RES,RES1,W1,MC,RES1,m
560194,39.2650892,-121.2296526,360,537979.0,W1-m-RES1-DF,06057000404,RES,RES1,W1,MC,RES1,m
560235,38.8759015,-121.3178934,360,1032323.0,W1-m-RES1-DF,06061023300,RES,RES1,W1,MC,RES1,m
560285,34.1223718,-118.1142336,360,717495.6,W1-m-RES1-DF,06037464101,RES,RES1,W1,MC,RES1,m
560322,37.0858279,-120.8424804,360,207969.8,W1-m-RES1-DF,06047002204,RES,RES1,W1,MC,RES1,m
560580,39.1343016,-121.6664514,360,345684.7,W1-m-RES1-DF,06101050501,RES,RES1,W1,MC,RES1,m
560753,34.0741029,-118.0325211,360,141829.8,W1-m-RES1-DF,06037432700,RES,RES1,W1,MC,RES1,m
560853,34.0626975,-117.6971378,360,39188.11,W1-m-RES1-DF,06071000306,RES,RES1,W1,MC,RES1,m
560973,37.9409897,-122.3623529,360,192333.2,W1-m-RES1-DF,06013376000,RES,RES1,W1,MC,RES1,m
561026,34.2173074,-118.1809076,360,82022.35,W1-m-RES1-DF,06037460401,RES,RES1,W1,MC,RES1,m
561205,33.0526994,-117.2532768,360,267270.8,W1-m-RES1-DF,06073017108,RES,RES1,W1,MC,RES1,m
561226,33.9074818,-118.1138489,360,239727.5,W1-m-RES1-DF,06037553202,RES,RES1,W1,MC,RES1,m
561293,37.6724681,-122.147305,360,499022.3,W1-m-RES1-DF,06001435900,RES,RES1,W1,MC,RES1,m
561441,33.7705515,-116.7879765,360,213229.2,W1-m-RES1-DF,06065044404,RES,RES1,W1,MC,RES1,m
561518,34.8571727,-120.406643,360,285317.8,W1-m-RES1-DF,06083002005,RES,RES1,W1,MC,RES1,m
561571,37.3330729,-121.840794,360,220680.0,W1-m-RES1-DF,06085503401,RES,RES1,W1,MC,RES1,m
561587,38.6994816,-121.3466005,360,267326.0,W1-m-RES1-DF,06067007428,RES,RES1,W1,MC,RES1,m
561640,32.6514389,-117.072425,360,111550.6,W1-m-RES1-DF,06073012303,RES,RES1,W1,MC,RES1,m
561718,37.3737018,-121.8672416,360,229970.3,W1-m-RES1-DF,06085504319,RES,RES1,W1,MC,RES1,m
561784,37.911727,-120.3122418,360,374455.6,W1-m-RES1-DF,06109004101,RES,RES1,W1,MC,RES1,m
561941,37.6982784,-122.0828322,360,120165.9,W1-m-RES1-DF,06001430900,RES,RES1,W1,MC,RES1,m
562040,37.7646042,-122.1709592,360,135995.0,W1-m-RES1-DF,06001408400,RES,RES1,W1,MC,RES1,m
562117,34.4064082,-119.7269275,360,393669.8,W1-m-RES1-DF,06083001308,RES,RES1,W1,MC,RES1,m
562150,38.6811008,-121.3538795,360,219660.0,W1-m-RES1-DF,06067007416,RES,RES1,W1,MC,RES1,m
562283,37.9949416,-121.2262076,360,204894.6,W1-m-RES1-DF,06077003601,RES,RES1,W1,MC,RES1,m
562377,32.6637755,-116.781851,360,129478.0,W1-m-RES1-DF,06073021302,RES,RES1,W1,MC,RES1,m
562451,37.8118972,-121.2108409,360,230122.8,W1-m-RES1-DF,06077005141,RES,RES1,W1,MC,RES1,m
562547,35.2513177,-118.3406115,360,30864.97,W1-m-RES1-DF,06029006004,RES,RES1,W1,MC,RES1,m
562602,34.5416538,-117.4159854,360,107416.3,W1-m-RES1-DF,06071009129,RES,RES1,W1,MC,RES1,m
562647,34.0802799,-118.1389262,360,61113.16,W1-m-RES1-DF,06037480902,RES,RES1,W1,MC,RES1,m
562720,34.8714836,-120.4100199,360,148682.6,W1-m-RES1-DF,06083002010,RES,RES1,W1,MC,RES1,m
562861,37.3584847,-121.8927601,360,296556.9,W1-m-RES1-DF,06085500100,RES,RES1,W1,MC,RES1,m
563017,32.7715643,-117.0626516,360,226560.9,W1-m-RES1-DF,06073002904,RES,RES1,W1,MC,RES1,m
563094,34.028889,-118.4195622,360,183066.0,W1-m-RES1-DF,06037271704,RES,RES1,W1,MC,RES1,m
563140,34.045598,-117.9158494,360,294917.1,W1-m-RES1-DF,06037408003,RES,RES1,W1,MC,RES1,m
563223,33.8840992,-118.3062131,360,75362.55,W1-m-RES1-DF,06037603301,RES,RES1,W1,MC,RES1,m
563304,33.7848764,-118.2782902,360,120309.1,W1-m-RES1-DF,06037294302,RES,RES1,W1,MC,RES1,m
563368,34.0672615,-117.6409852,360,80731.31,W1-m-RES1-DF,06071001501,RES,RES1,W1,MC,RES1,m
563421,35.3371405,-119.1201183,360,148786.4,W1-m-RES1-DF,06029002811,RES,RES1,W1,MC,RES1,m
563464,34.0237432,-117.2235217,360,66537.81,W1-m-RES1-DF,06071007307,RES,RES1,W1,MC,RES1,m
563582,37.6975475,-122.4665757,360,274122.3,W1-m-RES1-DF,06081600600,RES,RES1,W1,MC,RES1,m
563678,37.3625769,-122.0562147,360,826114.1,W1-m-RES1-DF,06085508401,RES,RES1,W1,MC,RES1,m
563738,33.8262637,-118.1094908,360,546113.0,W1-m-RES1-DF,06037573700,RES,RES1,W1,MC,RES1,m
563793,33.9740105,-118.1555455,360,30636.48,W1-m-RES1-DF,06037533901,RES,RES1,W1,MC,RES1,m
563847,34.2732407,-118.3078874,360,255997.8,W1-m-RES1-DF,06037103101,RES,RES1,W1,MC,RES1,m
563981,36.1572027,-120.3728662,360,224195.5,W1-m-RES1-DF,06019008000,RES,RES1,W1,MC,RES1,m
564065,34.1566319,-117.3081225,360,155329.7,W1-m-RES1-DF,06071004603,RES,RES1,W1,MC,RES1,m
564112,37.527554,-120.8635725,360,283324.0,W1-m-RES1-DF,06099003610,RES,RES1,W1,MC,RES1,m
564316,38.6120817,-122.8671471,360,150207.5,W1-m-RES1-DF,06097153902,RES,RES1,W1,MC,RES1,m
564404,37.8679151,-122.2495095,360,35348.39,W1-m-RES1-DF,06001422700,RES,RES1,W1,MC,RES1,m
564524,38.6251642,-121.4410175,360,245800.9,W1-m-RES1-DF,06067006600,RES,RES1,W1,MC,RES1,m
564617,33.8443711,-117.8118234,360,394212.3,W1-m-RES1-DF,06059021915,RES,RES1,W1,MC,RES1,m
564653,32.7439483,-117.0844893,360,104625.0,W1-m-RES1-DF,06073002710,RES,RES1,W1,MC,RES1,m
564850,37.8425607,-122.2898163,360,61327.85,W1-m-RES1-DF,06001425103,RES,RES1,W1,MC,RES1,m
564931,34.944588,-120.4448423,360,13641.6,W1-m-RES1-DF,06083002406,RES,RES1,W1,MC,RES1,m
565048,33.899999,-118.1515696,360,90730.56,W1-m-RES1-DF,06037553502,RES,RES1,W1,MC,RES1,m
565204,34.2255624,-118.5416703,360,123891.8,W1-m-RES1-DF,06037115404,RES,RES1,W1,MC,RES1,m
565255,33.9794937,-117.2918083,360,128621.9,W1-m-RES1-DF,06065042214,RES,RES1,W1,MC,RES1,m
565338,37.9161083,-122.3229325,360,273734.3,W1-m-RES1-DF,06013382000,RES,RES1,W1,MC,RES1,m
565417,32.7062651,-117.0230028,360,336222.3,W1-m-RES1-DF,06073003107,RES,RES1,W1,MC,RES1,m
565455,36.6084633,-119.5389437,360,140717.0,W1-m-RES1-DF,06019008503,RES,RES1,W1,MC,RES1,m
565545,38.3317566,-122.3124397,360,421166.9,W1-m-RES1-DF,06055200601,RES,RES1,W1,MC,RES1,m
565624,36.4202175,-119.2108517,360,341162.6,W1-m-RES1-DF,06107000802,RES,RES1,W1,MC,RES1,m
565754,33.9882746,-118.4233089,360,347205.1,W1-m-RES1-DF,06037275311,RES,RES1,W1,MC,RES1,m
565801,38.2376164,-122.6132538,360,324305.0,W1-m-RES1-DF,06097150601,RES,RES1,W1,MC,RES1,m
565851,34.0856011,-117.5989045,360,58462.43,W1-m-RES1-DF,06071001311,RES,RES1,W1,MC,RES1,m
565895,34.2344335,-117.2680269,360,365596.3,W1-m-RES1-DF,06071010803,RES,RES1,W1,MC,RES1,m
566011,33.517011,-117.147694,360,4048.5,W1-m-RES1-DF,06065043216,RES,RES1,W1,MC,RES1,m
566069,34.163048,-118.3768649,360,16576.5,W1-m-RES1-DF,06037125403,RES,RES1,W1,MC,RES1,m
566130,37.2401629,-121.810595,360,229799.9,W1-m-RES1-DF,06085512036,RES,RES1,W1,MC,RES1,m
566193,37.8179589,-121.2887068,360,202994.3,W1-m-RES1-DF,06077005129,RES,RES1,W1,MC,RES1,m
566239,33.4416403,-116.9699905,360,15923.63,W1-m-RES1-DF,06065043203,RES,RES1,W1,MC,RES1,m
566291,37.7767733,-122.475544,360,320488.6,W1-m-RES1-DF,06075047600,RES,RES1,W1,MC,RES1,m
566449,36.2803436,-119.2922448,360,252493.6,W1-m-RES1-DF,06107002011,RES,RES1,W1,MC,RES1,m
566504,33.8432218,-118.1335566,360,271663.0,W1-m-RES1-DF,06037571202,RES,RES1,W1,MC,RES1,m
566661,35.484358,-118.9832964,360,133375.1,W1-m-RES1-DF,06029005103,RES,RES1,W1,MC,RES1,m
566745,34.072159,-118.2817724,360,39566.82,W1-m-RES1-DF,06037208610,RES,RES1,W1,MC,RES1,m
566824,34.0087852,-117.8924297,360,173522.2,W1-m-RES1-DF,06037408141,RES,RES1,W1,MC,RES1,m
566840,33.9506731,-118.2241036,360,83577.05,W1-m-RES1-DF,06037535604,RES,RES1,W1,MC,RES1,m
566875,34.0793607,-118.1974043,360,68016.27,W1-m-RES1-DF,06037199110,RES,RES1,W1,MC,RES1,m
566971,33.9992469,-118.2432565,360,46818.06,W1-m-RES1-DF,06037228800,RES,RES1,W1,MC,RES1,m
567044,34.0229329,-117.9348629,360,214765.0,W1-m-RES1-DF,06037407802,RES,RES1,W1,MC,RES1,m
567141,37.4431681,-122.1532785,360,307562.9,W1-m-RES1-DF,06085511301,RES,RES1,W1,MC,RES1,m
567291,34.1902959,-118.4443506,360,74957.85,W1-m-RES1-DF,06037128102,RES,RES1,W1,MC,RES1,m
567349,38.6628227,-120.9841896,360,308836.4,W1-m-RES1-DF,06017030809,RES,RES1,W1,MC,RES1,m
567413,33.7097167,-118.0546838,360,297449.5,W1-m-RES1-DF,06059099417,RES,RES1,W1,MC,RES1,m
567492,36.603362,-121.8317468,360,312329.6,W1-m-RES1-DF,06053013500,RES,RES1,W1,MC,RES1,m
567559,34.225826,-118.6125452,360,565657.9,W1-m-RES1-DF,06037113232,RES,RES1,W1,MC,RES1,m
567593,32.9341462,-117.1180084,360,11785.2,W1-m-RES1-DF,06073008380,RES,RES1,W1,MC,RES1,m
567615,33.7676719,-117.0127272,360,46124.28,W1-m-RES1-DF,06065043518,RES,RES1,W1,MC,RES1,m
567666,34.1049415,-118.1699087,360,580678.1,W1-m-RES1-DF,06037480702,RES,RES1,W1,MC,RES1,m
567726,33.7074697,-118.0193274,360,501252.8,W1-m-RES1-DF,06059099404,RES,RES1,W1,MC,RES1,m
567799,33.9104416,-117.9234129,360,444452.3,W1-m-RES1-DF,06059001604,RES,RES1,W1,MC,RES1,m
567851,37.7654353,-122.4504754,360,152500.8,W1-m-RES1-DF,06075017102,RES,RES1,W1,MC,RES1,m
567965,33.1732234,-117.2166255,360,128430.0,W1-m-RES1-DF,06073019902,RES,RES1,W1,MC,RES1,m
568074,32.7270563,-117.228922,360,144242.7,W1-m-RES1-DF,06073021402,RES,RES1,W1,MC,RES1,m
568132,33.8889374,-117.540661,360,202609.4,W1-m-RES1-DF,06065048200,RES,RES1,W1,MC,RES1,m
568252,33.8654909,-117.8706076,360,85498.05,W1-m-RES1-DF,06059011722,RES,RES1,W1,MC,RES1,m
568352,33.741904,-117.807244,360,301486.9,W1-m-RES1-DF,06059075506,RES,RES1,W1,MC,RES1,m
568515,33.6826195,-117.8854728,360,253621.4,W1-m-RES1-DF,06059063908,RES,RES1,W1,MC,RES1,m
568662,34.2654115,-118.5852975,360,363839.1,W1-m-RES1-DF,06037113101,RES,RES1,W1,MC,RES1,m
568767,33.7786151,-116.3591714,360,150515.3,W1-m-RES1-DF,06065044922,RES,RES1,W1,MC,RES1,m
568941,38.2954236,-122.2885169,360,103056.7,W1-m-RES1-DF,06055200202,RES,RES1,W1,MC,RES1,m
569027,37.4665634,-122.1427825,360,99476.84,W1-m-RES1-DF,06081612002,RES,RES1,W1,MC,RES1,m
569273,34.0296797,-117.6843653,360,227871.6,W1-m-RES1-DF,06071000603,RES,RES1,W1,MC,RES1,m
569342,34.1030793,-117.8463468,360,214065.3,W1-m-RES1-DF,06037403802,RES,RES1,W1,MC,RES1,m
569542,34.1170701,-117.7643631,360,78129.04,W1-m-RES1-DF,06037401601,RES,RES1,W1,MC,RES1,m
569601,34.225681,-118.4563753,360,24529.82,W1-m-RES1-DF,06037120107,RES,RES1,W1,MC,RES1,m
569641,33.9694506,-118.2749022,360,27687.96,W1-m-RES1-DF,06037239602,RES,RES1,W1,MC,RES1,m
569738,34.0256933,-117.3235855,360,113521.6,W1-m-RES1-DF,06071007106,RES,RES1,W1,MC,RES1,m
569936,38.3504671,-122.0064354,360,472698.3,W1-m-RES1-DF,06095253101,RES,RES1,W1,MC,RES1,m
570002,33.6856826,-117.7807058,360,332375.7,W1-m-RES1-DF,06059052506,RES,RES1,W1,MC,RES1,m
570059,37.7532669,-122.1726197,360,151806.6,W1-m-RES1-DF,06001409600,RES,RES1,W1,MC,RES1,m
570164,37.9244359,-121.3103842,360,251964.9,W1-m-RES1-DF,06077002504,RES,RES1,W1,MC,RES1,m
570251,37.3759232,-121.8448761,360,227027.3,W1-m-RES1-DF,06085503804,RES,RES1,W1,MC,RES1,m
570353,33.81618,-118.1953378,360,282484.0,W1-m-RES1-DF,06037572201,RES,RES1,W1,MC,RES1,m
570461,37.8199301,-122.1912387,360,857195.8,W1-m-RES1-DF,06001404600,RES,RES1,W1,MC,RES1,m
570523,33.9201775,-118.3003773,360,298232.3,W1-m-RES1-DF,06037602802,RES,RES1,W1,MC,RES1,m
570639,37.7277635,-122.3861501,360,304228.0,W1-m-RES1-DF,06075023200,RES,RES1,W1,MC,RES1,m
570716,36.7130079,-119.7299271,360,220000.0,W1-m-RES1-DF,06019001415,RES,RES1,W1,MC,RES1,m
570800,33.8373815,-117.8540483,360,685058.8,W1-m-RES1-DF,06059076201,RES,RES1,W1,MC,RES1,m
570839,38.0358618,-121.3284665,360,384501.0,W1-m-RES1-DF,06077003209,RES,RES1,W1,MC,RES1,m
570897,41.5108055,-121.2486404,360,161542.2,W1-m-RES1-DF,06049000200,RES,RES1,W1,MC,RES1,m
571025,34.0682177,-118.2320356,360,22373.24,W1-m-RES1-DF,06037206010,RES,RES1,W1,MC,RES1,m
571085,40.5813781,-122.4542402,360,163613.9,W1-m-RES1-DF,06089010603,RES,RES1,W1,MC,RES1,m
571126,33.9088488,-117.1909759,360,67627.28,W1-m-RES1-DF,06065048700,RES,RES1,W1,MC,RES1,m
571269,37.5411764,-122.5000467,360,532170.9,W1-m-RES1-DF,06081613600,RES,RES1,W1,MC,RES1,m
571438,37.3046948,-121.8926106,360,802542.8,W1-m-RES1-DF,06085502400,RES,RES1,W1,MC,RES1,m
571542,33.6661406,-117.9937184,360,135163.2,W1-m-RES1-DF,06059099306,RES,RES1,W1,MC,RES1,m
571617,37.0334208,-121.6278603,360,151519.2,W1-m-RES1-DF,06085512515,RES,RES1,W1,MC,RES1,m
571648,34.0941911,-118.2003961,360,201505.2,W1-m-RES1-DF,06037199300,RES,RES1,W1,MC,RES1,m
571691,38.4697876,-121.4409187,360,192878.0,W1-m-RES1-DF,06067009634,RES,RES1,W1,MC,RES1,m
571756,34.0660696,-118.4868492,360,909838.2,W1-m-RES1-DF,06037262303,RES,RES1,W1,MC,RES1,m
571776,34.128541,-117.4706985,360,110869.9,W1-m-RES1-DF,06071002311,RES,RES1,W1,MC,RES1,m
571829,33.9642238,-118.1314443,360,585463.8,W1-m-RES1-DF,06037550700,RES,RES1,W1,MC,RES1,m
571891,37.9549691,-121.2449391,360,66007.58,W1-m-RES1-DF,06077002000,RES,RES1,W1,MC,RES1,m
571943,34.2147262,-118.514231,360,289627.3,W1-m-RES1-DF,06037131200,RES,RES1,W1,MC,RES1,m
572011,34.1248923,-117.2108858,360,286474.8,W1-m-RES1-DF,06071007409,RES,RES1,W1,MC,RES1,m
572067,40.5623863,-124.1339221,360,287425.3,W1-m-RES1-DF,06023011000,RES,RES1,W1,MC,RES1,m
572255,34.03958,-118.4306812,360,275149.6,W1-m-RES1-DF,06037267800,RES,RES1,W1,MC,RES1,m
572434,34.1528115,-118.8604402,360,642185.9,W1-m-RES1-DF,06111005906,RES,RES1,W1,MC,RES1,m
572532,40.1470223,-122.2416692,360,159546.9,W1-m-RES1-DF,06103000702,RES,RES1,W1,MC,RES1,m
572605,33.9110608,-117.4726363,360,172815.3,W1-m-RES1-DF,06065041407,RES,RES1,W1,MC,RES1,m
572674,37.5683879,-122.2596172,360,564329.7,W1-m-RES1-DF,06081608200,RES,RES1,W1,MC,RES1,m
572861,36.6748845,-121.6550762,360,40640.56,W1-m-RES1-DF,06053001300,RES,RES1,W1,MC,RES1,m
572952,33.0829737,-117.0871247,360,217113.3,W1-m-RES1-DF,06073020405,RES,RES1,W1,MC,RES1,m
572986,34.1280249,-117.6607392,360,437797.7,W1-m-RES1-DF,06071000816,RES,RES1,W1,MC,RES1,m
573103,33.8923672,-118.4165728,360,390088.4,W1-m-RES1-DF,06037620305,RES,RES1,W1,MC,RES1,m
573159,33.9353608,-118.2940128,360,28327.8,W1-m-RES1-DF,06037600304,RES,RES1,W1,MC,RES1,m
573248,37.8946938,-122.2909385,360,294652.0,W1-m-RES1-DF,06001420100,RES,RES1,W1,MC,RES1,m
573319,37.946309,-121.3220332,360,37859.4,W1-m-RES1-DF,06077000802,RES,RES1,W1,MC,RES1,m
573356,32.6238429,-117.051184,360,354126.9,W1-m-RES1-DF,06073013301,RES,RES1,W1,MC,RES1,m
573413,38.6116619,-121.54606,360,351468.0,W1-m-RES1-DF,06067007017,RES,RES1,W1,MC,RES1,m
573477,33.2001357,-117.2981757,360,107044.4,W1-m-RES1-DF,06073018516,RES,RES1,W1,MC,RES1,m
573554,37.9436158,-122.5533733,360,927615.8,W1-m-RES1-DF,06041119100,RES,RES1,W1,MC,RES1,m
573602,36.6128974,-121.8292766,360,337550.4,W1-m-RES1-DF,06053013800,RES,RES1,W1,MC,RES1,m
573656,38.6960006,-121.130227,360,1155548.0,W1-m-RES1-DF,06067008501,RES,RES1,W1,MC,RES1,m
573839,35.3660088,-119.0603689,360,177210.6,W1-m-RES1-DF,06029001804,RES,RES1,W1,MC,RES1,m
573900,34.1991485,-118.3178553,360,433164.0,W1-m-RES1-DF,06037310300,RES,RES1,W1,MC,RES1,m
573939,34.0887229,-117.3711097,360,145237.8,W1-m-RES1-DF,06071003607,RES,RES1,W1,MC,RES1,m
574039,33.7483622,-117.9852881,360,245705.4,W1-m-RES1-DF,06059099701,RES,RES1,W1,MC,RES1,m
574091,33.8721417,-118.1887479,360,34595.0,W1-m-RES1-DF,06037570305,RES,RES1,W1,MC,RES1,m
574138,33.5207847,-117.1047071,360,137169.9,W1-m-RES1-DF,06065043267,RES,RES1,W1,MC,RES1,m
574355,33.7280559,-117.8469468,360,20379.0,W1-m-RES1-DF,06059074403,RES,RES1,W1,MC,RES1,m
574517,34.0152478,-118.2765579,360,20765.74,W1-m-RES1-DF,06037231100,RES,RES1,W1,MC,RES1,m
574686,33.7824778,-118.2384201,360,5892.0,W1-m-RES1-DF,06037980014,RES,RES1,W1,MC,RES1,m
574740,34.0218914,-118.3132782,360,102688.1,W1-m-RES1-DF,06037222002,RES,RES1,W1,MC,RES1,m
574798,34.6674783,-118.1924508,360,143873.1,W1-m-RES1-DF,06037901010,RES,RES1,W1,MC,RES1,m
574902,37.6860856,-122.1437723,360,335829.8,W1-m-RES1-DF,06001433600,RES,RES1,W1,MC,RES1,m
574960,33.9170434,-118.2033604,360,240931.2,W1-m-RES1-DF,06037541700,RES,RES1,W1,MC,RES1,m
575131,39.2508975,-121.045279,360,857868.6,W1-m-RES1-DF,06057000802,RES,RES1,W1,MC,RES1,m
575243,32.8014697,-117.1462997,360,168296.8,W1-m-RES1-DF,06073009201,RES,RES1,W1,MC,RES1,m
575275,33.9737097,-118.0905791,360,237837.0,W1-m-RES1-DF,06037502402,RES,RES1,W1,MC,RES1,m
575357,34.0258487,-117.5162881,360,20378.29,W1-m-RES1-DF,06065040503,RES,RES1,W1,MC,RES1,m
575413,32.7357595,-117.097275,360,54572.14,W1-m-RES1-DF,06073002602,RES,RES1,W1,MC,RES1,m
575475,37.4564914,-122.2345971,360,463164.6,W1-m-RES1-DF,06081611200,RES,RES1,W1,MC,RES1,m
575535,37.3494389,-121.8196391,360,261822.0,W1-m-RES1-DF,06085503510,RES,RES1,W1,MC,RES1,m
575603,34.4842671,-119.8505714,360,662737.4,W1-m-RES1-DF,06083002907,RES,RES1,W1,MC,RES1,m
575819,37.5653494,-122.3193395,360,118940.4,W1-m-RES1-DF,06081606300,RES,RES1,W1,MC,RES1,m
575903,33.9515775,-117.7602943,360,103934.1,W1-m-RES1-DF,06071000111,RES,RES1,W1,MC,RES1,m
575987,37.7308763,-122.1656514,360,304392.2,W1-m-RES1-DF,06001432300,RES,RES1,W1,MC,RES1,m
576102,33.8375996,-116.5019552,360,207680.4,W1-m-RES1-DF,06065941200,RES,RES1,W1,MC,RES1,m
576267,34.1575339,-118.4761273,360,540074.3,W1-m-RES1-DF,06037141400,RES,RES1,W1,MC,RES1,m
576429,38.9192661,-121.1180058,360,586151.3,W1-m-RES1-DF,06061021501,RES,RES1,W1,MC,RES1,m
576503,33.8990638,-118.1322329,360,191906.6,W1-m-RES1-DF,06037554001,RES,RES1,W1,MC,RES1,m
576582,33.9477159,-118.1251864,360,194816.0,W1-m-RES1-DF,06037550902,RES,RES1,W1,MC,RES1,m
576693,33.8681429,-118.3164997,360,489575.8,W1-m-RES1-DF,06037650101,RES,RES1,W1,MC,RES1,m
576777,34.3909961,-118.4411237,360,87581.01,W1-m-RES1-DF,06037920043,RES,RES1,W1,MC,RES1,m
576875,33.9819854,-118.0473796,360,69108.48,W1-m-RES1-DF,06037501400,RES,RES1,W1,MC,RES1,m
576946,33.9857553,-118.2837235,360,38262.2,W1-m-RES1-DF,06037237102,RES,RES1,W1,MC,RES1,m
576979,33.8156648,-117.2217224,360,4967.28,W1-m-RES1-DF,06065042631,RES,RES1,W1,MC,RES1,m
577014,37.2661049,-121.814509,360,105421.1,W1-m-RES1-DF,06085512042,RES,RES1,W1,MC,RES1,m
577095,36.580566,-119.9430164,360,242176.0,W1-m-RES1-DF,06019007600,RES,RES1,W1,MC,RES1,m
577175,34.4354255,-118.5391687,360,288617.9,W1-m-RES1-DF,06037920112,RES,RES1,W1,MC,RES1,m
577223,34.1884912,-118.423608,360,96890.43,W1-m-RES1-DF,06037123520,RES,RES1,W1,MC,RES1,m
577303,38.8009765,-121.3307363,360,1573336.0,W1-m-RES1-DF,06061023100,RES,RES1,W1,MC,RES1,m
577401,33.1460483,-117.1468092,360,147018.2,W1-m-RES1-DF,06073020023,RES,RES1,W1,MC,RES1,m
577443,37.6999363,-122.4806606,360,70155.0,W1-m-RES1-DF,06081600800,RES,RES1,W1,MC,RES1,m
577524,38.7573511,-121.3225905,360,886206.0,W1-m-RES1-DF,06061021038,RES,RES1,W1,MC,RES1,m
577579,36.359698,-121.4651878,360,43867.48,W1-m-RES1-DF,06053011101,RES,RES1,W1,MC,RES1,m
577631,37.9781266,-121.7752261,360,8175.82,W1-m-RES1-DF,06013355111,RES,RES1,W1,MC,RES1,m
577682,34.2110681,-118.4105906,360,202909.6,W1-m-RES1-DF,06037121600,RES,RES1,W1,MC,RES1,m
577791,35.9592155,-119.2913087,360,566638.1,W1-m-RES1-DF,06107004200,RES,RES1,W1,MC,RES1,m
577973,33.877131,-118.2306136,360,80068.65,W1-m-RES1-DF,06037543203,RES,RES1,W1,MC,RES1,m
578111,34.0151615,-117.7237288,360,368181.5,W1-m-RES1-DF,06071000401,RES,RES1,W1,MC,RES1,m
578143,37.5499373,-122.2783395,360,346506.9,W1-m-RES1-DF,06081608024,RES,RES1,W1,MC,RES1,m
578228,33.8737235,-118.1295274,360,49525.91,W1-m-RES1-DF,06037554404,RES,RES1,W1,MC,RES1,m
578329,33.8985392,-118.3480963,360,43577.14,W1-m-RES1-DF,06037603801,RES,RES1,W1,MC,RES1,m
578428,33.9987706,-117.9710616,360,306092.1,W1-m-RES1-DF,06037408504,RES,RES1,W1,MC,RES1,m
578515,34.4146918,-118.5679312,360,11073.06,W1-m-RES1-DF,06037920328,RES,RES1,W1,MC,RES1,m
578696,37.879801,-122.1364828,360,544900.5,W1-m-RES1-DF,06013350000,RES,RES1,W1,MC,RES1,m
578838,33.8641805,-118.2951289,360,213328.2,W1-m-RES1-DF,06037291300,RES,RES1,W1,MC,RES1,m
578907,34.1670182,-118.5202503,360,63724.8,W1-m-RES1-DF,06037139504,RES,RES1,W1,MC,RES1,m
579014,34.4388053,-118.4511824,360,196717.5,W1-m-RES1-DF,06037920034,RES,RES1,W1,MC,RES1,m
579105,37.728534,-121.1609082,360,730878.6,W1-m-RES1-DF,06077005004,RES,RES1,W1,MC,RES1,m
579250,37.6849518,-121.7489971,360,479867.2,W1-m-RES1-DF,06001451503,RES,RES1,W1,MC,RES1,m
579424,34.2821476,-118.4458612,360,173008.9,W1-m-RES1-DF,06037320300,RES,RES1,W1,MC,RES1,m
579470,38.7183809,-121.3044646,360,168231.0,W1-m-RES1-DF,06067008128,RES,RES1,W1,MC,RES1,m
579509,32.9682233,-117.2061478,360,938060.4,W1-m-RES1-DF,06073008328,RES,RES1,W1,MC,RES1,m
579589,37.7877048,-122.4319111,360,97259.02,W1-m-RES1-DF,06075015202,RES,RES1,W1,MC,RES1,m
579764,33.9674772,-118.1399873,360,32926.32,W1-m-RES1-DF,06037534002,RES,RES1,W1,MC,RES1,m
579854,32.7573492,-117.0947635,360,23102.17,W1-m-RES1-DF,06073002301,RES,RES1,W1,MC,RES1,m
579973,39.7550067,-122.1833063,360,261832.2,W1-m-RES1-DF,06021010101,RES,RES1,W1,MC,RES1,m
580127,34.1265375,-118.1384937,360,798754.3,W1-m-RES1-DF,06037464000,RES,RES1,W1,MC,RES1,m
580219,33.1597248,-117.0972461,360,99054.9,W1-m-RES1-DF,06073020105,RES,RES1,W1,MC,RES1,m
580264,34.0282176,-118.1673943,360,40053.58,W1-m-RES1-DF,06037531504,RES,RES1,W1,MC,RES1,m
580428,37.7607269,-122.4125113,360,229952.3,W1-m-RES1-DF,06075022801,RES,RES1,W1,MC,RES1,m
580595,38.1086487,-121.2580651,360,389416.6,W1-m-RES1-DF,06077004402,RES,RES1,W1,MC,RES1,m
580669,36.8295788,-119.8094761,360,492444.0,W1-m-RES1-DF,06019004503,RES,RES1,W1,MC,RES1,m
580744,36.3862394,-119.2179024,360,174853.8,W1-m-RES1-DF,06107000801,RES,RES1,W1,MC,RES1,m
580772,33.7228335,-117.0232843,360,46534.84,W1-m-RES1-DF,06065043318,RES,RES1,W1,MC,RES1,m
580808,34.1996069,-118.8823306,360,343078.8,W1-m-RES1-DF,06111006700,RES,RES1,W1,MC,RES1,m
580888,33.9920544,-118.2430143,360,23864.3,W1-m-RES1-DF,06037228900,RES,RES1,W1,MC,RES1,m
580962,37.499088,-120.4694335,360,242110.2,W1-m-RES1-DF,06047002500,RES,RES1,W1,MC,RES1,m
581012,38.7199281,-121.2040519,360,1166092.0,W1-m-RES1-DF,06061020606,RES,RES1,W1,MC,RES1,m
581079,32.7058946,-117.0628721,360,46870.0,W1-m-RES1-DF,06073003112,RES,RES1,W1,MC,RES1,m
581141,34.0691095,-118.0987405,360,86539.2,W1-m-RES1-DF,06037482303,RES,RES1,W1,MC,RES1,m
581212,32.7908268,-117.1779397,360,137811.5,W1-m-RES1-DF,06073008600,RES,RES1,W1,MC,RES1,m
581282,35.6086914,-119.3444583,360,88635.08,W1-m-RES1-DF,06029004304,RES,RES1,W1,MC,RES1,m
581447,34.4029836,-118.5246277,360,12226.71,W1-m-RES1-DF,06037920314,RES,RES1,W1,MC,RES1,m
581555,37.5971917,-120.986038,360,42989.0,W1-m-RES1-DF,06099002506,RES,RES1,W1,MC,RES1,m
581652,35.4110356,-119.2142039,360,260657.4,W1-m-RES1-DF,06029003827,RES,RES1,W1,MC,RES1,m
581695,38.67665,-121.0086199,360,996072.6,W1-m-RES1-DF,06017030808,RES,RES1,W1,MC,RES1,m
581799,32.6200568,-117.1033773,360,107260.6,W1-m-RES1-DF,06073012600,RES,RES1,W1,MC,RES1,m
581930,33.8393064,-117.8392835,360,386720.4,W1-m-RES1-DF,06059076202,RES,RES1,W1,MC,RES1,m
582080,34.1929284,-118.1988009,360,994219.3,W1-m-RES1-DF,06037460700,RES,RES1,W1,MC,RES1,m
582190,34.0048535,-118.1062505,360,87525.47,W1-m-RES1-DF,06037532101,RES,RES1,W1,MC,RES1,m
582294,37.2584565,-121.8379668,360,225590.0,W1-m-RES1-DF,06085512026,RES,RES1,W1,MC,RES1,m
582332,34.6777567,-118.2827356,360,31719.04,W1-m-RES1-DF,06037901216,RES,RES1,W1,MC,RES1,m
582434,33.6459281,-117.3119644,360,153768.4,W1-m-RES1-DF,06065043001,RES,RES1,W1,MC,RES1,m
582538,38.6142372,-121.3922389,360,145687.8,W1-m-RES1-DF,06067006102,RES,RES1,W1,MC,RES1,m
582661,35.1132773,-120.5999979,360,337936.2,W1-m-RES1-DF,06079011904,RES,RES1,W1,MC,RES1,m
582734,37.7792384,-122.5041008,360,319121.1,W1-m-RES1-DF,06075047902,RES,RES1,W1,MC,RES1,m
582898,33.9109785,-118.2718223,360,240385.9,W1-m-RES1-DF,06037540902,RES,RES1,W1,MC,RES1,m
582962,32.7453524,-117.1653987,360,66529.3,W1-m-RES1-DF,06073000301,RES,RES1,W1,MC,RES1,m
583073,34.0432917,-118.2538919,360,17833.46,W1-m-RES1-DF,06037207303,RES,RES1,W1,MC,RES1,m
583122,33.778962,-118.197207,360,39809.01,W1-m-RES1-DF,06037575802,RES,RES1,W1,MC,RES1,m
583174,34.1154022,-118.2030827,360,101717.0,W1-m-RES1-DF,06037183510,RES,RES1,W1,MC,RES1,m
583220,34.1844588,-118.5504885,360,150803.4,W1-m-RES1-DF,06037133101,RES,RES1,W1,MC,RES1,m
583253,33.6649454,-117.9754489,360,368441.3,W1-m-RES1-DF,06059099244,RES,RES1,W1,MC,RES1,m
583290,37.7770419,-122.4696013,360,298488.2,W1-m-RES1-DF,06075045201,RES,RES1,W1,MC,RES1,m
583384,36.7395013,-119.7091535,360,109531.0,W1-m-RES1-DF,06019003003,RES,RES1,W1,MC,RES1,m
583444,33.8054921,-116.5231199,360,208000.4,W1-m-RES1-DF,06065940700,RES,RES1,W1,MC,RES1,m
583514,37.9517965,-121.9873999,360,226128.8,W1-m-RES1-DF,06013334006,RES,RES1,W1,MC,RES1,m
583619,36.848471,-119.7362095,360,429706.0,W1-m-RES1-DF,06019005509,RES,RES1,W1,MC,RES1,m
583697,34.2675047,-118.6227776,360,157234.1,W1-m-RES1-DF,06037113211,RES,RES1,W1,MC,RES1,m
583775,37.9919111,-121.3395676,360,332832.0,W1-m-RES1-DF,06077003112,RES,RES1,W1,MC,RES1,m
583818,32.8302338,-117.1867776,360,256403.8,W1-m-RES1-DF,06073008506,RES,RES1,W1,MC,RES1,m
583873,33.9861018,-118.0364753,360,135130.6,W1-m-RES1-DF,06037501503,RES,RES1,W1,MC,RES1,m
583979,34.0526028,-118.1968646,360,52433.35,W1-m-RES1-DF,06037203200,RES,RES1,W1,MC,RES1,m
584042,34.2416552,-119.0633545,360,330988.6,W1-m-RES1-DF,06111005204,RES,RES1,W1,MC,RES1,m
584304,37.4894615,-122.2304251,360,6197.25,W1-m-RES1-DF,06081610202,RES,RES1,W1,MC,RES1,m
584371,33.9727898,-116.6546179,360,29153.03,W1-m-RES1-DF,06065044521,RES,RES1,W1,MC,RES1,m
584520,38.5082184,-122.4787754,360,302139.5,W1-m-RES1-DF,06055201602,RES,RES1,W1,MC,RES1,m
584663,38.5733375,-121.322079,360,145216.0,W1-m-RES1-DF,06067009006,RES,RES1,W1,MC,RES1,m
584712,33.9668881,-118.4095017,360,576161.1,W1-m-RES1-DF,06037276400,RES,RES1,W1,MC,RES1,m
584818,37.2383772,-122.0292561,360,551390.9,W1-m-RES1-DF,06085507302,RES,RES1,W1,MC,RES1,m
584972,34.255225,-118.4005884,360,32617.62,W1-m-RES1-DF,06037104703,RES,RES1,W1,MC,RES1,m
585067,34.0296515,-118.3698125,360,116614.1,W1-m-RES1-DF,06037219902,RES,RES1,W1,MC,RES1,m
585093,33.8906616,-118.2355121,360,45821.72,W1-m-RES1-DF,06037542501,RES,RES1,W1,MC,RES1,m
585162,34.2639207,-118.4286916,360,67048.15,W1-m-RES1-DF,06037104404,RES,RES1,W1,MC,RES1,m
585281,34.0555809,-117.991289,360,163451.2,W1-m-RES1-DF,06037407002,RES,RES1,W1,MC,RES1,m
585351,35.5979162,-119.348129,360,94006.68,W1-m-RES1-DF,06029004403,RES,RES1,W1,MC,RES1,m
585449,34.0360923,-118.1885019,360,30197.72,W1-m-RES1-DF,06037531101,RES,RES1,W1,MC,RES1,m
585486,37.2236095,-119.0009358,360,128954.3,W1-m-RES1-DF,06019006408,RES,RES1,W1,MC,RES1,m
585563,34.192132,-118.365403,360,110345.8,W1-m-RES1-DF,06037123103,RES,RES1,W1,MC,RES1,m
585637,39.3656565,-121.2369173,360,82251.15,W1-m-RES1-DF,06115041102,RES,RES1,W1,MC,RES1,m
585718,33.8485883,-118.041294,360,387944.5,W1-m-RES1-DF,06059110116,RES,RES1,W1,MC,RES1,m
585782,34.2319904,-118.6004946,360,12491.0,W1-m-RES1-DF,06037113239,RES,RES1,W1,MC,RES1,m
585910,37.8328349,-121.797346,360,100588.6,W1-m-RES1-DF,06013355112,RES,RES1,W1,MC,RES1,m
585962,33.924054,-117.3543688,360,69923.16,W1-m-RES1-DF,06065030605,RES,RES1,W1,MC,RES1,m
586114,33.9549035,-117.3909919,360,295662.3,W1-m-RES1-DF,06065031100,RES,RES1,W1,MC,RES1,m
586173,37.3163396,-122.0183989,360,424026.4,W1-m-RES1-DF,06085508006,RES,RES1,W1,MC,RES1,m
586231,33.896973,-117.7814562,360,360625.6,W1-m-RES1-DF,06059021823,RES,RES1,W1,MC,RES1,m
586271,34.0790738,-117.1525095,360,32989.98,W1-m-RES1-DF,06071008406,RES,RES1,W1,MC,RES1,m
586293,38.7222559,-121.3876534,360,319195.0,W1-m-RES1-DF,06067007431,RES,RES1,W1,MC,RES1,m
586321,32.6155222,-117.0486683,360,300323.6,W1-m-RES1-DF,06073013302,RES,RES1,W1,MC,RES1,m
586394,33.8100654,-118.0063667,360,264813.2,W1-m-RES1-DF,06059087801,RES,RES1,W1,MC,RES1,m
586508,38.7557046,-120.7656707,360,444049.4,W1-m-RES1-DF,06017031100,RES,RES1,W1,MC,RES1,m
586571,37.3614064,-122.0020068,360,354396.8,W1-m-RES1-DF,06085508508,RES,RES1,W1,MC,RES1,m
586659,37.3606844,-121.9724091,360,445638.6,W1-m-RES1-DF,06085505302,RES,RES1,W1,MC,RES1,m
586874,34.040947,-117.6174059,360,14975.69,W1-m-RES1-DF,06071001803,RES,RES1,W1,MC,RES1,m
587078,34.0618692,-118.4057731,360,461297.8,W1-m-RES1-DF,06037701000,RES,RES1,W1,MC,RES1,m
587245,32.7112095,-117.0050566,360,141435.0,W1-m-RES1-DF,06073013908,RES,RES1,W1,MC,RES1,m
587284,34.4435485,-118.5164043,360,17410.08,W1-m-RES1-DF,06037920044,RES,RES1,W1,MC,RES1,m
587385,34.0563691,-118.4414877,360,110384.0,W1-m-RES1-DF,06037265522,RES,RES1,W1,MC,RES1,m
587475,38.603,-121.4817381,360,328344.0,W1-m-RES1-DF,06067007007,RES,RES1,W1,MC,RES1,m
587539,38.5073142,-121.4931707,360,374987.0,W1-m-RES1-DF,06067003800,RES,RES1,W1,MC,RES1,m
587605,34.1890902,-118.6495411,360,513061.0,W1-m-RES1-DF,06037135204,RES,RES1,W1,MC,RES1,m
587707,33.9269395,-116.9768263,360,47157.55,W1-m-RES1-DF,06065044000,RES,RES1,W1,MC,RES1,m
587762,33.9137263,-117.9858097,360,222350.5,W1-m-RES1-DF,06037503705,RES,RES1,W1,MC,RES1,m
587802,37.4877231,-121.8955045,360,55772.9,W1-m-RES1-DF,06001443200,RES,RES1,W1,MC,RES1,m
587861,34.0882421,-118.1878388,360,100838.7,W1-m-RES1-DF,06037201301,RES,RES1,W1,MC,RES1,m
588016,35.1821665,-118.8856972,360,166781.4,W1-m-RES1-DF,06029006202,RES,RES1,W1,MC,RES1,m
588055,34.0184551,-118.3467705,360,3596.0,W1-m-RES1-DF,06037236203,RES,RES1,W1,MC,RES1,m
588140,37.2410744,-121.8445214,360,654760.3,W1-m-RES1-DF,06085512047,RES,RES1,W1,MC,RES1,m
588166,34.0928564,-117.3410106,360,18219.96,W1-m-RES1-DF,06071004403,RES,RES1,W1,MC,RES1,m
588217,37.3312838,-121.7764695,360,8102.9,W1-m-RES1-DF,06085503313,RES,RES1,W1,MC,RES1,m
588237,33.2593046,-117.2943446,360,82345.41,W1-m-RES1-DF,06073018620,RES,RES1,W1,MC,RES1,m
588290,33.7862264,-118.1915438,360,32826.0,W1-m-RES1-DF,06037575402,RES,RES1,W1,MC,RES1,m
588382,36.8432113,-119.9118458,360,482014.0,W1-m-RES1-DF,06019004216,RES,RES1,W1,MC,RES1,m
588440,34.0445316,-118.2116198,360,12880.0,W1-m-RES1-DF,06037204420,RES,RES1,W1,MC,RES1,m
588496,37.58102,-122.0173599,360,264761.0,W1-m-RES1-DF,06001440336,RES,RES1,W1,MC,RES1,m
588567,33.7577008,-117.0242647,360,13815.84,W1-m-RES1-DF,06065043520,RES,RES1,W1,MC,RES1,m
588692,37.7817147,-122.3929796,360,38047.54,W1-m-RES1-DF,06075061502,RES,RES1,W1,MC,RES1,m
588801,34.0634788,-118.2624816,360,18576.56,W1-m-RES1-DF,06037208302,RES,RES1,W1,MC,RES1,m
588952,37.8148236,-122.2416662,360,284667.6,W1-m-RES1-DF,06001403800,RES,RES1,W1,MC,RES1,m
589057,33.0633411,-115.6689803,360,90121.68,W1-m-RES1-DF,06025010200,RES,RES1,W1,MC,RES1,m
589230,38.2766586,-122.6437521,360,199159.0,W1-m-RES1-DF,06097150607,RES,RES1,W1,MC,RES1,m
589312,34.0393884,-117.7335899,360,110839.8,W1-m-RES1-DF,06037402903,RES,RES1,W1,MC,RES1,m
589387,37.7132283,-122.3846994,360,251253.8,W1-m-RES1-DF,06075061000,RES,RES1,W1,MC,RES1,m
589505,32.6340734,-117.0851714,360,73464.02,W1-m-RES1-DF,06073012700,RES,RES1,W1,MC,RES1,m
589664,39.7639684,-121.8642239,360,108063.5,W1-m-RES1-DF,06007000300,RES,RES1,W1,MC,RES1,m
589794,38.6033897,-121.4083506,360,140547.0,W1-m-RES1-DF,06067005505,RES,RES1,W1,MC,RES1,m
589973,36.7397996,-119.7874426,360,30655.35,W1-m-RES1-DF,06019000602,RES,RES1,W1,MC,RES1,m
590092,37.7231138,-120.92838,360,264749.0,W1-m-RES1-DF,06099000304,RES,RES1,W1,MC,RES1,m
590213,35.5170098,-118.265824,360,110486.2,W1-m-RES1-DF,06029005203,RES,RES1,W1,MC,RES1,m
590283,37.8133308,-122.2069747,360,425627.5,W1-m-RES1-DF,06001404700,RES,RES1,W1,MC,RES1,m
590333,34.2700821,-117.3520808,360,216506.5,W1-m-RES1-DF,06071010805,RES,RES1,W1,MC,RES1,m
590455,37.7247163,-122.1508066,360,88113.6,W1-m-RES1-DF,06001432602,RES,RES1,W1,MC,RES1,m
590519,34.0139438,-117.9297961,360,115821.4,W1-m-RES1-DF,06037407701,RES,RES1,W1,MC,RES1,m
590551,34.4867942,-117.2729534,360,30815.5,W1-m-RES1-DF,06071010027,RES,RES1,W1,MC,RES1,m
590653,37.2961288,-121.8451132,360,18151.54,W1-m-RES1-DF,06085503222,RES,RES1,W1,MC,RES1,m
590753,38.2247004,-119.7599789,360,349752.7,W1-m-RES1-DF,06109003103,RES,RES1,W1,MC,RES1,m
590869,35.3431099,-119.0506301,360,104041.6,W1-m-RES1-DF,06029002813,RES,RES1,W1,MC,RES1,m
590938,36.9631328,-121.8737745,360,238761.6,W1-m-RES1-DF,06087122202,RES,RES1,W1,MC,RES1,m
590970,38.4201079,-122.7216605,360,139632.0,W1-m-RES1-DF,06097153102,RES,RES1,W1,MC,RES1,m
591028,33.9398628,-118.2362448,360,73014.42,W1-m-RES1-DF,06037243001,RES,RES1,W1,MC,RES1,m
591049,33.6046821,-117.1070103,360,83315.84,W1-m-RES1-DF,06065043205,RES,RES1,W1,MC,RES1,m
591127,38.0513839,-121.3911363,360,793275.1,W1-m-RES1-DF,06077004004,RES,RES1,W1,MC,RES1,m
591170,32.72431,-117.0326628,360,210035.6,W1-m-RES1-DF,06073014101,RES,RES1,W1,MC,RES1,m
591408,37.9817769,-122.055368,360,312986.8,W1-m-RES1-DF,06013327001,RES,RES1,W1,MC,RES1,m
591509,34.9705531,-120.4186966,360,148518.2,W1-m-RES1-DF,06083002210,RES,RES1,W1,MC,RES1,m
591574,34.2514971,-118.4095367,360,78677.34,W1-m-RES1-DF,06037104824,RES,RES1,W1,MC,RES1,m
591638,37.9036791,-122.1326937,360,1037009.0,W1-m-RES1-DF,06013348000,RES,RES1,W1,MC,RES1,m
591699,38.4461379,-121.4335344,360,412232.0,W1-m-RES1-DF,06067009609,RES,RES1,W1,MC,RES1,m
591743,37.2197592,-121.8542492,360,717995.8,W1-m-RES1-DF,06085511907,RES,RES1,W1,MC,RES1,m
591798,34.0832,-118.2571856,360,79869.15,W1-m-RES1-DF,06037197420,RES,RES1,W1,MC,RES1,m
591869,34.3212918,-117.1825896,360,452630.6,W1-m-RES1-DF,06071010905,RES,RES1,W1,MC,RES1,m
591927,33.8251532,-117.9095108,360,74507.52,W1-m-RES1-DF,06059087404,RES,RES1,W1,MC,RES1,m
592008,33.6470177,-117.9671282,360,545296.4,W1-m-RES1-DF,06059099239,RES,RES1,W1,MC,RES1,m
592038,38.5619376,-121.371319,360,178503.9,W1-m-RES1-DF,06067009105,RES,RES1,W1,MC,RES1,m
592150,32.6929463,-117.1073974,360,57109.09,W1-m-RES1-DF,06073003602,RES,RES1,W1,MC,RES1,m
592180,33.9542945,-117.2309662,360,59215.39,W1-m-RES1-DF,06065042408,RES,RES1,W1,MC,RES1,m
592253,34.0650794,-118.2115758,360,16752.78,W1-m-RES1-DF,06037199900,RES,RES1,W1,MC,RES1,m
592331,38.4051305,-120.2111512,360,373961.8,W1-m-RES1-DF,06009000504,RES,RES1,W1,MC,RES1,m
592403,37.7992956,-121.9650894,360,143324.8,W1-m-RES1-DF,06013345114,RES,RES1,W1,MC,RES1,m
592495,33.7958099,-117.9631339,360,198924.0,W1-m-RES1-DF,06059088201,RES,RES1,W1,MC,RES1,m
592667,38.1104411,-122.5703276,360,188584.8,W1-m-RES1-DF,06041102203,RES,RES1,W1,MC,RES1,m
592764,36.0951388,-118.9780133,360,304631.0,W1-m-RES1-DF,06107003902,RES,RES1,W1,MC,RES1,m
592844,40.3609851,-124.1963951,360,540210.5,W1-m-RES1-DF,06023011200,RES,RES1,W1,MC,RES1,m
592906,34.044384,-118.2827213,360,7969.68,W1-m-RES1-DF,06037224310,RES,RES1,W1,MC,RES1,m
592972,33.7865877,-118.271694,360,72182.56,W1-m-RES1-DF,06037294510,RES,RES1,W1,MC,RES1,m
593013,32.7375847,-117.0418317,360,151741.3,W1-m-RES1-DF,06073014300,RES,RES1,W1,MC,RES1,m
593066,37.6431437,-122.068697,360,258358.4,W1-m-RES1-DF,06001437800,RES,RES1,W1,MC,RES1,m
593168,37.9060698,-122.0816223,360,517548.6,W1-m-RES1-DF,06013340004,RES,RES1,W1,MC,RES1,m
593297,37.3198735,-121.8146799,360,205679.4,W1-m-RES1-DF,06085503305,RES,RES1,W1,MC,RES1,m
593370,33.7819976,-118.3125479,360,204152.5,W1-m-RES1-DF,06037670101,RES,RES1,W1,MC,RES1,m
593420,36.6262314,-121.9319044,360,296038.7,W1-m-RES1-DF,06053012402,RES,RES1,W1,MC,RES1,m
593514,37.5832557,-119.7651669,360,488540.6,W1-m-RES1-DF,06043000302,RES,RES1,W1,MC,RES1,m
593601,34.05073,-118.2683015,360,3700.41,W1-m-RES1-DF,06037209300,RES,RES1,W1,MC,RES1,m
593687,32.9166879,-117.1487913,360,285335.0,W1-m-RES1-DF,06073008349,RES,RES1,W1,MC,RES1,m
593724,34.4525214,-118.5535741,360,60263.4,W1-m-RES1-DF,06037920109,RES,RES1,W1,MC,RES1,m
593762,38.6826779,-121.3077793,360,286214.0,W1-m-RES1-DF,06067008135,RES,RES1,W1,MC,RES1,m
593862,34.4878791,-117.2920124,360,70556.46,W1-m-RES1-DF,06071010037,RES,RES1,W1,MC,RES1,m
593960,33.9091623,-118.3568525,360,285445.1,W1-m-RES1-DF,06037602402,RES,RES1,W1,MC,RES1,m
594030,34.1048589,-117.4303718,360,103843.0,W1-m-RES1-DF,06071002901,RES,RES1,W1,MC,RES1,m
594085,33.7217323,-117.8808865,360,231400.5,W1-m-RES1-DF,06059074103,RES,RES1,W1,MC,RES1,m
594143,38.0029324,-122.5996143,360,306027.7,W1-m-RES1-DF,06041114200,RES,RES1,W1,MC,RES1,m
594201,33.6639878,-117.8339404,360,63280.8,W1-m-RES1-DF,06059062611,RES,RES1,W1,MC,RES1,m
594482,33.748073,-117.8685376,360,90507.64,W1-m-RES1-DF,06059075002,RES,RES1,W1,MC,RES1,m
594657,34.9307366,-120.4271002,360,41580.0,W1-m-RES1-DF,06083002103,RES,RES1,W1,MC,RES1,m
594775,33.7696783,-116.994327,360,90883.5,W1-m-RES1-DF,06065043506,RES,RES1,W1,MC,RES1,m
594811,34.1578471,-117.4093325,360,26356.08,W1-m-RES1-DF,06071002707,RES,RES1,W1,MC,RES1,m
594904,34.0251282,-118.4259054,360,94895.68,W1-m-RES1-DF,06037271702,RES,RES1,W1,MC,RES1,m
595019,34.0916923,-118.2740531,360,250302.1,W1-m-RES1-DF,06037195400,RES,RES1,W1,MC,RES1,m
595151,37.9156574,-121.2537583,360,387000.9,W1-m-RES1-DF,06077002800,RES,RES1,W1,MC,RES1,m
595205,37.2977336,-121.957282,360,222459.6,W1-m-RES1-DF,06085506505,RES,RES1,W1,MC,RES1,m
595251,33.8697102,-117.6042543,360,77556.62,W1-m-RES1-DF,06065041905,RES,RES1,W1,MC,RES1,m
595309,33.138326,-117.0476028,360,75037.6,W1-m-RES1-DF,06073020209,RES,RES1,W1,MC,RES1,m
595362,34.1400461,-118.4916264,360,1015872.0,W1-m-RES1-DF,06037139705,RES,RES1,W1,MC,RES1,m
595419,33.677314,-118.0195333,360,199709.4,W1-m-RES1-DF,06059099308,RES,RES1,W1,MC,RES1,m
595451,33.8698165,-117.7846683,360,225432.2,W1-m-RES1-DF,06059021817,RES,RES1,W1,MC,RES1,m
595511,36.13129,-119.1557138,360,253538.9,W1-m-RES1-DF,06107003302,RES,RES1,W1,MC,RES1,m
595556,36.9796367,-120.0643234,360,150978.0,W1-m-RES1-DF,06039000604,RES,RES1,W1,MC,RES1,m
595608,37.7586056,-122.4578068,360,442734.8,W1-m-RES1-DF,06075030102,RES,RES1,W1,MC,RES1,m
595696,33.8910642,-117.5284998,360,21089.45,W1-m-RES1-DF,06065040821,RES,RES1,W1,MC,RES1,m
595786,33.9842243,-117.8573528,360,251733.0,W1-m-RES1-DF,06037408707,RES,RES1,W1,MC,RES1,m
595844,38.6065775,-120.4928246,360,310292.3,W1-m-RES1-DF,06017031409,RES,RES1,W1,MC,RES1,m
595929,37.0227499,-121.8655173,360,264523.0,W1-m-RES1-DF,06087122002,RES,RES1,W1,MC,RES1,m
596008,32.7027511,-117.1018933,360,79313.7,W1-m-RES1-DF,06073003301,RES,RES1,W1,MC,RES1,m
596127,34.579648,-118.1255179,360,109746.9,W1-m-RES1-DF,06037910405,RES,RES1,W1,MC,RES1,m
596225,39.4752686,-121.1718725,360,180149.7,W1-m-RES1-DF,06115041101,RES,RES1,W1,MC,RES1,m
596350,38.1228276,-121.280177,360,135497.2,W1-m-RES1-DF,06077004302,RES,RES1,W1,MC,RES1,m
596442,40.0579918,-122.6497624,360,642319.4,W1-m-RES1-DF,06103000300,RES,RES1,W1,MC,RES1,m
596529,38.4408917,-120.795267,360,342083.3,W1-m-RES1-DF,06005000201,RES,RES1,W1,MC,RES1,m
596571,32.7338692,-117.0835759,360,189442.5,W1-m-RES1-DF,06073002705,RES,RES1,W1,MC,RES1,m
596653,38.7891007,-121.2777257,360,681576.0,W1-m-RES1-DF,06061022800,RES,RES1,W1,MC,RES1,m
596740,36.6107804,-121.8411902,360,82423.15,W1-m-RES1-DF,06053013700,RES,RES1,W1,MC,RES1,m
596810,33.813195,-117.2535207,360,8313.723,W1-m-RES1-DF,06065042905,RES,RES1,W1,MC,RES1,m
596897,38.3695164,-121.9443944,360,277812.3,W1-m-RES1-DF,06095252911,RES,RES1,W1,MC,RES1,m
596968,34.1548912,-118.1369512,360,25679.7,W1-m-RES1-DF,06037462201,RES,RES1,W1,MC,RES1,m
597040,36.7124196,-119.6915324,360,863716.0,W1-m-RES1-DF,06019001417,RES,RES1,W1,MC,RES1,m
597122,33.9338506,-118.2061462,360,53907.84,W1-m-RES1-DF,06037540202,RES,RES1,W1,MC,RES1,m
597199,33.9319865,-118.0033324,360,349007.7,W1-m-RES1-DF,06037503502,RES,RES1,W1,MC,RES1,m
597285,38.4432935,-122.7584148,360,49313.34,W1-m-RES1-DF,06097153006,RES,RES1,W1,MC,RES1,m
597424,33.9195907,-118.3309833,360,8968.646,W1-m-RES1-DF,06037602513,RES,RES1,W1,MC,RES1,m
597476,34.1205918,-118.0862078,360,485140.0,W1-m-RES1-DF,06037480002,RES,RES1,W1,MC,RES1,m
597597,34.115176,-118.1898523,360,81709.08,W1-m-RES1-DF,06037183620,RES,RES1,W1,MC,RES1,m
597644,33.7167408,-117.4192829,360,134296.6,W1-m-RES1-DF,06065043007,RES,RES1,W1,MC,RES1,m
597708,33.5730861,-117.2285257,360,76484.8,W1-m-RES1-DF,06065050600,RES,RES1,W1,MC,RES1,m
597757,34.2462338,-118.440639,360,203717.2,W1-m-RES1-DF,06037119201,RES,RES1,W1,MC,RES1,m
597850,34.0607814,-117.1306474,360,153430.1,W1-m-RES1-DF,06071008601,RES,RES1,W1,MC,RES1,m
597926,33.8180906,-117.82984,360,217553.0,W1-m-RES1-DF,06059075811,RES,RES1,W1,MC,RES1,m
597974,34.6493499,-120.4812394,360,135732.8,W1-m-RES1-DF,06083002806,RES,RES1,W1,MC,RES1,m
598110,34.2028714,-118.9030851,360,309000.6,W1-m-RES1-DF,06111006200,RES,RES1,W1,MC,RES1,m
598137,37.7932113,-121.8990398,360,83765.85,W1-m-RES1-DF,06013355122,RES,RES1,W1,MC,RES1,m
598196,38.3880761,-121.4631921,360,850719.1,W1-m-RES1-DF,06067009635,RES,RES1,W1,MC,RES1,m
598426,33.7473935,-118.0334998,360,617035.3,W1-m-RES1-DF,06059099603,RES,RES1,W1,MC,RES1,m
598532,33.7432644,-117.8788563,360,145694.8,W1-m-RES1-DF,06059074901,RES,RES1,W1,MC,RES1,m
598615,33.8617562,-118.3826394,360,280920.6,W1-m-RES1-DF,06037620703,RES,RES1,W1,MC,RES1,m
598687,34.0073841,-118.0883168,360,237810.6,W1-m-RES1-DF,06037500600,RES,RES1,W1,MC,RES1,m
598756,38.9857973,-122.5917589,360,100516.7,W1-m-RES1-DF,06033000702,RES,RES1,W1,MC,RES1,m
598821,34.1922052,-118.3045922,360,334400.8,W1-m-RES1-DF,06037310201,RES,RES1,W1,MC,RES1,m
598924,38.5389672,-121.3457892,360,253659.0,W1-m-RES1-DF,06067009112,RES,RES1,W1,MC,RES1,m
598956,33.7225228,-117.4619129,360,9825.7,W1-m-RES1-DF,06065041914,RES,RES1,W1,MC,RES1,m
599006,32.6901911,-115.4892697,360,7080.14,W1-m-RES1-DF,06025011902,RES,RES1,W1,MC,RES1,m
599050,34.0472132,-118.2782548,360,13813.8,W1-m-RES1-DF,06037209820,RES,RES1,W1,MC,RES1,m
599240,34.1617644,-118.3200887,360,520299.3,W1-m-RES1-DF,06037311700,RES,RES1,W1,MC,RES1,m
599314,32.7752264,-116.9179144,360,361186.0,W1-m-RES1-DF,06073015405,RES,RES1,W1,MC,RES1,m
599449,35.0288241,-118.4085856,360,54296.3,W1-m-RES1-DF,06029006012,RES,RES1,W1,MC,RES1,m
599513,37.7437535,-122.4571389,360,457922.9,W1-m-RES1-DF,06075030600,RES,RES1,W1,MC,RES1,m
599594,34.1992573,-118.5273425,360,114962.0,W1-m-RES1-DF,06037132301,RES,RES1,W1,MC,RES1,m
599651,34.1029095,-117.4800094,360,67856.13,W1-m-RES1-DF,06071002404,RES,RES1,W1,MC,RES1,m
599720,38.1284235,-122.5334443,360,292537.7,W1-m-RES1-DF,06041101100,RES,RES1,W1,MC,RES1,m
599793,38.1048704,-122.2235767,360,205388.0,W1-m-RES1-DF,06095250300,RES,RES1,W1,MC,RES1,m
599847,34.4364472,-119.8865161,360,527124.6,W1-m-RES1-DF,06083002909,RES,RES1,W1,MC,RES1,m
599930,38.4651181,-121.4215553,360,219316.0,W1-m-RES1-DF,06067009641,RES,RES1,W1,MC,RES1,m
599966,33.999367,-118.2499406,360,33164.3,W1-m-RES1-DF,06037228720,RES,RES1,W1,MC,RES1,m
600029,40.511224,-122.3307095,360,309207.9,W1-m-RES1-DF,06089011501,RES,RES1,W1,MC,RES1,m
600118,34.5545151,-117.5143528,360,30603.43,W1-m-RES1-DF,06071009133,RES,RES1,W1,MC,RES1,m
600194,32.7136581,-117.1085904,360,78999.25,W1-m-RES1-DF,06073003403,RES,RES1,W1,MC,RES1,m
600377,35.1312654,-118.4436267,360,145877.8,W1-m-RES1-DF,06029006101,RES,RES1,W1,MC,RES1,m
600488,36.8337763,-119.7677351,360,417035.0,W1-m-RES1-DF,06019005406,RES,RES1,W1,MC,RES1,m
600577,37.6518201,-122.0851944,360,81499.12,W1-m-RES1-DF,06001436602,RES,RES1,W1,MC,RES1,m
600847,38.0870342,-122.1072279,360,224571.5,W1-m-RES1-DF,06095252102,RES,RES1,W1,MC,RES1,m
600912,34.4592614,-116.1380779,360,16180.52,W1-m-RES1-DF,06071010402,RES,RES1,W1,MC,RES1,m
600975,34.9409427,-120.4448205,360,74364.84,W1-m-RES1-DF,06083002405,RES,RES1,W1,MC,RES1,m
601042,33.998859,-118.0627746,360,325719.4,W1-m-RES1-DF,06037501200,RES,RES1,W1,MC,RES1,m
601104,34.2553357,-117.0878551,360,304947.3,W1-m-RES1-DF,06071011102,RES,RES1,W1,MC,RES1,m
601170,38.7788655,-120.9351547,360,480620.1,W1-m-RES1-DF,06017030901,RES,RES1,W1,MC,RES1,m
601230,33.9099113,-118.0333322,360,235800.0,W1-m-RES1-DF,06037504101,RES,RES1,W1,MC,RES1,m
601367,35.3579658,-118.8755564,360,156095.5,W1-m-RES1-DF,06029001001,RES,RES1,W1,MC,RES1,m
601450,33.9420148,-117.4471929,360,144755.3,W1-m-RES1-DF,06065031504,RES,RES1,W1,MC,RES1,m
601550,38.1052893,-122.2365335,360,177755.3,W1-m-RES1-DF,06095251200,RES,RES1,W1,MC,RES1,m
601618,37.9480362,-122.5465157,360,109087.3,W1-m-RES1-DF,06041120001,RES,RES1,W1,MC,RES1,m
601675,34.0221325,-117.0744829,360,140912.7,W1-m-RES1-DF,06071008713,RES,RES1,W1,MC,RES1,m
601722,34.1364594,-117.6438003,360,290799.9,W1-m-RES1-DF,06071000820,RES,RES1,W1,MC,RES1,m
601772,33.7452198,-116.9363867,360,106741.3,W1-m-RES1-DF,06065043310,RES,RES1,W1,MC,RES1,m
601901,34.6528581,-118.1345977,360,1283.595,W1-m-RES1-DF,06037900704,RES,RES1,W1,MC,RES1,m
601999,37.9021831,-122.2980729,360,141980.4,W1-m-RES1-DF,06013389100,RES,RES1,W1,MC,RES1,m
602135,33.8249717,-117.9717657,360,269155.8,W1-m-RES1-DF,06059087002,RES,RES1,W1,MC,RES1,m
602222,37.361094,-120.6223956,360,306880.0,W1-m-RES1-DF,06047000601,RES,RES1,W1,MC,RES1,m
602282,33.9419438,-118.2211115,360,110905.9,W1-m-RES1-DF,06037535607,RES,RES1,W1,MC,RES1,m
602336,37.5823293,-122.0400088,360,270697.1,W1-m-RES1-DF,06001441402,RES,RES1,W1,MC,RES1,m
602447,37.3583268,-121.8661802,360,90879.49,W1-m-RES1-DF,06085503601,RES,RES1,W1,MC,RES1,m
602576,33.7133938,-116.212409,360,26124.32,W1-m-RES1-DF,06065049502,RES,RES1,W1,MC,RES1,m
602676,32.8141903,-116.9270205,360,323362.6,W1-m-RES1-DF,06073016401,RES,RES1,W1,MC,RES1,m
602737,34.1877709,-118.7228765,360,201127.5,W1-m-RES1-DF,06111007405,RES,RES1,W1,MC,RES1,m
602812,33.8766552,-117.8702302,360,181751.2,W1-m-RES1-DF,06059011712,RES,RES1,W1,MC,RES1,m
602877,32.8680175,-117.2341699,360,73460.17,W1-m-RES1-DF,06073008361,RES,RES1,W1,MC,RES1,m
602971,34.5022634,-114.8402004,360,191264.2,W1-m-RES1-DF,06071025100,RES,RES1,W1,MC,RES1,m
603082,32.801957,-115.574312,360,37460.36,W1-m-RES1-DF,06025011202,RES,RES1,W1,MC,RES1,m
603135,32.791291,-116.9463957,360,5810.88,W1-m-RES1-DF,06073015706,RES,RES1,W1,MC,RES1,m
603195,34.8722236,-120.4276543,360,292915.3,W1-m-RES1-DF,06083002009,RES,RES1,W1,MC,RES1,m
603269,34.5646789,-118.1228242,360,76825.44,W1-m-RES1-DF,06037910404,RES,RES1,W1,MC,RES1,m
603344,38.5311698,-121.4507437,360,187799.0,W1-m-RES1-DF,06067004401,RES,RES1,W1,MC,RES1,m
603377,34.117896,-117.903464,360,109235.0,W1-m-RES1-DF,06037404302,RES,RES1,W1,MC,RES1,m
603450,35.6354772,-120.6707717,360,166131.1,W1-m-RES1-DF,06079010206,RES,RES1,W1,MC,RES1,m
603744,34.4468472,-118.5765302,360,16713.46,W1-m-RES1-DF,06037920121,RES,RES1,W1,MC,RES1,m
603841,37.7937795,-122.4247496,360,68541.61,W1-m-RES1-DF,06075013101,RES,RES1,W1,MC,RES1,m
603959,33.9388372,-117.9286875,360,348008.0,W1-m-RES1-DF,06059001402,RES,RES1,W1,MC,RES1,m
604119,34.1677649,-118.5517782,360,542629.5,W1-m-RES1-DF,06037139402,RES,RES1,W1,MC,RES1,m
604239,34.1155878,-117.7434632,360,330715.1,W1-m-RES1-DF,06037401705,RES,RES1,W1,MC,RES1,m
604307,33.774306,-117.9263206,360,252745.0,W1-m-RES1-DF,06059088501,RES,RES1,W1,MC,RES1,m
604492,34.1946547,-118.3394509,360,47602.36,W1-m-RES1-DF,06037310501,RES,RES1,W1,MC,RES1,m
604663,39.719242,-121.8129518,360,98986.86,W1-m-RES1-DF,06007001300,RES,RES1,W1,MC,RES1,m
604783,32.6712319,-115.4960195,360,111285.9,W1-m-RES1-DF,06025012101,RES,RES1,W1,MC,RES1,m
604827,38.4894981,-121.4117346,360,161562.0,W1-m-RES1-DF,06067005004,RES,RES1,W1,MC,RES1,m
604884,34.1521556,-117.7176795,360,326723.3,W1-m-RES1-DF,06037400205,RES,RES1,W1,MC,RES1,m
604930,34.0915703,-117.931539,360,307000.0,W1-m-RES1-DF,06037405400,RES,RES1,W1,MC,RES1,m
604989,34.9149496,-117.872638,360,20663.92,W1-m-RES1-DF,06029005700,RES,RES1,W1,MC,RES1,m
605105,34.1740052,-118.111733,360,424533.3,W1-m-RES1-DF,06037461300,RES,RES1,W1,MC,RES1,m
605197,34.0832452,-118.1260625,360,132063.9,W1-m-RES1-DF,06037481604,RES,RES1,W1,MC,RES1,m
605301,33.8571713,-118.1623205,360,34602.0,W1-m-RES1-DF,06037570603,RES,RES1,W1,MC,RES1,m
605432,33.9429753,-117.382535,360,418079.8,W1-m-RES1-DF,06065031200,RES,RES1,W1,MC,RES1,m
605574,33.1996082,-117.2444184,360,83323.13,W1-m-RES1-DF,06073019503,RES,RES1,W1,MC,RES1,m
605668,33.8604798,-117.9459428,360,229600.2,W1-m-RES1-DF,06059011101,RES,RES1,W1,MC,RES1,m
605743,33.7791377,-118.164632,360,37742.32,W1-m-RES1-DF,06037576901,RES,RES1,W1,MC,RES1,m
605929,39.1553765,-123.1986199,360,93905.07,W1-m-RES1-DF,06045011502,RES,RES1,W1,MC,RES1,m
606030,34.1838638,-118.4605367,360,65225.66,W1-m-RES1-DF,06037128302,RES,RES1,W1,MC,RES1,m
606089,34.0672078,-118.2985036,360,7289.265,W1-m-RES1-DF,06037211910,RES,RES1,W1,MC,RES1,m
606178,32.7035578,-117.1267807,360,49593.84,W1-m-RES1-DF,06073003901,RES,RES1,W1,MC,RES1,m
606245,32.8478154,-116.9483748,360,120206.0,W1-m-RES1-DF,06073016703,RES,RES1,W1,MC,RES1,m
606291,34.2975549,-118.4504817,360,254864.8,W1-m-RES1-DF,06037107020,RES,RES1,W1,MC,RES1,m
606441,35.154625,-120.6699854,360,350889.1,W1-m-RES1-DF,06079011704,RES,RES1,W1,MC,RES1,m
606569,38.4023254,-122.4987558,360,132872.4,W1-m-RES1-DF,06097150502,RES,RES1,W1,MC,RES1,m
606708,33.9033703,-118.4218562,360,39174.91,W1-m-RES1-DF,06037620201,RES,RES1,W1,MC,RES1,m
606829,37.7777848,-122.2192819,360,115256.8,W1-m-RES1-DF,06001407200,RES,RES1,W1,MC,RES1,m
606947,36.3055249,-119.3405354,360,366080.0,W1-m-RES1-DF,06107002004,RES,RES1,W1,MC,RES1,m
607026,33.8823899,-117.8528754,360,516868.3,W1-m-RES1-DF,06059011715,RES,RES1,W1,MC,RES1,m
607121,32.7586876,-117.1084657,360,123691.4,W1-m-RES1-DF,06073002100,RES,RES1,W1,MC,RES1,m
607188,33.7934906,-118.1964734,360,35928.8,W1-m-RES1-DF,06037573004,RES,RES1,W1,MC,RES1,m
607266,33.9921998,-118.2892962,360,36033.56,W1-m-RES1-DF,06037232701,RES,RES1,W1,MC,RES1,m
607390,38.8803813,-121.4052413,360,1619271.0,W1-m-RES1-DF,06061021328,RES,RES1,W1,MC,RES1,m
607521,32.7335567,-117.2165766,360,186640.3,W1-m-RES1-DF,06073021401,RES,RES1,W1,MC,RES1,m
607612,38.6162372,-121.4094799,360,138052.6,W1-m-RES1-DF,06067006204,RES,RES1,W1,MC,RES1,m
607794,37.7858204,-121.9867395,360,53988.06,W1-m-RES1-DF,06013345205,RES,RES1,W1,MC,RES1,m
607877,34.0887897,-118.3123611,360,11810.25,W1-m-RES1-DF,06037191720,RES,RES1,W1,MC,RES1,m
608026,33.7964561,-118.3227832,360,236074.8,W1-m-RES1-DF,06037670003,RES,RES1,W1,MC,RES1,m
608113,33.8764601,-118.3749726,360,115079.5,W1-m-RES1-DF,06037620522,RES,RES1,W1,MC,RES1,m
608191,34.0351369,-118.2799794,360,23381.27,W1-m-RES1-DF,06037224410,RES,RES1,W1,MC,RES1,m
608276,34.1689604,-119.2285418,360,107507.0,W1-m-RES1-DF,06111003617,RES,RES1,W1,MC,RES1,m
608399,34.148857,-118.3545369,360,261253.4,W1-m-RES1-DF,06037143101,RES,RES1,W1,MC,RES1,m
608537,38.128851,-121.0398726,360,607032.9,W1-m-RES1-DF,06077004704,RES,RES1,W1,MC,RES1,m
608607,34.152183,-118.3866138,360,325186.3,W1-m-RES1-DF,06037143302,RES,RES1,W1,MC,RES1,m
608712,33.7088786,-117.9586812,360,215135.2,W1-m-RES1-DF,06059099250,RES,RES1,W1,MC,RES1,m
608845,33.8927048,-118.1687296,360,52391.66,W1-m-RES1-DF,06037553801,RES,RES1,W1,MC,RES1,m
608909,37.597252,-121.0018913,360,202651.0,W1-m-RES1-DF,06099002401,RES,RES1,W1,MC,RES1,m
608972,34.0035292,-118.117405,360,69610.5,W1-m-RES1-DF,06037532002,RES,RES1,W1,MC,RES1,m
609143,34.0918026,-117.5605124,360,236.0,W1-m-RES1-DF,06071002112,RES,RES1,W1,MC,RES1,m
609201,36.9201064,-121.7528993,360,140133.5,W1-m-RES1-DF,06087110201,RES,RES1,W1,MC,RES1,m
609260,33.9839503,-117.4187992,360,141032.4,W1-m-RES1-DF,06065040201,RES,RES1,W1,MC,RES1,m
609335,37.4580008,-122.2524753,360,946370.6,W1-m-RES1-DF,06081611100,RES,RES1,W1,MC,RES1,m
609437,34.2200023,-118.9908818,360,25525.5,W1-m-RES1-DF,06111005304,RES,RES1,W1,MC,RES1,m
609514,37.1891883,-119.8802873,360,296875.3,W1-m-RES1-DF,06039000109,RES,RES1,W1,MC,RES1,m
609586,35.7322932,-120.9348401,360,184385.4,W1-m-RES1-DF,06079010017,RES,RES1,W1,MC,RES1,m
609770,34.1100768,-116.3865683,360,156982.8,W1-m-RES1-DF,06071010429,RES,RES1,W1,MC,RES1,m
609858,40.5011553,-120.9674678,360,351660.0,W1-m-RES1-DF,06035040200,RES,RES1,W1,MC,RES1,m
609934,37.3314684,-121.9714315,360,432635.0,W1-m-RES1-DF,06085506102,RES,RES1,W1,MC,RES1,m
610004,32.8056211,-116.9288217,360,30543.35,W1-m-RES1-DF,06073016404,RES,RES1,W1,MC,RES1,m
610108,37.3573666,-120.6498175,360,359812.5,W1-m-RES1-DF,06047000505,RES,RES1,W1,MC,RES1,m
610216,38.6853491,-121.2128128,360,307953.4,W1-m-RES1-DF,06067008208,RES,RES1,W1,MC,RES1,m
610258,34.0680346,-117.770088,360,198581.4,W1-m-RES1-DF,06037402301,RES,RES1,W1,MC,RES1,m
610318,37.4144228,-122.1103922,360,320734.4,W1-m-RES1-DF,06085510802,RES,RES1,W1,MC,RES1,m
610551,37.4495304,-121.9940964,360,101478.5,W1-m-RES1-DF,06085504602,RES,RES1,W1,MC,RES1,m
610610,33.634782,-117.8209398,360,375143.7,W1-m-RES1-DF,06059062629,RES,RES1,W1,MC,RES1,m
610677,34.5769105,-118.07892,360,56562.44,W1-m-RES1-DF,06037910602,RES,RES1,W1,MC,RES1,m
610762,33.8144739,-118.1017387,360,705460.0,W1-m-RES1-DF,06037574000,RES,RES1,W1,MC,RES1,m
610864,37.3913139,-122.1076263,360,558275.5,W1-m-RES1-DF,06085510400,RES,RES1,W1,MC,RES1,m
610925,33.7548021,-118.3294037,360,1224328.0,W1-m-RES1-DF,06037670702,RES,RES1,W1,MC,RES1,m
611089,33.9278487,-118.07705,360,210768.7,W1-m-RES1-DF,06037550101,RES,RES1,W1,MC,RES1,m
611122,34.0934041,-118.0123277,360,174233.0,W1-m-RES1-DF,06037432501,RES,RES1,W1,MC,RES1,m
611190,35.3682658,-118.9226604,360,125092.0,W1-m-RES1-DF,06029001101,RES,RES1,W1,MC,RES1,m
611243,33.7338858,-116.9506407,360,133834.5,W1-m-RES1-DF,06065043313,RES,RES1,W1,MC,RES1,m
611319,32.8086093,-117.2628601,360,221104.2,W1-m-RES1-DF,06073008006,RES,RES1,W1,MC,RES1,m
611393,33.56422,-117.7393871,360,34069.41,W1-m-RES1-DF,06059062633,RES,RES1,W1,MC,RES1,m
611433,32.5746931,-117.0293457,360,33937.62,W1-m-RES1-DF,06073010017,RES,RES1,W1,MC,RES1,m
611567,36.9627695,-122.0189009,360,46436.14,W1-m-RES1-DF,06087101002,RES,RES1,W1,MC,RES1,m
611680,40.6604917,-122.2834247,360,314846.7,W1-m-RES1-DF,06089011802,RES,RES1,W1,MC,RES1,m
611752,34.0999328,-118.3038048,360,17301.6,W1-m-RES1-DF,06037190520,RES,RES1,W1,MC,RES1,m
611879,37.8070174,-122.2735577,360,8800.2,W1-m-RES1-DF,06001402802,RES,RES1,W1,MC,RES1,m
611986,34.0919942,-117.4800234,360,115956.9,W1-m-RES1-DF,06071002403,RES,RES1,W1,MC,RES1,m
612195,37.4174151,-122.0952078,360,110709.2,W1-m-RES1-DF,06085509304,RES,RES1,W1,MC,RES1,m
612325,33.757341,-117.9939643,360,65292.46,W1-m-RES1-DF,06059099802,RES,RES1,W1,MC,RES1,m
612479,33.8357929,-117.9285565,360,377311.2,W1-m-RES1-DF,06059087200,RES,RES1,W1,MC,RES1,m
612549,33.9692863,-118.2861511,360,11570.84,W1-m-RES1-DF,06037237720,RES,RES1,W1,MC,RES1,m
612597,35.3998325,-118.9219087,360,19280.38,W1-m-RES1-DF,06029000911,RES,RES1,W1,MC,RES1,m
612655,33.9436357,-118.3504258,360,43730.0,W1-m-RES1-DF,06037601801,RES,RES1,W1,MC,RES1,m
612727,33.8441205,-118.3697251,360,317702.9,W1-m-RES1-DF,06037650603,RES,RES1,W1,MC,RES1,m
612800,34.070874,-117.0889857,360,129125.4,W1-m-RES1-DF,06071008602,RES,RES1,W1,MC,RES1,m
612896,37.3241957,-121.0227731,360,403948.2,W1-m-RES1-DF,06099003501,RES,RES1,W1,MC,RES1,m
613023,36.6433218,-119.6486262,360,379307.6,W1-m-RES1-DF,06019001600,RES,RES1,W1,MC,RES1,m
613191,40.1943009,-121.8564922,360,405389.3,W1-m-RES1-DF,06103000100,RES,RES1,W1,MC,RES1,m
613288,33.9114235,-117.9990386,360,475882.7,W1-m-RES1-DF,06037503602,RES,RES1,W1,MC,RES1,m
613425,32.6738101,-117.0970458,360,129334.8,W1-m-RES1-DF,06073011700,RES,RES1,W1,MC,RES1,m
613544,34.033952,-117.0368248,360,339511.6,W1-m-RES1-DF,06071008800,RES,RES1,W1,MC,RES1,m
613620,37.7964782,-122.2143072,360,64310.0,W1-m-RES1-DF,06001406602,RES,RES1,W1,MC,RES1,m
613747,34.0635115,-118.3115783,360,31567.5,W1-m-RES1-DF,06037211704,RES,RES1,W1,MC,RES1,m
613903,38.2471153,-122.0446962,360,45493.97,W1-m-RES1-DF,06095252502,RES,RES1,W1,MC,RES1,m
613962,36.6129762,-121.9252483,360,232184.7,W1-m-RES1-DF,06053012100,RES,RES1,W1,MC,RES1,m
614075,35.2803425,-120.6813504,360,194303.1,W1-m-RES1-DF,06079011202,RES,RES1,W1,MC,RES1,m
614160,33.7873771,-118.3035525,360,45675.2,W1-m-RES1-DF,06037293307,RES,RES1,W1,MC,RES1,m
614322,36.9542373,-120.9793353,360,157537.3,W1-m-RES1-DF,06047002100,RES,RES1,W1,MC,RES1,m
614382,33.7325963,-118.3049776,360,251179.1,W1-m-RES1-DF,06037297002,RES,RES1,W1,MC,RES1,m
614478,34.1139413,-117.5959326,360,219172.2,W1-m-RES1-DF,06071002027,RES,RES1,W1,MC,RES1,m
614551,37.3330764,-121.8498294,360,21077.28,W1-m-RES1-DF,06085503110,RES,RES1,W1,MC,RES1,m
614677,33.8509554,-117.9566062,360,349800.2,W1-m-RES1-DF,06059086701,RES,RES1,W1,MC,RES1,m
614861,32.7707029,-117.202338,360,141435.7,W1-m-RES1-DF,06073009108,RES,RES1,W1,MC,RES1,m
614972,38.6701812,-121.7701616,360,158875.0,W1-m-RES1-DF,06113011101,RES,RES1,W1,MC,RES1,m
615053,33.1924051,-117.3729401,360,95033.17,W1-m-RES1-DF,06073018202,RES,RES1,W1,MC,RES1,m
615108,38.0949864,-122.2238939,360,219784.8,W1-m-RES1-DF,06095250400,RES,RES1,W1,MC,RES1,m
615192,37.6858678,-121.0406375,360,147420.9,W1-m-RES1-DF,06099000807,RES,RES1,W1,MC,RES1,m
615262,37.9972146,-122.53873,360,87516.1,W1-m-RES1-DF,06041108201,RES,RES1,W1,MC,RES1,m
615351,35.3894623,-118.9584296,360,225323.1,W1-m-RES1-DF,06029000904,RES,RES1,W1,MC,RES1,m
615477,34.286034,-118.4396366,360,52942.71,W1-m-RES1-DF,06037320201,RES,RES1,W1,MC,RES1,m
615524,33.6784416,-117.2596623,360,52759.84,W1-m-RES1-DF,06065042714,RES,RES1,W1,MC,RES1,m
615670,36.9536393,-122.0613064,360,218232.8,W1-m-RES1-DF,06087101200,RES,RES1,W1,MC,RES1,m
615740,35.3645543,-118.9873352,360,71235.71,W1-m-RES1-DF,06029002202,RES,RES1,W1,MC,RES1,m
615798,37.7589452,-121.4201943,360,136530.4,W1-m-RES1-DF,06077005310,RES,RES1,W1,MC,RES1,m
616045,34.0757233,-117.2904529,360,96175.18,W1-m-RES1-DF,06071012400,RES,RES1,W1,MC,RES1,m
616193,34.603619,-120.0844236,360,469367.4,W1-m-RES1-DF,06083001908,RES,RES1,W1,MC,RES1,m
616276,33.863302,-116.5474414,360,131730.5,W1-m-RES1-DF,06065044605,RES,RES1,W1,MC,RES1,m
616369,40.3853393,-121.3550617,360,211988.0,W1-m-RES1-DF,06063000501,RES,RES1,W1,MC,RES1,m
616413,37.8203252,-121.23025,360,140834.0,W1-m-RES1-DF,06077005125,RES,RES1,W1,MC,RES1,m
616512,33.8390883,-117.23009,360,83724.34,W1-m-RES1-DF,06065042625,RES,RES1,W1,MC,RES1,m
616543,34.6784987,-118.2243853,360,8853.9,W1-m-RES1-DF,06037901012,RES,RES1,W1,MC,RES1,m
616571,34.3160081,-118.6106718,360,55705.64,W1-m-RES1-DF,06037920303,RES,RES1,W1,MC,RES1,m
616634,34.3061546,-118.422207,360,221943.6,W1-m-RES1-DF,06037106113,RES,RES1,W1,MC,RES1,m
616656,37.7195817,-122.4287703,360,328743.4,W1-m-RES1-DF,06075026003,RES,RES1,W1,MC,RES1,m
616693,34.0238153,-118.2058412,360,31468.75,W1-m-RES1-DF,06037204820,RES,RES1,W1,MC,RES1,m
616769,34.1259545,-117.3182081,360,193002.8,W1-m-RES1-DF,06071004202,RES,RES1,W1,MC,RES1,m
616898,37.970609,-122.3305065,360,329351.0,W1-m-RES1-DF,06013367100,RES,RES1,W1,MC,RES1,m
616991,33.2728156,-116.9824003,360,115813.9,W1-m-RES1-DF,06073019110,RES,RES1,W1,MC,RES1,m
617058,38.9303812,-122.6934565,360,127087.0,W1-m-RES1-DF,06033000901,RES,RES1,W1,MC,RES1,m
617120,33.2066111,-117.3755731,360,97234.14,W1-m-RES1-DF,06073018615,RES,RES1,W1,MC,RES1,m
617175,37.745496,-122.4381399,360,535299.2,W1-m-RES1-DF,06075021600,RES,RES1,W1,MC,RES1,m
617266,37.9886857,-121.7667083,360,6109.53,W1-m-RES1-DF,06013308002,RES,RES1,W1,MC,RES1,m
617335,34.108023,-118.4569641,360,1138803.0,W1-m-RES1-DF,06037262100,RES,RES1,W1,MC,RES1,m
617363,33.7537529,-116.90027,360,13800.4,W1-m-RES1-DF,06065043703,RES,RES1,W1,MC,RES1,m
617477,38.6081265,-121.454292,360,99226.71,W1-m-RES1-DF,06067006902,RES,RES1,W1,MC,RES1,m
617581,38.7839394,-121.2991466,360,589649.0,W1-m-RES1-DF,06061021034,RES,RES1,W1,MC,RES1,m
617616,38.5358304,-121.4194466,360,157573.3,W1-m-RES1-DF,06067003001,RES,RES1,W1,MC,RES1,m
617673,34.0453825,-118.3084384,360,23570.04,W1-m-RES1-DF,06037221303,RES,RES1,W1,MC,RES1,m
617750,32.7782874,-117.1788276,360,116766.6,W1-m-RES1-DF,06073009000,RES,RES1,W1,MC,RES1,m
617915,33.9264991,-117.8945165,360,225996.3,W1-m-RES1-DF,06059001507,RES,RES1,W1,MC,RES1,m
617983,33.897337,-117.461188,360,16814.84,W1-m-RES1-DF,06065041403,RES,RES1,W1,MC,RES1,m
618020,37.4394547,-121.8817696,360,258099.8,W1-m-RES1-DF,06085504412,RES,RES1,W1,MC,RES1,m
618086,39.5272273,-121.4667585,360,352521.6,W1-m-RES1-DF,06007002602,RES,RES1,W1,MC,RES1,m
618148,37.6138933,-120.9509663,360,355948.0,W1-m-RES1-DF,06099002701,RES,RES1,W1,MC,RES1,m
618192,37.3545276,-120.5795735,360,317340.5,W1-m-RES1-DF,06047000801,RES,RES1,W1,MC,RES1,m
618330,37.1871821,-121.1049765,360,412079.3,W1-m-RES1-DF,06047002002,RES,RES1,W1,MC,RES1,m
618498,34.0498932,-118.2009322,360,19157.5,W1-m-RES1-DF,06037203710,RES,RES1,W1,MC,RES1,m
618545,38.2753544,-122.0561706,360,3175.38,W1-m-RES1-DF,06095252312,RES,RES1,W1,MC,RES1,m
618589,33.8222668,-116.4872907,360,35764.8,W1-m-RES1-DF,06065044702,RES,RES1,W1,MC,RES1,m
618648,34.0523629,-117.9577582,360,128788.4,W1-m-RES1-DF,06037407400,RES,RES1,W1,MC,RES1,m
618708,33.7289861,-116.2476921,360,130572.2,W1-m-RES1-DF,06065045217,RES,RES1,W1,MC,RES1,m
618900,34.7109691,-118.143204,360,109577.6,W1-m-RES1-DF,06037900804,RES,RES1,W1,MC,RES1,m
618969,37.7589131,-122.4062337,360,50167.63,W1-m-RES1-DF,06075022802,RES,RES1,W1,MC,RES1,m
619046,33.7169344,-117.7543676,360,15351.86,W1-m-RES1-DF,06059052421,RES,RES1,W1,MC,RES1,m
619121,34.2662961,-117.5405795,360,107948.2,W1-m-RES1-DF,06071009202,RES,RES1,W1,MC,RES1,m
619191,38.656309,-121.3002417,360,537289.0,W1-m-RES1-DF,06067007904,RES,RES1,W1,MC,RES1,m
619298,33.4993764,-117.7425163,360,649138.5,W1-m-RES1-DF,06059042305,RES,RES1,W1,MC,RES1,m
619373,37.7017335,-121.3122819,360,118312.1,W1-m-RES1-DF,06077005503,RES,RES1,W1,MC,RES1,m
619468,39.7503494,-121.8162178,360,586644.3,W1-m-RES1-DF,06007000800,RES,RES1,W1,MC,RES1,m
619553,37.7916822,-122.4192656,360,16046.53,W1-m-RES1-DF,06075011101,RES,RES1,W1,MC,RES1,m
619664,34.0746639,-118.3392739,360,259208.2,W1-m-RES1-DF,06037214100,RES,RES1,W1,MC,RES1,m
619810,35.3604639,-119.0241678,360,187880.2,W1-m-RES1-DF,06029001902,RES,RES1,W1,MC,RES1,m
619903,33.8135237,-118.019392,360,366795.0,W1-m-RES1-DF,06059110203,RES,RES1,W1,MC,RES1,m
619973,33.7748702,-118.2774453,360,53441.3,W1-m-RES1-DF,06037294900,RES,RES1,W1,MC,RES1,m
620028,33.7159024,-118.2903209,360,152183.6,W1-m-RES1-DF,06037297602,RES,RES1,W1,MC,RES1,m
620094,38.3056856,-122.3106008,360,142198.9,W1-m-RES1-DF,06055200705,RES,RES1,W1,MC,RES1,m
620162,38.2888263,-122.3383135,360,147713.0,W1-m-RES1-DF,06055200803,RES,RES1,W1,MC,RES1,m
620207,34.2943135,-118.5460083,360,242983.3,W1-m-RES1-DF,06037108104,RES,RES1,W1,MC,RES1,m
620280,34.2773333,-118.7382322,360,253460.0,W1-m-RES1-DF,06111008101,RES,RES1,W1,MC,RES1,m
620346,37.5362315,-122.035338,360,236344.2,W1-m-RES1-DF,06001444400,RES,RES1,W1,MC,RES1,m
620408,33.9123664,-118.0951779,360,235907.0,W1-m-RES1-DF,06037552001,RES,RES1,W1,MC,RES1,m
620525,34.0991227,-118.106972,360,89226.56,W1-m-RES1-DF,06037481101,RES,RES1,W1,MC,RES1,m
620652,33.8914717,-118.3565904,360,62566.23,W1-m-RES1-DF,06037603902,RES,RES1,W1,MC,RES1,m
620713,34.1974182,-118.4700952,360,78289.26,W1-m-RES1-DF,06037127712,RES,RES1,W1,MC,RES1,m
620865,34.2682522,-118.7273774,360,233101.5,W1-m-RES1-DF,06111008002,RES,RES1,W1,MC,RES1,m
620984,37.3514873,-121.8697601,360,61081.99,W1-m-RES1-DF,06085501401,RES,RES1,W1,MC,RES1,m
621109,35.1083772,-120.5776121,360,166440.6,W1-m-RES1-DF,06079011901,RES,RES1,W1,MC,RES1,m
621217,34.0630031,-118.014388,360,14070.9,W1-m-RES1-DF,06037433302,RES,RES1,W1,MC,RES1,m
621342,34.0931826,-117.5314707,360,41009.7,W1-m-RES1-DF,06071002207,RES,RES1,W1,MC,RES1,m
621374,34.1433197,-117.4623929,360,36709.0,W1-m-RES1-DF,06071002315,RES,RES1,W1,MC,RES1,m
621482,34.2250721,-118.8977092,360,380536.0,W1-m-RES1-DF,06111006301,RES,RES1,W1,MC,RES1,m
621588,33.8051381,-117.8488227,360,366256.3,W1-m-RES1-DF,06059076205,RES,RES1,W1,MC,RES1,m
621628,34.1776041,-118.374665,360,42441.0,W1-m-RES1-DF,06037124203,RES,RES1,W1,MC,RES1,m
621684,34.1550284,-118.2448519,360,123859.1,W1-m-RES1-DF,06037301902,RES,RES1,W1,MC,RES1,m
621742,33.8646299,-118.1802089,360,111840.0,W1-m-RES1-DF,06037570503,RES,RES1,W1,MC,RES1,m
621790,41.8536708,-124.1663143,360,450135.0,W1-m-RES1-DF,06015000201,RES,RES1,W1,MC,RES1,m
621977,33.8895405,-117.8163113,360,599029.4,W1-m-RES1-DF,06059021802,RES,RES1,W1,MC,RES1,m
622056,36.7904775,-119.76333,360,195388.0,W1-m-RES1-DF,06019005204,RES,RES1,W1,MC,RES1,m
622189,34.0962136,-117.6392629,360,58000.36,W1-m-RES1-DF,06071000903,RES,RES1,W1,MC,RES1,m
622260,37.4902703,-121.9242859,360,133713.6,W1-m-RES1-DF,06001443321,RES,RES1,W1,MC,RES1,m
622425,34.160152,-118.7813943,360,287135.9,W1-m-RES1-DF,06037800338,RES,RES1,W1,MC,RES1,m
622456,33.9255825,-118.2755595,360,65530.08,W1-m-RES1-DF,06037241400,RES,RES1,W1,MC,RES1,m
622528,33.9692765,-118.2254355,360,113964.8,W1-m-RES1-DF,06037534803,RES,RES1,W1,MC,RES1,m
622584,32.7272512,-117.0432243,360,359863.5,W1-m-RES1-DF,06073014200,RES,RES1,W1,MC,RES1,m
622630,33.8421351,-118.0756803,360,169619.5,W1-m-RES1-DF,06037555105,RES,RES1,W1,MC,RES1,m
622720,38.3175704,-120.7391956,360,317016.8,W1-m-RES1-DF,06005000500,RES,RES1,W1,MC,RES1,m
622759,36.6438701,-121.8233903,360,39645.43,W1-m-RES1-DF,06053014108,RES,RES1,W1,MC,RES1,m
622838,33.6109722,-117.737898,360,177751.4,W1-m-RES1-DF,06059062648,RES,RES1,W1,MC,RES1,m
622939,37.660185,-120.9487123,360,600528.0,W1-m-RES1-DF,06099000905,RES,RES1,W1,MC,RES1,m
623009,34.0256717,-118.3983188,360,25526.87,W1-m-RES1-DF,06037270102,RES,RES1,W1,MC,RES1,m
623200,34.2197814,-119.0527386,360,57350.04,W1-m-RES1-DF,06111005502,RES,RES1,W1,MC,RES1,m
623272,37.4932339,-122.2387004,360,131394.8,W1-m-RES1-DF,06081610100,RES,RES1,W1,MC,RES1,m
623367,33.9508037,-118.1392048,360,432684.5,W1-m-RES1-DF,06037550801,RES,RES1,W1,MC,RES1,m
623509,38.1979608,-121.2713084,360,537749.1,W1-m-RES1-DF,06077004600,RES,RES1,W1,MC,RES1,m
623612,35.2640471,-119.0754843,360,411063.7,W1-m-RES1-DF,06029003220,RES,RES1,W1,MC,RES1,m
623763,34.2125244,-119.1527473,360,182974.3,W1-m-RES1-DF,06111004901,RES,RES1,W1,MC,RES1,m
623861,33.9220463,-118.1824356,360,94448.38,W1-m-RES1-DF,06037540000,RES,RES1,W1,MC,RES1,m
623981,33.8584329,-117.7734031,360,600581.6,W1-m-RES1-DF,06059021905,RES,RES1,W1,MC,RES1,m
623999,35.3162893,-119.1021478,360,32672.96,W1-m-RES1-DF,06029002821,RES,RES1,W1,MC,RES1,m
624088,38.6578205,-120.7933475,360,441161.0,W1-m-RES1-DF,06017031504,RES,RES1,W1,MC,RES1,m
624279,37.7725168,-121.4578487,360,45988.43,W1-m-RES1-DF,06077005225,RES,RES1,W1,MC,RES1,m
624539,34.0567002,-118.3797321,360,31916.12,W1-m-RES1-DF,06037216401,RES,RES1,W1,MC,RES1,m
624645,33.8388317,-118.1016258,360,601872.0,W1-m-RES1-DF,06037571000,RES,RES1,W1,MC,RES1,m
624672,34.117582,-118.3864111,360,483495.1,W1-m-RES1-DF,06037261103,RES,RES1,W1,MC,RES1,m
624748,33.8223129,-117.809036,360,611266.9,W1-m-RES1-DF,06059075809,RES,RES1,W1,MC,RES1,m
624866,37.9730607,-120.6793935,360,286892.1,W1-m-RES1-DF,06009000124,RES,RES1,W1,MC,RES1,m
624896,34.0123196,-117.9134033,360,152811.4,W1-m-RES1-DF,06037408139,RES,RES1,W1,MC,RES1,m
624960,33.9242357,-118.1045526,360,177963.5,W1-m-RES1-DF,06037550301,RES,RES1,W1,MC,RES1,m
625084,32.7984501,-115.56134,360,85345.72,W1-m-RES1-DF,06025011500,RES,RES1,W1,MC,RES1,m
625173,34.2971039,-118.7529854,360,342219.6,W1-m-RES1-DF,06111007903,RES,RES1,W1,MC,RES1,m
625242,34.0595085,-118.4693771,360,160877.3,W1-m-RES1-DF,06037264102,RES,RES1,W1,MC,RES1,m
625347,37.4722049,-122.253046,360,723718.5,W1-m-RES1-DF,06081609800,RES,RES1,W1,MC,RES1,m
625406,33.9895557,-117.3350138,360,32549.4,W1-m-RES1-DF,06065042210,RES,RES1,W1,MC,RES1,m
625488,35.4961858,-119.2738672,360,104441.9,W1-m-RES1-DF,06029004102,RES,RES1,W1,MC,RES1,m
625579,33.6835535,-117.9626937,360,236915.1,W1-m-RES1-DF,06059099214,RES,RES1,W1,MC,RES1,m
625622,35.4305938,-119.1010843,360,193577.3,W1-m-RES1-DF,06029000509,RES,RES1,W1,MC,RES1,m
625665,38.1478379,-122.2282174,360,176660.9,W1-m-RES1-DF,06095251903,RES,RES1,W1,MC,RES1,m
625693,33.9118044,-118.1946754,360,106663.2,W1-m-RES1-DF,06037541801,RES,RES1,W1,MC,RES1,m
625813,33.7664961,-118.0028939,360,144565.0,W1-m-RES1-DF,06059099904,RES,RES1,W1,MC,RES1,m
625946,38.638815,-122.525787,360,171944.1,W1-m-RES1-DF,06055201900,RES,RES1,W1,MC,RES1,m
626063,39.7376427,-121.8867977,360,413661.1,W1-m-RES1-DF,06007000501,RES,RES1,W1,MC,RES1,m
626128,34.1576128,-117.4622135,360,71100.16,W1-m-RES1-DF,06071002039,RES,RES1,W1,MC,RES1,m
626138,35.3459412,-118.9453392,360,82079.28,W1-m-RES1-DF,06029002402,RES,RES1,W1,MC,RES1,m
626362,34.1575595,-119.03913,360,200477.2,W1-m-RES1-DF,06111005602,RES,RES1,W1,MC,RES1,m
626567,38.3052531,-122.287051,360,68624.7,W1-m-RES1-DF,06055200503,RES,RES1,W1,MC,RES1,m
626647,37.839413,-122.280255,360,99045.12,W1-m-RES1-DF,06001400900,RES,RES1,W1,MC,RES1,m
626699,33.8973552,-117.5175804,360,2560.32,W1-m-RES1-DF,06065040814,RES,RES1,W1,MC,RES1,m
626771,33.7864873,-118.1767949,360,47922.8,W1-m-RES1-DF,06037575201,RES,RES1,W1,MC,RES1,m
626824,36.3051812,-119.9245603,360,129076.1,W1-m-RES1-DF,06031980000,RES,RES1,W1,MC,RES1,m
626886,34.1694689,-118.0721794,360,457636.2,W1-m-RES1-DF,06037460002,RES,RES1,W1,MC,RES1,m
626905,38.6245437,-121.27396,360,264832.0,W1-m-RES1-DF,06067008912,RES,RES1,W1,MC,RES1,m
626991,33.8149727,-118.2926058,360,311684.4,W1-m-RES1-DF,06037543605,RES,RES1,W1,MC,RES1,m
627083,37.9483606,-121.2729275,360,5926.05,W1-m-RES1-DF,06077000600,RES,RES1,W1,MC,RES1,m
627126,37.7057883,-121.4432332,360,130687.2,W1-m-RES1-DF,06077005217,RES,RES1,W1,MC,RES1,m
627250,33.9271447,-118.1196789,360,29735.91,W1-m-RES1-DF,06037551102,RES,RES1,W1,MC,RES1,m
627402,33.9863341,-118.3100903,360,108602.9,W1-m-RES1-DF,06037237202,RES,RES1,W1,MC,RES1,m
627451,37.7933319,-122.2461006,360,32896.6,W1-m-RES1-DF,06001405402,RES,RES1,W1,MC,RES1,m
627567,33.1138373,-117.2816125,360,119379.6,W1-m-RES1-DF,06073022102,RES,RES1,W1,MC,RES1,m
627637,36.1218267,-118.3533293,360,383375.0,W1-m-RES1-DF,06107002701,RES,RES1,W1,MC,RES1,m
627712,34.7006469,-118.0672443,360,28247.96,W1-m-RES1-DF,06037900301,RES,RES1,W1,MC,RES1,m
627760,32.7357705,-117.2446667,360,260378.3,W1-m-RES1-DF,06073007302,RES,RES1,W1,MC,RES1,m
627810,38.6991374,-121.3002414,360,589046.0,W1-m-RES1-DF,06067008111,RES,RES1,W1,MC,RES1,m
627902,34.1120834,-117.8724803,360,259162.6,W1-m-RES1-DF,06037403902,RES,RES1,W1,MC,RES1,m
627993,38.5289945,-121.5039421,360,552666.6,W1-m-RES1-DF,06067003300,RES,RES1,W1,MC,RES1,m
628057,38.6668092,-121.7371059,360,173177.0,W1-m-RES1-DF,06113011211,RES,RES1,W1,MC,RES1,m
628162,34.0865238,-118.0462778,360,176168.5,W1-m-RES1-DF,06037432300,RES,RES1,W1,MC,RES1,m
628221,32.8013917,-116.8357276,360,99479.56,W1-m-RES1-DF,06073015502,RES,RES1,W1,MC,RES1,m
628278,33.7188583,-117.7816152,360,5068.9,W1-m-RES1-DF,06059052535,RES,RES1,W1,MC,RES1,m
628357,38.1663993,-121.3290413,360,570590.6,W1-m-RES1-DF,06077004105,RES,RES1,W1,MC,RES1,m
628422,34.0685435,-118.2457754,360,73130.95,W1-m-RES1-DF,06037197700,RES,RES1,W1,MC,RES1,m
628505,34.0453933,-117.6601251,360,144155.0,W1-m-RES1-DF,06071001707,RES,RES1,W1,MC,RES1,m
628792,34.2500715,-119.2467812,360,372840.0,W1-m-RES1-DF,06111002800,RES,RES1,W1,MC,RES1,m
628877,38.5369244,-121.7848197,360,28439.71,W1-m-RES1-DF,06113010501,RES,RES1,W1,MC,RES1,m
629039,37.9232319,-122.0689509,360,426562.0,W1-m-RES1-DF,06013340001,RES,RES1,W1,MC,RES1,m
629130,34.0531328,-118.2738446,360,497.5,W1-m-RES1-DF,06037209403,RES,RES1,W1,MC,RES1,m
629280,34.4153582,-119.701182,360,56003.64,W1-m-RES1-DF,06083001001,RES,RES1,W1,MC,RES1,m
629376,34.4374608,-117.3254425,360,79857.2,W1-m-RES1-DF,06071010015,RES,RES1,W1,MC,RES1,m
629468,32.5860192,-117.1129158,360,88158.55,W1-m-RES1-DF,06073010502,RES,RES1,W1,MC,RES1,m
629550,38.5685691,-122.7506682,360,40783.68,W1-m-RES1-DF,06097153807,RES,RES1,W1,MC,RES1,m
629633,38.0134594,-121.2634101,360,764538.4,W1-m-RES1-DF,06077003504,RES,RES1,W1,MC,RES1,m
629727,38.2212559,-120.5273359,360,240591.9,W1-m-RES1-DF,06009000302,RES,RES1,W1,MC,RES1,m
629800,37.7609052,-122.4300824,360,134564.5,W1-m-RES1-DF,06075020601,RES,RES1,W1,MC,RES1,m
629921,40.5565861,-122.3686274,360,250799.6,W1-m-RES1-DF,06089010900,RES,RES1,W1,MC,RES1,m
630020,38.6856204,-121.2953869,360,117058.0,W1-m-RES1-DF,06067008136,RES,RES1,W1,MC,RES1,m
630088,33.7726767,-118.2024636,360,53153.45,W1-m-RES1-DF,06037575901,RES,RES1,W1,MC,RES1,m
630155,33.8153269,-117.5882346,360,113810.8,W1-m-RES1-DF,06065048100,RES,RES1,W1,MC,RES1,m
630310,37.4260378,-121.8694198,360,372343.5,W1-m-RES1-DF,06085504415,RES,RES1,W1,MC,RES1,m
630372,37.7850449,-122.2307359,360,73005.57,W1-m-RES1-DF,06001406201,RES,RES1,W1,MC,RES1,m
630471,32.6854273,-117.1703734,360,188267.1,W1-m-RES1-DF,06073010900,RES,RES1,W1,MC,RES1,m
630532,34.2034678,-119.1729084,360,67708.55,W1-m-RES1-DF,06111003201,RES,RES1,W1,MC,RES1,m
630661,33.7444635,-118.1043364,360,127803.7,W1-m-RES1-DF,06059099512,RES,RES1,W1,MC,RES1,m
630736,33.7881242,-118.1623977,360,57724.14,W1-m-RES1-DF,06037575101,RES,RES1,W1,MC,RES1,m
630834,34.051667,-118.6049698,360,500286.4,W1-m-RES1-DF,06037800506,RES,RES1,W1,MC,RES1,m
630884,34.1887788,-114.3064842,360,103123.4,W1-m-RES1-DF,06071940100,RES,RES1,W1,MC,RES1,m
630936,34.0249334,-117.6305677,360,4128.87,W1-m-RES1-DF,06071001806,RES,RES1,W1,MC,RES1,m
630996,33.5002854,-117.7268045,360,427431.8,W1-m-RES1-DF,06059042324,RES,RES1,W1,MC,RES1,m
631053,33.2260756,-117.3341307,360,62718.48,W1-m-RES1-DF,06073018621,RES,RES1,W1,MC,RES1,m
631078,33.9523147,-117.1429248,360,34057.32,W1-m-RES1-DF,06065042401,RES,RES1,W1,MC,RES1,m
631175,37.2931927,-121.8928401,360,1022390.0,W1-m-RES1-DF,06085502500,RES,RES1,W1,MC,RES1,m
631351,37.0017257,-121.5626711,360,82906.55,W1-m-RES1-DF,06085512603,RES,RES1,W1,MC,RES1,m
631429,36.6173279,-121.9208292,360,199328.2,W1-m-RES1-DF,06053012200,RES,RES1,W1,MC,RES1,m
631556,34.0252688,-118.8239248,360,519722.7,W1-m-RES1-DF,06037800411,RES,RES1,W1,MC,RES1,m
631714,38.2177567,-120.8462378,360,623794.5,W1-m-RES1-DF,06009000221,RES,RES1,W1,MC,RES1,m
631779,32.8583725,-117.1962568,360,417493.3,W1-m-RES1-DF,06073008344,RES,RES1,W1,MC,RES1,m
631861,38.1075416,-121.2979405,360,707136.3,W1-m-RES1-DF,06077004305,RES,RES1,W1,MC,RES1,m
631934,33.6570004,-116.3457664,360,313682.3,W1-m-RES1-DF,06065045125,RES,RES1,W1,MC,RES1,m
632060,37.4209191,-121.9012791,360,202190.1,W1-m-RES1-DF,06085504510,RES,RES1,W1,MC,RES1,m
632180,39.3923244,-121.5065211,360,328624.3,W1-m-RES1-DF,06007003300,RES,RES1,W1,MC,RES1,m
632278,38.4340246,-122.7383629,360,146352.6,W1-m-RES1-DF,06097153003,RES,RES1,W1,MC,RES1,m
632394,41.397178,-122.500827,360,353100.8,W1-m-RES1-DF,06093000901,RES,RES1,W1,MC,RES1,m
632615,37.79237,-122.2603108,360,41134.86,W1-m-RES1-DF,06001406000,RES,RES1,W1,MC,RES1,m
632714,33.933028,-118.0133875,360,317581.9,W1-m-RES1-DF,06037503501,RES,RES1,W1,MC,RES1,m
632794,33.8951692,-117.8357083,360,338829.8,W1-m-RES1-DF,06059021809,RES,RES1,W1,MC,RES1,m
632912,34.2771624,-118.46316,360,91754.72,W1-m-RES1-DF,06037109100,RES,RES1,W1,MC,RES1,m
632970,34.0851726,-118.1739007,360,39959.45,W1-m-RES1-DF,06037201503,RES,RES1,W1,MC,RES1,m
633026,38.3401253,-121.9444368,360,6532.78,W1-m-RES1-DF,06095252910,RES,RES1,W1,MC,RES1,m
633117,32.7542099,-117.0728017,360,210980.8,W1-m-RES1-DF,06073002702,RES,RES1,W1,MC,RES1,m
633263,36.7577975,-119.7453754,360,119933.0,W1-m-RES1-DF,06019002800,RES,RES1,W1,MC,RES1,m
633326,38.56658,-121.3633877,360,332563.0,W1-m-RES1-DF,06067009106,RES,RES1,W1,MC,RES1,m
633401,33.863466,-118.117102,360,361179.7,W1-m-RES1-DF,06037570001,RES,RES1,W1,MC,RES1,m
633472,34.0808254,-118.2655482,360,74174.92,W1-m-RES1-DF,06037195600,RES,RES1,W1,MC,RES1,m
633715,34.1006349,-117.2926005,360,32621.19,W1-m-RES1-DF,06071005701,RES,RES1,W1,MC,RES1,m
633902,34.4444857,-118.6737987,360,67027.73,W1-m-RES1-DF,06037920106,RES,RES1,W1,MC,RES1,m
634117,32.9030498,-117.2324729,360,84940.28,W1-m-RES1-DF,06073008339,RES,RES1,W1,MC,RES1,m
634203,33.7992973,-117.9918205,360,99617.49,W1-m-RES1-DF,06059087901,RES,RES1,W1,MC,RES1,m
634258,37.4276964,-122.1296787,360,660912.4,W1-m-RES1-DF,06085510900,RES,RES1,W1,MC,RES1,m
634301,34.2793058,-118.5416524,360,290070.9,W1-m-RES1-DF,06037108101,RES,RES1,W1,MC,RES1,m
634334,33.9705168,-117.526465,360,100695.8,W1-m-RES1-DF,06065040603,RES,RES1,W1,MC,RES1,m
634384,37.7466798,-122.1661407,360,93889.88,W1-m-RES1-DF,06001410300,RES,RES1,W1,MC,RES1,m
634481,34.2188235,-118.4548516,360,54833.0,W1-m-RES1-DF,06037120020,RES,RES1,W1,MC,RES1,m
634539,37.481517,-122.2815962,360,853352.3,W1-m-RES1-DF,06081609603,RES,RES1,W1,MC,RES1,m
634610,38.7814044,-121.2192849,360,829740.0,W1-m-RES1-DF,06061021109,RES,RES1,W1,MC,RES1,m
634649,33.2541915,-117.3215948,360,9025.74,W1-m-RES1-DF,06073018608,RES,RES1,W1,MC,RES1,m
634705,32.9405256,-117.0940494,360,119696.3,W1-m-RES1-DF,06073017068,RES,RES1,W1,MC,RES1,m
634737,34.2670388,-118.4327217,360,95341.3,W1-m-RES1-DF,06037104401,RES,RES1,W1,MC,RES1,m
634775,32.6439924,-117.0701189,360,227591.6,W1-m-RES1-DF,06073012304,RES,RES1,W1,MC,RES1,m
634867,37.9941419,-121.3245319,360,144468.5,W1-m-RES1-DF,06077003111,RES,RES1,W1,MC,RES1,m
634922,37.789288,-122.2250127,360,110618.8,W1-m-RES1-DF,06001406300,RES,RES1,W1,MC,RES1,m
635039,32.8437051,-117.0656323,360,152631.9,W1-m-RES1-DF,06073009505,RES,RES1,W1,MC,RES1,m
635103,38.0263559,-122.2744234,360,13084.92,W1-m-RES1-DF,06013392300,RES,RES1,W1,MC,RES1,m
635144,37.7116465,-122.4308297,360,340626.3,W1-m-RES1-DF,06075026302,RES,RES1,W1,MC,RES1,m
635205,38.4586769,-121.3629228,360,752002.0,W1-m-RES1-DF,06067009312,RES,RES1,W1,MC,RES1,m
635264,37.9200316,-122.019661,360,654065.5,W1-m-RES1-DF,06013338301,RES,RES1,W1,MC,RES1,m
635343,34.1476412,-118.40678,360,447234.0,W1-m-RES1-DF,06037143500,RES,RES1,W1,MC,RES1,m
635429,34.0875933,-117.9726977,360,90234.72,W1-m-RES1-DF,06037404903,RES,RES1,W1,MC,RES1,m
635505,33.7797819,-118.2656258,360,14725.41,W1-m-RES1-DF,06037294820,RES,RES1,W1,MC,RES1,m
635580,40.6694846,-122.4184426,360,277696.1,W1-m-RES1-DF,06089011600,RES,RES1,W1,MC,RES1,m
635681,38.6172556,-121.3373165,360,341240.9,W1-m-RES1-DF,06067007701,RES,RES1,W1,MC,RES1,m
635775,39.3058929,-120.9405534,360,736007.6,W1-m-RES1-DF,06057000801,RES,RES1,W1,MC,RES1,m
635909,37.9292396,-121.278407,360,29296.79,W1-m-RES1-DF,06077002300,RES,RES1,W1,MC,RES1,m
636090,33.8844512,-118.0180522,360,410043.0,W1-m-RES1-DF,06037503902,RES,RES1,W1,MC,RES1,m
636115,38.6806477,-121.5189524,360,581868.0,W1-m-RES1-DF,06067007109,RES,RES1,W1,MC,RES1,m
636198,38.5858281,-121.5154831,360,46263.69,W1-m-RES1-DF,06113010105,RES,RES1,W1,MC,RES1,m
636333,37.5270567,-122.0162477,360,490813.3,W1-m-RES1-DF,06001444601,RES,RES1,W1,MC,RES1,m
636465,38.317079,-122.2915951,360,214836.1,W1-m-RES1-DF,06055200504,RES,RES1,W1,MC,RES1,m
636541,34.2369427,-118.4547256,360,108505.7,W1-m-RES1-DF,06037119320,RES,RES1,W1,MC,RES1,m
636641,37.2469476,-121.9361955,360,649042.9,W1-m-RES1-DF,06085506802,RES,RES1,W1,MC,RES1,m
636743,37.2816285,-121.9995882,360,630146.4,W1-m-RES1-DF,06085507402,RES,RES1,W1,MC,RES1,m
636777,33.9092862,-118.0239805,360,448225.0,W1-m-RES1-DF,06037504002,RES,RES1,W1,MC,RES1,m
636885,37.5313774,-121.9266867,360,398693.4,W1-m-RES1-DF,06001443104,RES,RES1,W1,MC,RES1,m
636963,33.9765382,-118.2167357,360,77071.12,W1-m-RES1-DF,06037533108,RES,RES1,W1,MC,RES1,m
637040,32.6847916,-116.8687112,360,96369.55,W1-m-RES1-DF,06073021304,RES,RES1,W1,MC,RES1,m
637067,35.2995126,-119.0121441,360,91538.46,W1-m-RES1-DF,06029003128,RES,RES1,W1,MC,RES1,m
637153,33.8922721,-118.1336322,360,141707.0,W1-m-RES1-DF,06037554002,RES,RES1,W1,MC,RES1,m
637243,34.20361,-118.3832842,360,120974.0,W1-m-RES1-DF,06037122420,RES,RES1,W1,MC,RES1,m
637364,34.0488369,-118.1482676,360,488666.3,W1-m-RES1-DF,06037482002,RES,RES1,W1,MC,RES1,m
637543,37.4437305,-122.3724159,360,261296.5,W1-m-RES1-DF,06081613702,RES,RES1,W1,MC,RES1,m
637768,34.2683099,-118.4950694,360,281817.0,W1-m-RES1-DF,06037111100,RES,RES1,W1,MC,RES1,m
637784,33.9418498,-118.3220544,360,204857.0,W1-m-RES1-DF,06037600601,RES,RES1,W1,MC,RES1,m
637860,33.8856931,-117.8692764,360,153831.8,W1-m-RES1-DF,06059011711,RES,RES1,W1,MC,RES1,m
637928,38.513306,-121.4182262,360,150397.0,W1-m-RES1-DF,06067003203,RES,RES1,W1,MC,RES1,m
637957,33.8836152,-118.0681113,360,141449.8,W1-m-RES1-DF,06037554513,RES,RES1,W1,MC,RES1,m
638120,39.7293579,-121.8345095,360,81012.96,W1-m-RES1-DF,06007001000,RES,RES1,W1,MC,RES1,m
638233,34.125004,-117.2865029,360,70449.93,W1-m-RES1-DF,06071005502,RES,RES1,W1,MC,RES1,m
638268,37.8525912,-122.0650875,360,103540.1,W1-m-RES1-DF,06013351101,RES,RES1,W1,MC,RES1,m
638371,38.0151349,-121.8694524,360,54503.76,W1-m-RES1-DF,06013312000,RES,RES1,W1,MC,RES1,m
638440,34.9077517,-117.0327825,360,68771.34,W1-m-RES1-DF,06071009300,RES,RES1,W1,MC,RES1,m
638516,33.9263666,-117.5081994,360,115519.5,W1-m-RES1-DF,06065040902,RES,RES1,W1,MC,RES1,m
638577,36.8194482,-119.7632087,360,157210.0,W1-m-RES1-DF,06019005409,RES,RES1,W1,MC,RES1,m
638655,38.6027461,-121.355268,360,643025.0,W1-m-RES1-DF,06067005801,RES,RES1,W1,MC,RES1,m
638758,34.1407531,-118.2485559,360,40811.19,W1-m-RES1-DF,06037302202,RES,RES1,W1,MC,RES1,m
638905,34.0175004,-118.1974975,360,751.305,W1-m-RES1-DF,06037204920,RES,RES1,W1,MC,RES1,m
638973,33.8416603,-118.0450025,360,564358.1,W1-m-RES1-DF,06059110102,RES,RES1,W1,MC,RES1,m
639036,34.630638,-117.5205628,360,49360.04,W1-m-RES1-DF,06071009134,RES,RES1,W1,MC,RES1,m
639093,36.8594085,-119.7204462,360,820702.0,W1-m-RES1-DF,06019005524,RES,RES1,W1,MC,RES1,m
639152,34.1024524,-118.0204,360,283071.1,W1-m-RES1-DF,06037431502,RES,RES1,W1,MC,RES1,m
639282,32.6332543,-117.0361626,360,189058.6,W1-m-RES1-DF,06073013409,RES,RES1,W1,MC,RES1,m
639333,37.7575672,-122.4233994,360,94864.08,W1-m-RES1-DF,06075020701,RES,RES1,W1,MC,RES1,m
639526,34.1289815,-118.3568128,360,561944.3,W1-m-RES1-DF,06037143700,RES,RES1,W1,MC,RES1,m
639574,34.1530008,-117.5552301,360,10437.79,W1-m-RES1-DF,06071002021,RES,RES1,W1,MC,RES1,m
639626,34.0257126,-117.0491081,360,67897.53,W1-m-RES1-DF,06071008710,RES,RES1,W1,MC,RES1,m
639688,37.5945277,-122.4628764,360,766837.2,W1-m-RES1-DF,06081603400,RES,RES1,W1,MC,RES1,m
639724,33.7718291,-118.1697407,360,48452.89,W1-m-RES1-DF,06037576503,RES,RES1,W1,MC,RES1,m
639892,34.2284297,-119.172901,360,221440.6,W1-m-RES1-DF,06111009200,RES,RES1,W1,MC,RES1,m
639975,36.3913637,-121.6806215,360,197827.7,W1-m-RES1-DF,06053011002,RES,RES1,W1,MC,RES1,m
640133,34.4151337,-118.612578,360,193123.3,W1-m-RES1-DF,06037920339,RES,RES1,W1,MC,RES1,m
640253,34.0476827,-118.4788954,360,237544.0,W1-m-RES1-DF,06037264305,RES,RES1,W1,MC,RES1,m
640411,33.9775186,-118.4205947,360,57266.05,W1-m-RES1-DF,06037275605,RES,RES1,W1,MC,RES1,m
640502,38.0176878,-122.1262123,360,126515.5,W1-m-RES1-DF,06013317000,RES,RES1,W1,MC,RES1,m
640581,33.7418244,-117.91608,360,39024.05,W1-m-RES1-DF,06059099249,RES,RES1,W1,MC,RES1,m
640694,35.3809977,-118.994198,360,28522.85,W1-m-RES1-DF,06029001302,RES,RES1,W1,MC,RES1,m
640751,34.0787744,-118.2728192,360,29926.79,W1-m-RES1-DF,06037195804,RES,RES1,W1,MC,RES1,m
640795,38.1475486,-121.2855053,360,315122.1,W1-m-RES1-DF,06077004202,RES,RES1,W1,MC,RES1,m
640854,33.8842982,-117.8350581,360,400899.2,W1-m-RES1-DF,06059021810,RES,RES1,W1,MC,RES1,m
640903,34.262391,-118.7508193,360,449787.8,W1-m-RES1-DF,06111008004,RES,RES1,W1,MC,RES1,m
640956,32.6733411,-117.0007565,360,277152.5,W1-m-RES1-DF,06073013422,RES,RES1,W1,MC,RES1,m
641019,34.056128,-118.2940726,360,13529.06,W1-m-RES1-DF,06037212306,RES,RES1,W1,MC,RES1,m
641088,38.7059315,-121.255185,360,503817.0,W1-m-RES1-DF,06067008125,RES,RES1,W1,MC,RES1,m
641122,35.5833939,-119.3493658,360,144264.8,W1-m-RES1-DF,06029004303,RES,RES1,W1,MC,RES1,m
641203,37.790159,-122.4383313,360,66355.76,W1-m-RES1-DF,06075013401,RES,RES1,W1,MC,RES1,m
641278,34.2047052,-118.5229569,360,151844.9,W1-m-RES1-DF,06037131802,RES,RES1,W1,MC,RES1,m
641350,33.5885847,-117.1536321,360,53261.04,W1-m-RES1-DF,06065050302,RES,RES1,W1,MC,RES1,m
641380,34.0789691,-117.6560801,360,254672.6,W1-m-RES1-DF,06071001103,RES,RES1,W1,MC,RES1,m
641509,34.0635302,-117.7279205,360,87195.4,W1-m-RES1-DF,06037402702,RES,RES1,W1,MC,RES1,m
641591,34.0309167,-118.3024156,360,56395.47,W1-m-RES1-DF,06037222200,RES,RES1,W1,MC,RES1,m
641666,34.2417684,-118.4228648,360,132340.2,W1-m-RES1-DF,06037119004,RES,RES1,W1,MC,RES1,m
641724,33.7489338,-116.3623857,360,72061.3,W1-m-RES1-DF,06065044930,RES,RES1,W1,MC,RES1,m
641789,35.6209992,-120.6726406,360,92843.0,W1-m-RES1-DF,06079010205,RES,RES1,W1,MC,RES1,m
641931,36.492358,-121.4789669,360,127253.8,W1-m-RES1-DF,06053010804,RES,RES1,W1,MC,RES1,m
642015,34.2516083,-118.2816328,360,99606.81,W1-m-RES1-DF,06037101220,RES,RES1,W1,MC,RES1,m
642115,34.2107165,-119.0229506,360,62841.04,W1-m-RES1-DF,06111005601,RES,RES1,W1,MC,RES1,m
642179,33.9292791,-117.4846527,360,99704.17,W1-m-RES1-DF,06065041301,RES,RES1,W1,MC,RES1,m
642244,38.2770036,-122.0358467,360,331536.3,W1-m-RES1-DF,06095252314,RES,RES1,W1,MC,RES1,m
642295,33.7157012,-116.3969668,360,177793.4,W1-m-RES1-DF,06065045116,RES,RES1,W1,MC,RES1,m
642361,33.9459895,-117.9814957,360,454107.0,W1-m-RES1-DF,06037500203,RES,RES1,W1,MC,RES1,m
642457,34.10578,-118.1537051,360,239109.9,W1-m-RES1-DF,06037480704,RES,RES1,W1,MC,RES1,m
642533,37.4560668,-122.136319,360,5197.45,W1-m-RES1-DF,06081612102,RES,RES1,W1,MC,RES1,m
642673,40.5744659,-122.3475829,360,221120.3,W1-m-RES1-DF,06089010300,RES,RES1,W1,MC,RES1,m
642787,33.9915986,-117.898722,360,124352.6,W1-m-RES1-DF,06037408213,RES,RES1,W1,MC,RES1,m
642913,37.3914589,-122.0596946,360,303770.6,W1-m-RES1-DF,06085509109,RES,RES1,W1,MC,RES1,m
642984,34.2051759,-118.4357985,360,134732.5,W1-m-RES1-DF,06037127104,RES,RES1,W1,MC,RES1,m
643038,38.4884205,-121.4862812,360,275647.0,W1-m-RES1-DF,06067004202,RES,RES1,W1,MC,RES1,m
643110,33.8925274,-117.4884564,360,3777.84,W1-m-RES1-DF,06065041405,RES,RES1,W1,MC,RES1,m
643214,38.0094599,-121.2957941,360,64646.0,W1-m-RES1-DF,06077003407,RES,RES1,W1,MC,RES1,m
643268,33.6560907,-117.1886171,360,26692.8,W1-m-RES1-DF,06065042743,RES,RES1,W1,MC,RES1,m
643312,37.3498677,-121.8443656,360,79012.66,W1-m-RES1-DF,06085503711,RES,RES1,W1,MC,RES1,m
643429,33.9098213,-117.4379037,360,99025.92,W1-m-RES1-DF,06065031703,RES,RES1,W1,MC,RES1,m
643473,38.5286464,-121.4185713,360,219344.4,W1-m-RES1-DF,06067003101,RES,RES1,W1,MC,RES1,m
643564,37.0960709,-122.0465656,360,530302.5,W1-m-RES1-DF,06087120600,RES,RES1,W1,MC,RES1,m
643623,38.0037021,-121.8278013,360,61086.74,W1-m-RES1-DF,06013307202,RES,RES1,W1,MC,RES1,m
643698,34.0925404,-118.4910639,360,634778.6,W1-m-RES1-DF,06037262301,RES,RES1,W1,MC,RES1,m
643838,33.8533032,-118.1353409,360,517431.0,W1-m-RES1-DF,06037570800,RES,RES1,W1,MC,RES1,m
643893,37.544306,-121.9976615,360,410570.0,W1-m-RES1-DF,06001442601,RES,RES1,W1,MC,RES1,m
643975,38.0739639,-122.5535516,360,268079.0,W1-m-RES1-DF,06041104104,RES,RES1,W1,MC,RES1,m
644027,34.0210549,-118.4304607,360,330157.9,W1-m-RES1-DF,06037271600,RES,RES1,W1,MC,RES1,m
644139,38.3773322,-122.5730583,360,295302.8,W1-m-RES1-DF,06097150501,RES,RES1,W1,MC,RES1,m
644238,34.7138452,-117.2159049,360,54510.02,W1-m-RES1-DF,06071011700,RES,RES1,W1,MC,RES1,m
644422,34.2409052,-118.3395988,360,276397.9,W1-m-RES1-DF,06037102107,RES,RES1,W1,MC,RES1,m
644521,36.9818629,-120.6356596,360,346171.0,W1-m-RES1-DF,06047002404,RES,RES1,W1,MC,RES1,m
644598,34.0421001,-118.2878972,360,15089.58,W1-m-RES1-DF,06037221120,RES,RES1,W1,MC,RES1,m
644676,33.7592842,-117.1666966,360,37604.08,W1-m-RES1-DF,06065042730,RES,RES1,W1,MC,RES1,m
644833,34.426865,-119.8794367,360,89621.95,W1-m-RES1-DF,06083002935,RES,RES1,W1,MC,RES1,m
644957,33.8915717,-118.4018082,360,490300.2,W1-m-RES1-DF,06037620303,RES,RES1,W1,MC,RES1,m
645018,33.2159072,-117.3364795,360,153516.2,W1-m-RES1-DF,06073018510,RES,RES1,W1,MC,RES1,m
645052,32.9901249,-117.0909022,360,145788.9,W1-m-RES1-DF,06073017034,RES,RES1,W1,MC,RES1,m
645130,34.2044832,-118.3919739,360,25589.12,W1-m-RES1-DF,06037122410,RES,RES1,W1,MC,RES1,m
645215,34.0257387,-118.185928,360,29179.54,W1-m-RES1-DF,06037531202,RES,RES1,W1,MC,RES1,m
645273,33.077936,-117.233336,360,152405.1,W1-m-RES1-DF,06073017109,RES,RES1,W1,MC,RES1,m
645364,37.3273218,-121.9595385,360,328209.1,W1-m-RES1-DF,06085505901,RES,RES1,W1,MC,RES1,m
645418,34.3971336,-118.5454055,360,207407.2,W1-m-RES1-DF,06037920331,RES,RES1,W1,MC,RES1,m
645456,32.7529852,-117.1858795,360,470029.2,W1-m-RES1-DF,06073000100,RES,RES1,W1,MC,RES1,m
645535,34.2606831,-118.6024264,360,185143.8,W1-m-RES1-DF,06037113212,RES,RES1,W1,MC,RES1,m
645586,34.1039629,-118.3177452,360,23665.71,W1-m-RES1-DF,06037190302,RES,RES1,W1,MC,RES1,m
645641,33.9276085,-117.271605,360,23795.9,W1-m-RES1-DF,06065042522,RES,RES1,W1,MC,RES1,m
645662,34.0379752,-117.9156728,360,10283.28,W1-m-RES1-DF,06037408004,RES,RES1,W1,MC,RES1,m
645736,33.9490727,-118.3569389,360,127100.2,W1-m-RES1-DF,06037601202,RES,RES1,W1,MC,RES1,m
645900,34.2147689,-118.4183782,360,335591.4,W1-m-RES1-DF,06037122000,RES,RES1,W1,MC,RES1,m
645965,33.9592167,-117.8886028,360,64196.05,W1-m-RES1-DF,06037408703,RES,RES1,W1,MC,RES1,m
645993,32.7910178,-117.1279161,360,317397.8,W1-m-RES1-DF,06073009305,RES,RES1,W1,MC,RES1,m
646102,37.3016601,-121.9450528,360,255411.6,W1-m-RES1-DF,06085506402,RES,RES1,W1,MC,RES1,m
646185,34.0084009,-117.4511663,360,105081.4,W1-m-RES1-DF,06065040303,RES,RES1,W1,MC,RES1,m
646310,33.8527439,-118.0111021,360,337152.5,W1-m-RES1-DF,06059110302,RES,RES1,W1,MC,RES1,m
646384,34.0670436,-117.6199919,360,29445.8,W1-m-RES1-DF,06071001504,RES,RES1,W1,MC,RES1,m
646450,33.031519,-117.2723674,360,251512.6,W1-m-RES1-DF,06073017405,RES,RES1,W1,MC,RES1,m
646535,37.7822707,-122.4881761,360,154435.6,W1-m-RES1-DF,06075042700,RES,RES1,W1,MC,RES1,m
646636,33.9577155,-118.4293504,360,134175.7,W1-m-RES1-DF,06037276608,RES,RES1,W1,MC,RES1,m
646831,33.8755102,-117.9257733,360,252429.3,W1-m-RES1-DF,06059011300,RES,RES1,W1,MC,RES1,m
646956,37.3590161,-121.990586,360,472416.3,W1-m-RES1-DF,06085505305,RES,RES1,W1,MC,RES1,m
647032,32.5988025,-117.0502967,360,222349.6,W1-m-RES1-DF,06073013307,RES,RES1,W1,MC,RES1,m
647075,33.5815287,-117.5981029,360,63168.6,W1-m-RES1-DF,06059032045,RES,RES1,W1,MC,RES1,m
647096,34.1292595,-117.5276915,360,5595.96,W1-m-RES1-DF,06071002045,RES,RES1,W1,MC,RES1,m
647189,37.9456796,-122.5282641,360,133680.7,W1-m-RES1-DF,06041119201,RES,RES1,W1,MC,RES1,m
647294,34.032141,-117.9553676,360,146741.0,W1-m-RES1-DF,06037407202,RES,RES1,W1,MC,RES1,m
647357,34.7998268,-119.7847135,360,114449.5,W1-m-RES1-DF,06083001800,RES,RES1,W1,MC,RES1,m
647412,33.1575414,-117.3267034,360,155850.8,W1-m-RES1-DF,06073017809,RES,RES1,W1,MC,RES1,m
647502,33.8817748,-117.6536965,360,200286.9,W1-m-RES1-DF,06065041904,RES,RES1,W1,MC,RES1,m
647537,37.2608921,-121.8525836,360,428551.8,W1-m-RES1-DF,06085512025,RES,RES1,W1,MC,RES1,m
647630,37.4089281,-121.9019886,360,548351.3,W1-m-RES1-DF,06085504505,RES,RES1,W1,MC,RES1,m
647701,33.7088227,-117.880925,360,264429.4,W1-m-RES1-DF,06059074005,RES,RES1,W1,MC,RES1,m
647785,34.0892642,-118.4021007,360,1376524.0,W1-m-RES1-DF,06037700600,RES,RES1,W1,MC,RES1,m
647867,33.9938092,-116.4945442,360,47802.71,W1-m-RES1-DF,06065044524,RES,RES1,W1,MC,RES1,m
647961,33.9038169,-117.8940242,360,706256.3,W1-m-RES1-DF,06059001505,RES,RES1,W1,MC,RES1,m
648026,34.0393758,-117.7129528,360,199648.2,W1-m-RES1-DF,06071000403,RES,RES1,W1,MC,RES1,m
648126,38.5711443,-121.4845191,360,32086.18,W1-m-RES1-DF,06067001201,RES,RES1,W1,MC,RES1,m
648262,37.3299565,-121.9278951,360,662175.2,W1-m-RES1-DF,06085500500,RES,RES1,W1,MC,RES1,m
648414,39.4826967,-121.5599592,360,156754.8,W1-m-RES1-DF,06007003002,RES,RES1,W1,MC,RES1,m
648576,33.917542,-117.8653648,360,234397.5,W1-m-RES1-DF,06059021814,RES,RES1,W1,MC,RES1,m
648658,34.0589573,-118.1124273,360,154041.6,W1-m-RES1-DF,06037482202,RES,RES1,W1,MC,RES1,m
648730,34.0132489,-118.1423382,360,142957.0,W1-m-RES1-DF,06037531901,RES,RES1,W1,MC,RES1,m
648863,34.2321519,-118.3919487,360,111038.4,W1-m-RES1-DF,06037121222,RES,RES1,W1,MC,RES1,m
648959,37.36461,-122.0416419,360,728750.4,W1-m-RES1-DF,06085508404,RES,RES1,W1,MC,RES1,m
649031,37.3940516,-120.6111639,360,271561.0,W1-m-RES1-DF,06047000504,RES,RES1,W1,MC,RES1,m
649074,37.9206017,-121.302748,360,69715.89,W1-m-RES1-DF,06077002503,RES,RES1,W1,MC,RES1,m
649170,34.9567334,-120.4265923,360,168714.8,W1-m-RES1-DF,06083002206,RES,RES1,W1,MC,RES1,m
649278,37.7127935,-121.7417475,360,222123.3,W1-m-RES1-DF,06001451201,RES,RES1,W1,MC,RES1,m
649326,34.2121224,-118.402062,360,144303.5,W1-m-RES1-DF,06037121020,RES,RES1,W1,MC,RES1,m
649361,35.3000628,-119.0833167,360,126914.3,W1-m-RES1-DF,06029003130,RES,RES1,W1,MC,RES1,m
649430,33.7014269,-117.1928919,360,393848.7,W1-m-RES1-DF,06065042711,RES,RES1,W1,MC,RES1,m
649541,37.865807,-122.2863197,360,173549.0,W1-m-RES1-DF,06001423100,RES,RES1,W1,MC,RES1,m
649629,36.9574618,-121.8784958,360,311963.6,W1-m-RES1-DF,06087122203,RES,RES1,W1,MC,RES1,m
649717,34.144709,-117.9844264,360,174262.1,W1-m-RES1-DF,06037431002,RES,RES1,W1,MC,RES1,m
649780,35.3697841,-118.936261,360,86818.56,W1-m-RES1-DF,06029001104,RES,RES1,W1,MC,RES1,m
649940,38.5652846,-121.4903061,360,92602.16,W1-m-RES1-DF,06067002000,RES,RES1,W1,MC,RES1,m
650009,38.6375744,-121.5160231,360,486591.0,W1-m-RES1-DF,06067007028,RES,RES1,W1,MC,RES1,m
650088,37.7591282,-122.4370296,360,164239.6,W1-m-RES1-DF,06075020500,RES,RES1,W1,MC,RES1,m
650223,37.6628395,-120.9876354,360,218508.0,W1-m-RES1-DF,06099001100,RES,RES1,W1,MC,RES1,m
650300,35.6043775,-117.6480289,360,27361.8,W1-m-RES1-DF,06029005410,RES,RES1,W1,MC,RES1,m
650386,37.7784855,-122.4507192,360,132104.2,W1-m-RES1-DF,06075015701,RES,RES1,W1,MC,RES1,m
650537,38.7517824,-120.845416,360,482331.8,W1-m-RES1-DF,06017031000,RES,RES1,W1,MC,RES1,m
650641,37.7330544,-122.1562452,360,313376.0,W1-m-RES1-DF,06001432200,RES,RES1,W1,MC,RES1,m
650745,36.6634389,-121.8002812,360,1978.495,W1-m-RES1-DF,06053014102,RES,RES1,W1,MC,RES1,m
650788,34.2465705,-118.4162955,360,82582.83,W1-m-RES1-DF,06037104821,RES,RES1,W1,MC,RES1,m
650939,38.5302424,-121.9889815,360,265839.3,W1-m-RES1-DF,06113011302,RES,RES1,W1,MC,RES1,m
650986,34.0449856,-118.1955756,360,55930.09,W1-m-RES1-DF,06037203800,RES,RES1,W1,MC,RES1,m
651033,35.3264609,-119.0617564,360,124347.0,W1-m-RES1-DF,06029002816,RES,RES1,W1,MC,RES1,m
651114,36.8579529,-119.7742267,360,691702.0,W1-m-RES1-DF,06019004405,RES,RES1,W1,MC,RES1,m
651251,34.0729569,-118.3800897,360,87945.58,W1-m-RES1-DF,06037214902,RES,RES1,W1,MC,RES1,m
651347,34.5455874,-118.4200953,360,80259.23,W1-m-RES1-DF,06037920050,RES,RES1,W1,MC,RES1,m
651465,34.097573,-117.8769958,360,290570.4,W1-m-RES1-DF,06037403721,RES,RES1,W1,MC,RES1,m
651506,33.7372831,-116.9686965,360,131566.2,W1-m-RES1-DF,06065043403,RES,RES1,W1,MC,RES1,m
651601,33.948506,-118.2461145,360,58499.62,W1-m-RES1-DF,06037242300,RES,RES1,W1,MC,RES1,m
651742,34.70434,-120.0260903,360,342395.3,W1-m-RES1-DF,06083001905,RES,RES1,W1,MC,RES1,m
651837,38.5779288,-121.4084345,360,49483.17,W1-m-RES1-DF,06067005508,RES,RES1,W1,MC,RES1,m
651966,34.0590623,-118.3575091,360,171158.8,W1-m-RES1-DF,06037216302,RES,RES1,W1,MC,RES1,m
652145,33.8766106,-116.6275213,360,319949.8,W1-m-RES1-DF,06065044606,RES,RES1,W1,MC,RES1,m
652247,36.7687041,-119.7431686,360,212324.0,W1-m-RES1-DF,06019003202,RES,RES1,W1,MC,RES1,m
652311,34.078871,-118.0533056,360,35876.24,W1-m-RES1-DF,06037432802,RES,RES1,W1,MC,RES1,m
652453,37.9366457,-121.6618676,360,327636.4,W1-m-RES1-DF,06013303106,RES,RES1,W1,MC,RES1,m
652542,34.0768133,-118.2172897,360,11979.8,W1-m-RES1-DF,06037199001,RES,RES1,W1,MC,RES1,m
652577,37.620041,-122.4282283,360,2644.46,W1-m-RES1-DF,06081603801,RES,RES1,W1,MC,RES1,m
652617,37.6190778,-122.4345807,360,593380.9,W1-m-RES1-DF,06081603802,RES,RES1,W1,MC,RES1,m
652685,33.7190957,-118.0153179,360,346857.3,W1-m-RES1-DF,06059099405,RES,RES1,W1,MC,RES1,m
652752,35.46344,-116.614245,360,97534.06,W1-m-RES1-DF,06071025000,RES,RES1,W1,MC,RES1,m
652841,33.9013299,-118.2360631,360,201030.7,W1-m-RES1-DF,06037542700,RES,RES1,W1,MC,RES1,m
652907,37.7044761,-122.4157978,360,233796.8,W1-m-RES1-DF,06081600200,RES,RES1,W1,MC,RES1,m
653006,37.378605,-122.0504659,360,206959.7,W1-m-RES1-DF,06085509106,RES,RES1,W1,MC,RES1,m
653069,32.9504231,-117.1549557,360,23973.7,W1-m-RES1-DF,06073008366,RES,RES1,W1,MC,RES1,m
653146,34.2024601,-118.6306683,360,503045.6,W1-m-RES1-DF,06037134422,RES,RES1,W1,MC,RES1,m
653186,37.7033239,-122.4671356,360,148266.2,W1-m-RES1-DF,06081600702,RES,RES1,W1,MC,RES1,m
653239,33.730735,-116.2611913,360,88840.67,W1-m-RES1-DF,06065045212,RES,RES1,W1,MC,RES1,m
653262,33.8222048,-117.1728555,360,49114.56,W1-m-RES1-DF,06065042626,RES,RES1,W1,MC,RES1,m
653320,32.7665864,-117.2501116,360,75217.57,W1-m-RES1-DF,06073007602,RES,RES1,W1,MC,RES1,m
653419,38.295701,-121.970042,360,43537.47,W1-m-RES1-DF,06095252317,RES,RES1,W1,MC,RES1,m
653471,40.2383156,-121.1980772,360,1064335.0,W1-m-RES1-DF,06063000502,RES,RES1,W1,MC,RES1,m
653506,38.6248908,-121.4912778,360,198548.0,W1-m-RES1-DF,06067007013,RES,RES1,W1,MC,RES1,m
653615,33.8952809,-117.9213112,360,149133.9,W1-m-RES1-DF,06059001603,RES,RES1,W1,MC,RES1,m
653719,34.2046449,-118.5688121,360,291307.2,W1-m-RES1-DF,06037134720,RES,RES1,W1,MC,RES1,m
653764,38.7668123,-121.3199082,360,198013.0,W1-m-RES1-DF,06061021037,RES,RES1,W1,MC,RES1,m
653842,37.7049461,-122.1226567,360,92536.2,W1-m-RES1-DF,06001433801,RES,RES1,W1,MC,RES1,m
653943,38.2547036,-122.0412776,360,110322.6,W1-m-RES1-DF,06095252501,RES,RES1,W1,MC,RES1,m
653992,34.0016567,-118.0208418,360,323249.2,W1-m-RES1-DF,06037501501,RES,RES1,W1,MC,RES1,m
654122,33.8575404,-118.3992831,360,257492.5,W1-m-RES1-DF,06037621104,RES,RES1,W1,MC,RES1,m
654264,37.5702163,-122.3191027,360,94601.36,W1-m-RES1-DF,06081606202,RES,RES1,W1,MC,RES1,m
654377,40.9866263,-122.3666461,360,136973.3,W1-m-RES1-DF,06089012500,RES,RES1,W1,MC,RES1,m
654588,33.6149296,-117.8780261,360,15007.59,W1-m-RES1-DF,06059063008,RES,RES1,W1,MC,RES1,m
654655,38.6713848,-121.2532644,360,414820.0,W1-m-RES1-DF,06067008122,RES,RES1,W1,MC,RES1,m
654741,33.9354567,-117.2406622,360,37228.13,W1-m-RES1-DF,06065042515,RES,RES1,W1,MC,RES1,m
654817,37.3379084,-121.9621875,360,384928.0,W1-m-RES1-DF,06085506000,RES,RES1,W1,MC,RES1,m
654858,33.9355949,-118.2983324,360,25051.94,W1-m-RES1-DF,06037600303,RES,RES1,W1,MC,RES1,m
655016,34.02279,-117.3964984,360,155862.7,W1-m-RES1-DF,06065040101,RES,RES1,W1,MC,RES1,m
655090,34.216179,-118.3453979,360,343445.3,W1-m-RES1-DF,06037102104,RES,RES1,W1,MC,RES1,m
655190,34.1555376,-118.2518321,360,147502.3,W1-m-RES1-DF,06037301901,RES,RES1,W1,MC,RES1,m
655274,38.7827445,-121.3355152,360,847700.9,W1-m-RES1-DF,06061021044,RES,RES1,W1,MC,RES1,m
655296,34.0192207,-117.9160251,360,156335.6,W1-m-RES1-DF,06037408138,RES,RES1,W1,MC,RES1,m
655386,34.1132765,-118.4418058,360,931778.8,W1-m-RES1-DF,06037261200,RES,RES1,W1,MC,RES1,m
655439,33.6018744,-117.7261697,360,276032.2,W1-m-RES1-DF,06059062641,RES,RES1,W1,MC,RES1,m
655496,33.0012074,-117.0315378,360,224583.8,W1-m-RES1-DF,06073017053,RES,RES1,W1,MC,RES1,m
655521,33.8413521,-116.4670932,360,25497.43,W1-m-RES1-DF,06065044923,RES,RES1,W1,MC,RES1,m
655564,38.0314112,-121.9170116,360,159847.9,W1-m-RES1-DF,06013314102,RES,RES1,W1,MC,RES1,m
655632,33.1339832,-117.0284281,360,205467.8,W1-m-RES1-DF,06073020712,RES,RES1,W1,MC,RES1,m
655745,37.7578341,-122.418996,360,73937.59,W1-m-RES1-DF,06075020801,RES,RES1,W1,MC,RES1,m
655827,33.9631931,-118.2273157,360,67790.25,W1-m-RES1-DF,06037534804,RES,RES1,W1,MC,RES1,m
655921,33.8327573,-117.896248,360,379273.0,W1-m-RES1-DF,06059086301,RES,RES1,W1,MC,RES1,m
655973,36.7107994,-119.7088882,360,626950.0,W1-m-RES1-DF,06019001416,RES,RES1,W1,MC,RES1,m
656042,33.7055515,-117.7621304,360,9426.077,W1-m-RES1-DF,06059052417,RES,RES1,W1,MC,RES1,m
656107,37.80427,-122.2799551,360,2574.33,W1-m-RES1-DF,06001402600,RES,RES1,W1,MC,RES1,m
656285,34.0170108,-117.8334009,360,272277.1,W1-m-RES1-DF,06037403327,RES,RES1,W1,MC,RES1,m
656358,37.8229286,-122.2806336,360,81923.2,W1-m-RES1-DF,06001401500,RES,RES1,W1,MC,RES1,m
656411,32.6383744,-116.9983443,360,21511.27,W1-m-RES1-DF,06073013415,RES,RES1,W1,MC,RES1,m
656479,39.7569427,-120.6672907,360,510665.8,W1-m-RES1-DF,06063000201,RES,RES1,W1,MC,RES1,m
656528,34.286426,-118.5399996,360,115696.6,W1-m-RES1-DF,06037108103,RES,RES1,W1,MC,RES1,m
656560,34.0789211,-117.9284644,360,411477.5,W1-m-RES1-DF,06037405500,RES,RES1,W1,MC,RES1,m
656652,35.2236273,-118.83337,360,58641.3,W1-m-RES1-DF,06029006301,RES,RES1,W1,MC,RES1,m
656702,38.1138632,-122.2082024,360,30439.8,W1-m-RES1-DF,06095250104,RES,RES1,W1,MC,RES1,m
656760,37.769515,-122.1976093,360,89709.54,W1-m-RES1-DF,06001407500,RES,RES1,W1,MC,RES1,m
656909,34.1519021,-118.4426826,360,129582.3,W1-m-RES1-DF,06037141201,RES,RES1,W1,MC,RES1,m
656999,40.6917622,-122.3703442,360,170454.2,W1-m-RES1-DF,06089011703,RES,RES1,W1,MC,RES1,m
657063,37.5481936,-122.0049837,360,430906.3,W1-m-RES1-DF,06001442602,RES,RES1,W1,MC,RES1,m
657122,37.7782473,-122.4564269,360,141597.7,W1-m-RES1-DF,06075015600,RES,RES1,W1,MC,RES1,m
657213,34.0958307,-117.9616912,360,181506.9,W1-m-RES1-DF,06037405101,RES,RES1,W1,MC,RES1,m
657259,41.80563,-124.2183038,360,440774.2,W1-m-RES1-DF,06015000106,RES,RES1,W1,MC,RES1,m
657346,39.2881789,-122.4155734,360,197559.0,W1-m-RES1-DF,06011000400,RES,RES1,W1,MC,RES1,m
657396,34.6669986,-118.2460489,360,49786.32,W1-m-RES1-DF,06037901214,RES,RES1,W1,MC,RES1,m
657479,34.2406625,-118.942056,360,203565.1,W1-m-RES1-DF,06111005305,RES,RES1,W1,MC,RES1,m
657523,34.1392218,-118.102524,360,249103.6,W1-m-RES1-DF,06037463300,RES,RES1,W1,MC,RES1,m
657605,36.7322737,-119.7273757,360,81543.0,W1-m-RES1-DF,06019001407,RES,RES1,W1,MC,RES1,m
657695,36.9632249,-121.9926151,360,160175.8,W1-m-RES1-DF,06087121501,RES,RES1,W1,MC,RES1,m
657792,33.4834265,-117.7050629,360,150913.8,W1-m-RES1-DF,06059042338,RES,RES1,W1,MC,RES1,m
657827,37.6659681,-122.4343717,360,246013.0,W1-m-RES1-DF,06081601901,RES,RES1,W1,MC,RES1,m
657884,35.6669977,-119.2417788,360,136647.3,W1-m-RES1-DF,06029004703,RES,RES1,W1,MC,RES1,m
657982,33.7524439,-117.9245717,360,179197.6,W1-m-RES1-DF,06059089004,RES,RES1,W1,MC,RES1,m
658084,34.2038347,-118.2517672,360,902781.9,W1-m-RES1-DF,06037300701,RES,RES1,W1,MC,RES1,m
658166,37.3163695,-121.8965524,360,414165.0,W1-m-RES1-DF,06085501800,RES,RES1,W1,MC,RES1,m
658283,33.5378494,-117.6797319,360,67274.64,W1-m-RES1-DF,06059042315,RES,RES1,W1,MC,RES1,m
658341,37.5272105,-122.3046072,360,601586.4,W1-m-RES1-DF,06081607100,RES,RES1,W1,MC,RES1,m
658393,33.7799533,-118.0798959,360,560158.2,W1-m-RES1-DF,06059110008,RES,RES1,W1,MC,RES1,m
658478,37.6999879,-120.9854187,360,490190.0,W1-m-RES1-DF,06099000404,RES,RES1,W1,MC,RES1,m
658558,34.0433312,-117.047022,360,167673.2,W1-m-RES1-DF,06071008716,RES,RES1,W1,MC,RES1,m
658639,34.1662572,-118.2609478,360,231479.6,W1-m-RES1-DF,06037301203,RES,RES1,W1,MC,RES1,m
658730,36.6748899,-121.6146898,360,151743.2,W1-m-RES1-DF,06053000800,RES,RES1,W1,MC,RES1,m
658789,33.8721807,-117.8529122,360,56650.67,W1-m-RES1-DF,06059011716,RES,RES1,W1,MC,RES1,m
658871,34.0282202,-118.3947356,360,24599.62,W1-m-RES1-DF,06037270101,RES,RES1,W1,MC,RES1,m
658939,33.8428805,-118.0109172,360,356811.8,W1-m-RES1-DF,06059110303,RES,RES1,W1,MC,RES1,m
659008,34.4474969,-119.8460001,360,461753.1,W1-m-RES1-DF,06083002906,RES,RES1,W1,MC,RES1,m
659161,39.7420768,-121.838988,360,205407.5,W1-m-RES1-DF,06007000700,RES,RES1,W1,MC,RES1,m
659266,39.0613022,-122.9165007,360,164348.8,W1-m-RES1-DF,06033000401,RES,RES1,W1,MC,RES1,m
659315,33.6075961,-117.2312199,360,6733.88,W1-m-RES1-DF,06065043276,RES,RES1,W1,MC,RES1,m
659388,34.2703268,-118.4389358,360,139445.0,W1-m-RES1-DF,06037109500,RES,RES1,W1,MC,RES1,m
659441,37.3910614,-122.0063863,360,305268.8,W1-m-RES1-DF,06085508900,RES,RES1,W1,MC,RES1,m
659485,34.3999479,-117.2983169,360,71028.5,W1-m-RES1-DF,06071010032,RES,RES1,W1,MC,RES1,m
659531,34.1248355,-117.5388987,360,63788.01,W1-m-RES1-DF,06071002044,RES,RES1,W1,MC,RES1,m
659579,34.0781246,-117.904658,360,83700.54,W1-m-RES1-DF,06037406201,RES,RES1,W1,MC,RES1,m
659652,36.2042075,-121.121195,360,51344.04,W1-m-RES1-DF,06053011306,RES,RES1,W1,MC,RES1,m
659713,32.6985999,-117.113535,360,72879.63,W1-m-RES1-DF,06073003502,RES,RES1,W1,MC,RES1,m
659863,38.1311499,-121.8217361,360,340914.3,W1-m-RES1-DF,06095253502,RES,RES1,W1,MC,RES1,m
659939,33.838789,-118.2933074,360,276992.6,W1-m-RES1-DF,06037543502,RES,RES1,W1,MC,RES1,m
659992,36.8339087,-119.7450779,360,353228.0,W1-m-RES1-DF,06019005407,RES,RES1,W1,MC,RES1,m
660031,33.9476027,-118.2033667,360,68940.69,W1-m-RES1-DF,06037535804,RES,RES1,W1,MC,RES1,m
660066,34.2226265,-118.4563815,360,22145.6,W1-m-RES1-DF,06037120106,RES,RES1,W1,MC,RES1,m
660147,33.9207824,-117.4769727,360,76052.19,W1-m-RES1-DF,06065041302,RES,RES1,W1,MC,RES1,m
660192,34.0657336,-118.4489319,360,8596.17,W1-m-RES1-DF,06037265306,RES,RES1,W1,MC,RES1,m
660268,33.7865847,-118.3329508,360,192978.2,W1-m-RES1-DF,06037651401,RES,RES1,W1,MC,RES1,m
660489,38.2033546,-122.2809609,360,136263.6,W1-m-RES1-DF,06055201005,RES,RES1,W1,MC,RES1,m
660618,35.5570015,-120.7339725,360,101610.4,W1-m-RES1-DF,06079012707,RES,RES1,W1,MC,RES1,m
660695,37.7624894,-122.4807987,360,253081.5,W1-m-RES1-DF,06075032601,RES,RES1,W1,MC,RES1,m
660833,34.3139794,-119.280547,360,76593.06,W1-m-RES1-DF,06111002302,RES,RES1,W1,MC,RES1,m
660941,34.0542894,-117.7643708,360,68378.23,W1-m-RES1-DF,06037402501,RES,RES1,W1,MC,RES1,m
661011,34.1549972,-117.5933144,360,44650.43,W1-m-RES1-DF,06071002017,RES,RES1,W1,MC,RES1,m
661059,34.0187046,-118.1391703,360,70449.26,W1-m-RES1-DF,06037531800,RES,RES1,W1,MC,RES1,m
661127,33.6926896,-117.7907469,360,278395.9,W1-m-RES1-DF,06059052528,RES,RES1,W1,MC,RES1,m
661222,34.1340645,-118.6268306,360,690234.4,W1-m-RES1-DF,06037800101,RES,RES1,W1,MC,RES1,m
661266,32.5642007,-117.0662929,360,974.17,W1-m-RES1-DF,06073010111,RES,RES1,W1,MC,RES1,m
661544,34.1830757,-118.4523813,360,15777.5,W1-m-RES1-DF,06037128303,RES,RES1,W1,MC,RES1,m
661606,37.7097064,-122.4583017,360,221021.1,W1-m-RES1-DF,06075026201,RES,RES1,W1,MC,RES1,m
661654,32.9282431,-117.0821495,360,123192.7,W1-m-RES1-DF,06073017044,RES,RES1,W1,MC,RES1,m
661700,33.6710396,-116.233783,360,113952.1,W1-m-RES1-DF,06065045606,RES,RES1,W1,MC,RES1,m
661784,34.1384686,-117.961767,360,149090.5,W1-m-RES1-DF,06037430004,RES,RES1,W1,MC,RES1,m
662096,37.983487,-122.5480915,360,518913.0,W1-m-RES1-DF,06041109002,RES,RES1,W1,MC,RES1,m
662137,33.9761439,-117.9255181,360,246205.1,W1-m-RES1-DF,06037408627,RES,RES1,W1,MC,RES1,m
662200,37.6992655,-122.1135392,360,77876.4,W1-m-RES1-DF,06001433900,RES,RES1,W1,MC,RES1,m
662302,34.0726363,-118.3029423,360,74754.02,W1-m-RES1-DF,06037211420,RES,RES1,W1,MC,RES1,m
662346,33.6323616,-116.2447783,360,8718.51,W1-m-RES1-DF,06065045614,RES,RES1,W1,MC,RES1,m
662472,33.6980069,-118.0038344,360,198994.2,W1-m-RES1-DF,06059099419,RES,RES1,W1,MC,RES1,m
662633,37.9424206,-122.4988472,360,562470.1,W1-m-RES1-DF,06041121200,RES,RES1,W1,MC,RES1,m
662692,38.5541465,-121.7985136,360,286520.0,W1-m-RES1-DF,06113010508,RES,RES1,W1,MC,RES1,m
662762,34.0486658,-118.2254588,360,2710.29,W1-m-RES1-DF,06037206054,RES,RES1,W1,MC,RES1,m
662829,34.1157592,-117.2523402,360,107100.9,W1-m-RES1-DF,06071006402,RES,RES1,W1,MC,RES1,m
662968,34.3847543,-119.1189947,360,350688.2,W1-m-RES1-DF,06111000800,RES,RES1,W1,MC,RES1,m
663092,34.0951891,-118.1189727,360,141607.1,W1-m-RES1-DF,06037481002,RES,RES1,W1,MC,RES1,m
663246,37.7254423,-122.3977657,360,153054.5,W1-m-RES1-DF,06075023300,RES,RES1,W1,MC,RES1,m
663302,37.8805837,-122.0082587,360,237197.2,W1-m-RES1-DF,06013346101,RES,RES1,W1,MC,RES1,m
663344,34.1287592,-117.1504949,360,7713.6,W1-m-RES1-DF,06071007906,RES,RES1,W1,MC,RES1,m
663408,33.200905,-115.1076072,360,45985.6,W1-m-RES1-DF,06025012400,RES,RES1,W1,MC,RES1,m
663528,33.7788137,-117.9171462,360,187588.8,W1-m-RES1-DF,06059088502,RES,RES1,W1,MC,RES1,m
663599,33.9891664,-117.460654,360,52447.77,W1-m-RES1-DF,06065040405,RES,RES1,W1,MC,RES1,m
663645,38.7064567,-121.4297674,360,327254.4,W1-m-RES1-DF,06067007207,RES,RES1,W1,MC,RES1,m
663700,36.7790955,-119.8713121,360,501368.0,W1-m-RES1-DF,06019003804,RES,RES1,W1,MC,RES1,m
663738,38.5877273,-121.3171784,360,75348.0,W1-m-RES1-DF,06067008911,RES,RES1,W1,MC,RES1,m
663802,34.2152006,-118.8453547,360,269329.2,W1-m-RES1-DF,06111007508,RES,RES1,W1,MC,RES1,m
663851,38.5773838,-121.4547432,360,467588.9,W1-m-RES1-DF,06067000300,RES,RES1,W1,MC,RES1,m
663964,33.7789685,-118.1886964,360,68420.17,W1-m-RES1-DF,06037576301,RES,RES1,W1,MC,RES1,m
664089,33.7174759,-118.0667384,360,158196.2,W1-m-RES1-DF,06059099513,RES,RES1,W1,MC,RES1,m
664233,33.8355936,-117.9526151,360,89790.03,W1-m-RES1-DF,06059087102,RES,RES1,W1,MC,RES1,m
664424,33.1313346,-117.0781738,360,29835.7,W1-m-RES1-DF,06073020213,RES,RES1,W1,MC,RES1,m
664465,32.6696658,-117.0538249,360,288960.9,W1-m-RES1-DF,06073003212,RES,RES1,W1,MC,RES1,m
664483,38.480004,-121.5283512,360,571198.9,W1-m-RES1-DF,06067004011,RES,RES1,W1,MC,RES1,m
664566,35.6422887,-117.690525,360,146805.6,W1-m-RES1-DF,06029005406,RES,RES1,W1,MC,RES1,m
664641,35.3889479,-119.1566222,360,15920.03,W1-m-RES1-DF,06029003824,RES,RES1,W1,MC,RES1,m
664692,38.906926,-119.9479088,360,675717.1,W1-m-RES1-DF,06017030504,RES,RES1,W1,MC,RES1,m
664777,37.8588898,-122.258719,360,153256.7,W1-m-RES1-DF,06001423601,RES,RES1,W1,MC,RES1,m
664860,37.6564813,-121.9043199,360,210114.3,W1-m-RES1-DF,06001450608,RES,RES1,W1,MC,RES1,m
664994,38.0234589,-122.1383209,360,19248.45,W1-m-RES1-DF,06013316000,RES,RES1,W1,MC,RES1,m
665092,36.7468175,-119.7634304,360,183636.0,W1-m-RES1-DF,06019002601,RES,RES1,W1,MC,RES1,m
665158,33.9798033,-118.4332118,360,184801.5,W1-m-RES1-DF,06037275312,RES,RES1,W1,MC,RES1,m
665206,32.7174952,-117.0753791,360,191131.3,W1-m-RES1-DF,06073003001,RES,RES1,W1,MC,RES1,m
665282,34.2259651,-118.5503049,360,105644.0,W1-m-RES1-DF,06037115302,RES,RES1,W1,MC,RES1,m
665316,34.4232114,-118.4402442,360,80125.12,W1-m-RES1-DF,06037920039,RES,RES1,W1,MC,RES1,m
665355,38.5490845,-121.4280432,360,90566.19,W1-m-RES1-DF,06067001701,RES,RES1,W1,MC,RES1,m
665409,38.3786708,-121.9871789,360,46113.6,W1-m-RES1-DF,06095253207,RES,RES1,W1,MC,RES1,m
665466,33.763166,-116.4012162,360,316618.9,W1-m-RES1-DF,06065044918,RES,RES1,W1,MC,RES1,m
665512,37.6399723,-122.4505916,360,513514.6,W1-m-RES1-DF,06081602500,RES,RES1,W1,MC,RES1,m
665565,34.0463451,-118.0851206,360,144526.1,W1-m-RES1-DF,06037482404,RES,RES1,W1,MC,RES1,m
665654,37.8041422,-122.2215059,360,385306.0,W1-m-RES1-DF,06001404900,RES,RES1,W1,MC,RES1,m
665725,34.1113316,-118.2957554,360,329449.8,W1-m-RES1-DF,06037189202,RES,RES1,W1,MC,RES1,m
665878,39.7367696,-122.1831262,360,223905.8,W1-m-RES1-DF,06021010102,RES,RES1,W1,MC,RES1,m
665924,38.5344863,-121.2041802,360,519801.5,W1-m-RES1-DF,06067008708,RES,RES1,W1,MC,RES1,m
665938,38.5078348,-121.5652348,360,796833.2,W1-m-RES1-DF,06113010402,RES,RES1,W1,MC,RES1,m
665977,37.6282241,-122.088523,360,247026.0,W1-m-RES1-DF,06001438300,RES,RES1,W1,MC,RES1,m
666047,37.3764599,-121.7923207,360,478780.6,W1-m-RES1-DF,06085504202,RES,RES1,W1,MC,RES1,m
666166,37.6979401,-121.7322366,360,13933.71,W1-m-RES1-DF,06001451504,RES,RES1,W1,MC,RES1,m
666213,34.1442858,-118.3727317,360,127802.7,W1-m-RES1-DF,06037143603,RES,RES1,W1,MC,RES1,m
666285,37.7642579,-121.9742235,360,136021.2,W1-m-RES1-DF,06013345116,RES,RES1,W1,MC,RES1,m
666319,38.5745143,-120.8047068,360,124088.0,W1-m-RES1-DF,06017031407,RES,RES1,W1,MC,RES1,m
666452,32.9646,-115.5527443,360,441272.0,W1-m-RES1-DF,06025010600,RES,RES1,W1,MC,RES1,m
666525,34.1030228,-117.6080465,360,11120.67,W1-m-RES1-DF,06071002103,RES,RES1,W1,MC,RES1,m
666570,32.7697884,-117.1197707,360,223356.0,W1-m-RES1-DF,06073001900,RES,RES1,W1,MC,RES1,m
666610,37.7817468,-122.1868539,360,164018.7,W1-m-RES1-DF,06001407800,RES,RES1,W1,MC,RES1,m
666754,37.6717709,-120.9506409,360,374957.0,W1-m-RES1-DF,06099000911,RES,RES1,W1,MC,RES1,m
666795,34.0446014,-118.2506539,360,5416.225,W1-m-RES1-DF,06037207308,RES,RES1,W1,MC,RES1,m
666879,39.516237,-121.6436615,360,223933.7,W1-m-RES1-DF,06007003700,RES,RES1,W1,MC,RES1,m
666959,32.8294349,-116.8942627,360,275949.6,W1-m-RES1-DF,06073016809,RES,RES1,W1,MC,RES1,m
667033,33.9442011,-117.6280865,360,96166.2,W1-m-RES1-DF,06071001907,RES,RES1,W1,MC,RES1,m
667076,33.8149069,-118.2674553,360,199613.8,W1-m-RES1-DF,06037543705,RES,RES1,W1,MC,RES1,m
667177,34.3715782,-118.5511232,360,475967.5,W1-m-RES1-DF,06037920313,RES,RES1,W1,MC,RES1,m
667246,38.0497939,-121.3360671,360,1365853.0,W1-m-RES1-DF,06077003219,RES,RES1,W1,MC,RES1,m
667284,37.2867501,-121.8303183,360,172804.2,W1-m-RES1-DF,06085503217,RES,RES1,W1,MC,RES1,m
667317,37.3436482,-121.8272382,360,211843.9,W1-m-RES1-DF,06085503506,RES,RES1,W1,MC,RES1,m
667435,34.1833588,-118.5842954,360,109005.9,W1-m-RES1-DF,06037134905,RES,RES1,W1,MC,RES1,m
667525,33.9346776,-117.9615275,360,193941.1,W1-m-RES1-DF,06059001103,RES,RES1,W1,MC,RES1,m
667633,35.7837173,-119.2462266,360,62105.54,W1-m-RES1-DF,06029004901,RES,RES1,W1,MC,RES1,m
667705,38.532368,-121.4602788,360,171525.5,W1-m-RES1-DF,06067004402,RES,RES1,W1,MC,RES1,m
667801,37.2916308,-120.4768027,360,36041.0,W1-m-RES1-DF,06047001601,RES,RES1,W1,MC,RES1,m
667854,34.0715068,-118.0077568,360,35413.84,W1-m-RES1-DF,06037433306,RES,RES1,W1,MC,RES1,m
667951,32.6639283,-117.0738537,360,80612.7,W1-m-RES1-DF,06073012200,RES,RES1,W1,MC,RES1,m
668067,34.0156458,-118.0405568,360,78648.99,W1-m-RES1-DF,06037500300,RES,RES1,W1,MC,RES1,m
668134,38.4585904,-122.8653254,360,153022.1,W1-m-RES1-DF,06097153712,RES,RES1,W1,MC,RES1,m
668206,38.5472515,-121.570497,360,610104.0,W1-m-RES1-DF,06113010310,RES,RES1,W1,MC,RES1,m
668277,36.6003756,-121.9488877,360,471382.0,W1-m-RES1-DF,06053011902,RES,RES1,W1,MC,RES1,m
668341,38.0214223,-121.8935623,360,194928.0,W1-m-RES1-DF,06013311000,RES,RES1,W1,MC,RES1,m
668420,34.1074524,-117.2590878,360,52027.43,W1-m-RES1-DF,06071006502,RES,RES1,W1,MC,RES1,m
668485,34.0642617,-118.4273369,360,394108.8,W1-m-RES1-DF,06037265702,RES,RES1,W1,MC,RES1,m
668570,33.7208388,-118.3228117,360,409591.3,W1-m-RES1-DF,06037297400,RES,RES1,W1,MC,RES1,m
668634,38.8302553,-121.2868025,360,1779363.0,W1-m-RES1-DF,06061021323,RES,RES1,W1,MC,RES1,m
668710,36.3380678,-118.8945914,360,416610.3,W1-m-RES1-DF,06107000101,RES,RES1,W1,MC,RES1,m
668816,33.9917092,-118.3544096,360,757651.7,W1-m-RES1-DF,06037703100,RES,RES1,W1,MC,RES1,m
668870,37.6164242,-121.9814908,360,70758.4,W1-m-RES1-DF,06001440100,RES,RES1,W1,MC,RES1,m
668959,37.8033164,-122.2022249,360,554586.8,W1-m-RES1-DF,06001406700,RES,RES1,W1,MC,RES1,m
669069,32.8149642,-117.171816,360,507367.8,W1-m-RES1-DF,06073008509,RES,RES1,W1,MC,RES1,m
669141,33.8797538,-117.9180787,360,204204.7,W1-m-RES1-DF,06059011401,RES,RES1,W1,MC,RES1,m
669193,37.7469525,-122.4675254,360,777588.4,W1-m-RES1-DF,06075030400,RES,RES1,W1,MC,RES1,m
669225,35.3707155,-118.9574332,360,48313.66,W1-m-RES1-DF,06029001106,RES,RES1,W1,MC,RES1,m
669293,33.7665662,-118.1799258,360,207855.7,W1-m-RES1-DF,06037576601,RES,RES1,W1,MC,RES1,m
669486,37.3727792,-122.0289163,360,256623.1,W1-m-RES1-DF,06085508602,RES,RES1,W1,MC,RES1,m
669650,37.9742408,-120.3380353,360,128130.2,W1-m-RES1-DF,06109004102,RES,RES1,W1,MC,RES1,m
669703,34.097882,-118.1838819,360,364916.6,W1-m-RES1-DF,06037201302,RES,RES1,W1,MC,RES1,m
669862,33.8767524,-118.0551677,360,712780.3,W1-m-RES1-DF,06037554512,RES,RES1,W1,MC,RES1,m
670002,33.7230118,-117.8325163,360,69855.11,W1-m-RES1-DF,06059075517,RES,RES1,W1,MC,RES1,m
670087,37.9313083,-121.2686436,360,32214.0,W1-m-RES1-DF,06077002201,RES,RES1,W1,MC,RES1,m
670193,33.9244375,-117.9455411,360,76878.2,W1-m-RES1-DF,06059001304,RES,RES1,W1,MC,RES1,m
670256,32.7074405,-117.0155785,360,213292.6,W1-m-RES1-DF,06073003108,RES,RES1,W1,MC,RES1,m
670347,40.3425806,-123.2757792,360,63212.38,W1-m-RES1-DF,06105000500,RES,RES1,W1,MC,RES1,m
670420,38.0068998,-122.1226147,360,344099.1,W1-m-RES1-DF,06013319002,RES,RES1,W1,MC,RES1,m
670517,38.6420403,-121.3933099,360,136132.9,W1-m-RES1-DF,06067007413,RES,RES1,W1,MC,RES1,m
670587,37.3534047,-122.0975415,360,502884.5,W1-m-RES1-DF,06085511702,RES,RES1,W1,MC,RES1,m
670622,36.6231442,-119.5522586,360,137893.1,W1-m-RES1-DF,06019008504,RES,RES1,W1,MC,RES1,m
670738,40.2178542,-123.725331,360,360217.5,W1-m-RES1-DF,06023011600,RES,RES1,W1,MC,RES1,m
670857,32.8728267,-116.8357461,360,141315.2,W1-m-RES1-DF,06073016812,RES,RES1,W1,MC,RES1,m
670924,37.7212465,-122.123827,360,605674.6,W1-m-RES1-DF,06001432800,RES,RES1,W1,MC,RES1,m
670973,37.2095662,-121.9492296,360,533217.1,W1-m-RES1-DF,06085507002,RES,RES1,W1,MC,RES1,m
671120,34.1835838,-118.4443453,360,12360.96,W1-m-RES1-DF,06037128210,RES,RES1,W1,MC,RES1,m
671230,33.7608961,-116.9486385,360,40980.38,W1-m-RES1-DF,06065043523,RES,RES1,W1,MC,RES1,m
671341,32.7495164,-117.0438659,360,166758.0,W1-m-RES1-DF,06073014500,RES,RES1,W1,MC,RES1,m
671435,34.2284788,-118.479077,360,421332.1,W1-m-RES1-DF,06037117404,RES,RES1,W1,MC,RES1,m
671473,38.6994863,-121.3729583,360,345736.0,W1-m-RES1-DF,06067007434,RES,RES1,W1,MC,RES1,m
671586,40.8708919,-121.6257424,360,319226.2,W1-m-RES1-DF,06089012701,RES,RES1,W1,MC,RES1,m
671679,34.6821498,-118.1746568,360,244583.6,W1-m-RES1-DF,06037901009,RES,RES1,W1,MC,RES1,m
671735,37.7439404,-122.4076933,360,279820.6,W1-m-RES1-DF,06075025100,RES,RES1,W1,MC,RES1,m
671837,39.1627685,-121.6796294,360,683214.9,W1-m-RES1-DF,06101050601,RES,RES1,W1,MC,RES1,m
671900,37.744964,-122.4269056,360,372801.3,W1-m-RES1-DF,06075021500,RES,RES1,W1,MC,RES1,m
672043,33.9592385,-117.8255138,360,367051.5,W1-m-RES1-DF,06037403325,RES,RES1,W1,MC,RES1,m
672113,37.355853,-120.3392864,360,311110.8,W1-m-RES1-DF,06047001901,RES,RES1,W1,MC,RES1,m
672169,33.0808841,-117.1352842,360,27083.36,W1-m-RES1-DF,06073020312,RES,RES1,W1,MC,RES1,m
672199,34.0653167,-118.1407538,360,277043.6,W1-m-RES1-DF,06037481800,RES,RES1,W1,MC,RES1,m
672287,37.2928527,-121.9823802,360,362339.0,W1-m-RES1-DF,06085506601,RES,RES1,W1,MC,RES1,m
672333,33.9222611,-117.9844839,360,399759.6,W1-m-RES1-DF,06037503702,RES,RES1,W1,MC,RES1,m
672393,33.8246197,-118.0065084,360,144489.8,W1-m-RES1-DF,06059086901,RES,RES1,W1,MC,RES1,m
672458,32.5607766,-117.0585027,360,15230.28,W1-m-RES1-DF,06073010012,RES,RES1,W1,MC,RES1,m
672558,34.0116507,-118.0998041,360,76855.78,W1-m-RES1-DF,06037530101,RES,RES1,W1,MC,RES1,m
672647,36.8011471,-119.8084855,360,339477.0,W1-m-RES1-DF,06019004602,RES,RES1,W1,MC,RES1,m
672712,37.3413009,-120.7492817,360,150804.9,W1-m-RES1-DF,06047000303,RES,RES1,W1,MC,RES1,m
672925,38.1292231,-121.4444155,360,81673.97,W1-m-RES1-DF,06077004001,RES,RES1,W1,MC,RES1,m
673059,34.0222989,-118.2718023,360,14372.41,W1-m-RES1-DF,06037224600,RES,RES1,W1,MC,RES1,m
673175,37.9974209,-122.0447125,360,309607.8,W1-m-RES1-DF,06013327002,RES,RES1,W1,MC,RES1,m
673312,34.8240667,-114.6750382,360,193201.5,W1-m-RES1-DF,06071010700,RES,RES1,W1,MC,RES1,m
673394,33.7719179,-118.1740905,360,77136.91,W1-m-RES1-DF,06037576502,RES,RES1,W1,MC,RES1,m
673502,34.1948909,-118.5657988,360,221053.7,W1-m-RES1-DF,06037134802,RES,RES1,W1,MC,RES1,m
673569,32.7998741,-116.9899671,360,419704.9,W1-m-RES1-DF,06073016100,RES,RES1,W1,MC,RES1,m
673649,34.2536638,-117.279282,360,272862.7,W1-m-RES1-DF,06071010804,RES,RES1,W1,MC,RES1,m
673873,33.8581232,-117.8046708,360,541.0,W1-m-RES1-DF,06059021813,RES,RES1,W1,MC,RES1,m
673912,34.0427907,-118.3423056,360,27848.41,W1-m-RES1-DF,06037218210,RES,RES1,W1,MC,RES1,m
673998,37.3136674,-120.4472741,360,516483.0,W1-m-RES1-DF,06047001200,RES,RES1,W1,MC,RES1,m
674061,33.8016119,-118.3042086,360,309489.6,W1-m-RES1-DF,06037293302,RES,RES1,W1,MC,RES1,m
674217,34.4570326,-117.3367099,360,90314.91,W1-m-RES1-DF,06071010010,RES,RES1,W1,MC,RES1,m
674337,33.0572295,-117.2996671,360,120211.1,W1-m-RES1-DF,06073017702,RES,RES1,W1,MC,RES1,m
674406,37.7877859,-122.2357701,360,67294.72,W1-m-RES1-DF,06001405901,RES,RES1,W1,MC,RES1,m
674485,34.0537069,-118.2879026,360,15566.11,W1-m-RES1-DF,06037213401,RES,RES1,W1,MC,RES1,m
674577,37.8135239,-122.2534812,360,94654.22,W1-m-RES1-DF,06001403600,RES,RES1,W1,MC,RES1,m
674739,35.2620354,-118.9369122,360,65326.95,W1-m-RES1-DF,06029006201,RES,RES1,W1,MC,RES1,m
674802,37.6486213,-122.4752474,360,427583.6,W1-m-RES1-DF,06081602700,RES,RES1,W1,MC,RES1,m
674875,37.7936449,-121.1846292,360,155136.6,W1-m-RES1-DF,06077005138,RES,RES1,W1,MC,RES1,m
674951,34.2885019,-118.7332122,360,98031.36,W1-m-RES1-DF,06111008501,RES,RES1,W1,MC,RES1,m
674985,33.9846131,-116.9050755,360,154878.8,W1-m-RES1-DF,06065044104,RES,RES1,W1,MC,RES1,m
675134,33.9643251,-118.3486875,360,70319.53,W1-m-RES1-DF,06037601001,RES,RES1,W1,MC,RES1,m
675224,37.7978944,-122.1949575,360,339663.4,W1-m-RES1-DF,06001406800,RES,RES1,W1,MC,RES1,m
675291,33.8778669,-118.2044991,360,75587.4,W1-m-RES1-DF,06037570403,RES,RES1,W1,MC,RES1,m
675376,33.7365911,-117.8294395,360,42023.4,W1-m-RES1-DF,06059075514,RES,RES1,W1,MC,RES1,m
675475,33.7069675,-116.2260948,360,45194.58,W1-m-RES1-DF,06065045501,RES,RES1,W1,MC,RES1,m
675516,33.6663741,-117.0779511,360,13498.29,W1-m-RES1-DF,06065042737,RES,RES1,W1,MC,RES1,m
675561,32.5783698,-117.0636964,360,107772.6,W1-m-RES1-DF,06073010010,RES,RES1,W1,MC,RES1,m
675649,37.319403,-121.9209269,360,115179.1,W1-m-RES1-DF,06085502002,RES,RES1,W1,MC,RES1,m
675871,36.6151532,-121.8487991,360,96956.5,W1-m-RES1-DF,06053014000,RES,RES1,W1,MC,RES1,m
675944,34.1114184,-118.3530199,360,235469.7,W1-m-RES1-DF,06037194101,RES,RES1,W1,MC,RES1,m
676085,36.3043939,-119.1444506,360,404638.0,W1-m-RES1-DF,06107001501,RES,RES1,W1,MC,RES1,m
676158,32.7151763,-117.1448989,360,23053.02,W1-m-RES1-DF,06073004600,RES,RES1,W1,MC,RES1,m
676311,37.7831286,-122.2143965,360,73266.4,W1-m-RES1-DF,06001407101,RES,RES1,W1,MC,RES1,m
676405,34.0563658,-118.287932,360,5540.25,W1-m-RES1-DF,06037212202,RES,RES1,W1,MC,RES1,m
676505,32.8335046,-117.1102351,360,370498.6,W1-m-RES1-DF,06073009502,RES,RES1,W1,MC,RES1,m
676567,37.8055076,-122.2131962,360,218265.6,W1-m-RES1-DF,06001404800,RES,RES1,W1,MC,RES1,m
676633,33.9400822,-118.3635824,360,34500.36,W1-m-RES1-DF,06037601502,RES,RES1,W1,MC,RES1,m
676750,34.0595607,-118.3022261,360,17142.18,W1-m-RES1-DF,06037212410,RES,RES1,W1,MC,RES1,m
676835,37.9689923,-122.3509224,360,175085.0,W1-m-RES1-DF,06013366002,RES,RES1,W1,MC,RES1,m
676919,34.3873773,-118.5672498,360,426507.3,W1-m-RES1-DF,06037920334,RES,RES1,W1,MC,RES1,m
677012,34.0909207,-118.1536066,360,165921.8,W1-m-RES1-DF,06037480803,RES,RES1,W1,MC,RES1,m
677050,38.122102,-122.2687692,360,32778.48,W1-m-RES1-DF,06095251702,RES,RES1,W1,MC,RES1,m
677120,40.5830946,-122.4209446,360,634617.6,W1-m-RES1-DF,06089010602,RES,RES1,W1,MC,RES1,m
677244,33.8932937,-117.9383193,360,676429.5,W1-m-RES1-DF,06059001706,RES,RES1,W1,MC,RES1,m
677351,37.261793,-121.945591,360,236518.5,W1-m-RES1-DF,06085502703,RES,RES1,W1,MC,RES1,m
677492,34.2871063,-118.7065603,360,353402.8,W1-m-RES1-DF,06111008401,RES,RES1,W1,MC,RES1,m
677544,33.0287236,-117.1125166,360,441020.8,W1-m-RES1-DF,06073017064,RES,RES1,W1,MC,RES1,m
677605,34.405977,-119.3004533,360,264666.6,W1-m-RES1-DF,06111001101,RES,RES1,W1,MC,RES1,m
677731,37.8346277,-122.2024752,360,1064433.0,W1-m-RES1-DF,06001404502,RES,RES1,W1,MC,RES1,m
677806,32.744784,-117.142027,360,162705.5,W1-m-RES1-DF,06073000800,RES,RES1,W1,MC,RES1,m
677891,35.3140372,-119.0121312,360,112649.2,W1-m-RES1-DF,06029003126,RES,RES1,W1,MC,RES1,m
678001,40.1913614,-122.2068646,360,353087.3,W1-m-RES1-DF,06103000600,RES,RES1,W1,MC,RES1,m
678121,37.6364758,-122.4859426,360,296138.2,W1-m-RES1-DF,06081603000,RES,RES1,W1,MC,RES1,m
678211,33.8842945,-118.0768827,360,192358.4,W1-m-RES1-DF,06037554700,RES,RES1,W1,MC,RES1,m
678255,33.8532314,-118.1210795,360,293305.0,W1-m-RES1-DF,06037570902,RES,RES1,W1,MC,RES1,m
678310,33.7365423,-116.2855038,360,96959.9,W1-m-RES1-DF,06065045214,RES,RES1,W1,MC,RES1,m
678371,33.8962831,-117.9932311,360,293377.0,W1-m-RES1-DF,06037503801,RES,RES1,W1,MC,RES1,m
678455,37.6992109,-122.0650346,360,419607.1,W1-m-RES1-DF,06001430800,RES,RES1,W1,MC,RES1,m
678601,33.0198629,-117.2118801,360,652833.8,W1-m-RES1-DF,06073017106,RES,RES1,W1,MC,RES1,m
678732,37.3285223,-122.0408528,360,277623.4,W1-m-RES1-DF,06085507806,RES,RES1,W1,MC,RES1,m
678844,36.9775587,-121.5863518,360,314642.2,W1-m-RES1-DF,06085512510,RES,RES1,W1,MC,RES1,m
678911,34.0937659,-117.9211246,360,195065.4,W1-m-RES1-DF,06037405701,RES,RES1,W1,MC,RES1,m
678952,33.9700245,-117.9023476,360,363488.0,W1-m-RES1-DF,06037408722,RES,RES1,W1,MC,RES1,m
679120,35.5027069,-119.1781788,360,630981.3,W1-m-RES1-DF,06029003900,RES,RES1,W1,MC,RES1,m
679170,36.3477825,-119.2797544,360,342375.0,W1-m-RES1-DF,06107001303,RES,RES1,W1,MC,RES1,m
679218,33.1203127,-117.2373317,360,71792.63,W1-m-RES1-DF,06073020031,RES,RES1,W1,MC,RES1,m
679259,34.5176229,-117.3818852,360,155847.5,W1-m-RES1-DF,06071009128,RES,RES1,W1,MC,RES1,m
679325,37.7998452,-122.3173831,360,3547.0,W1-m-RES1-DF,06001981900,RES,RES1,W1,MC,RES1,m
679443,33.9559664,-118.402225,360,183810.0,W1-m-RES1-DF,06037278001,RES,RES1,W1,MC,RES1,m
679544,37.8645164,-122.2936857,360,69533.76,W1-m-RES1-DF,06001423200,RES,RES1,W1,MC,RES1,m
679675,38.5674597,-121.4593774,360,492257.7,W1-m-RES1-DF,06067001500,RES,RES1,W1,MC,RES1,m
679775,34.8619747,-118.167103,360,69690.78,W1-m-RES1-DF,06029005803,RES,RES1,W1,MC,RES1,m
679886,37.3314079,-121.8221358,360,203807.7,W1-m-RES1-DF,06085503306,RES,RES1,W1,MC,RES1,m
679975,33.7344706,-118.2956423,360,60912.6,W1-m-RES1-DF,06037296902,RES,RES1,W1,MC,RES1,m
680113,36.7113232,-119.7578793,360,234083.0,W1-m-RES1-DF,06019001201,RES,RES1,W1,MC,RES1,m
680251,37.9515743,-122.0605372,360,186409.1,W1-m-RES1-DF,06013324002,RES,RES1,W1,MC,RES1,m
680348,33.723079,-117.9675804,360,332808.9,W1-m-RES1-DF,06059099224,RES,RES1,W1,MC,RES1,m
680399,33.6712424,-116.1823843,360,75422.26,W1-m-RES1-DF,06065045704,RES,RES1,W1,MC,RES1,m
680443,34.2023735,-118.5779426,360,96664.75,W1-m-RES1-DF,06037134710,RES,RES1,W1,MC,RES1,m
680495,34.4815317,-117.2345262,360,30810.12,W1-m-RES1-DF,06071009725,RES,RES1,W1,MC,RES1,m
680594,38.0055375,-122.5028107,360,474048.6,W1-m-RES1-DF,06041106002,RES,RES1,W1,MC,RES1,m
680649,34.0775321,-117.4580772,360,74703.15,W1-m-RES1-DF,06071002503,RES,RES1,W1,MC,RES1,m
680717,33.8893924,-118.3223468,360,277981.1,W1-m-RES1-DF,06037603600,RES,RES1,W1,MC,RES1,m
680806,37.6349768,-121.0374636,360,418682.0,W1-m-RES1-DF,06099001500,RES,RES1,W1,MC,RES1,m
680875,33.7798705,-117.4096816,360,52960.23,W1-m-RES1-DF,06065042007,RES,RES1,W1,MC,RES1,m
680919,37.8688708,-122.5128206,360,33588.7,W1-m-RES1-DF,06041129000,RES,RES1,W1,MC,RES1,m
681051,35.3597374,-118.975107,360,63426.09,W1-m-RES1-DF,06029002302,RES,RES1,W1,MC,RES1,m
681206,35.5748544,-121.0948278,360,110321.3,W1-m-RES1-DF,06079010404,RES,RES1,W1,MC,RES1,m
681366,34.0390952,-117.3604857,360,83584.81,W1-m-RES1-DF,06071004004,RES,RES1,W1,MC,RES1,m
681554,37.7621786,-122.2109235,360,78021.12,W1-m-RES1-DF,06001407300,RES,RES1,W1,MC,RES1,m
681722,33.3812714,-117.2415212,360,137113.4,W1-m-RES1-DF,06073018904,RES,RES1,W1,MC,RES1,m
681826,37.5147982,-120.8343873,360,796884.0,W1-m-RES1-DF,06099003907,RES,RES1,W1,MC,RES1,m
681906,34.0147343,-118.3396088,360,88034.76,W1-m-RES1-DF,06037236101,RES,RES1,W1,MC,RES1,m
681996,34.1632548,-118.0252477,360,640654.9,W1-m-RES1-DF,06037430400,RES,RES1,W1,MC,RES1,m
682076,34.2461946,-118.5323978,360,81594.0,W1-m-RES1-DF,06037115203,RES,RES1,W1,MC,RES1,m
682146,33.9281744,-118.0407064,360,197325.7,W1-m-RES1-DF,06037503103,RES,RES1,W1,MC,RES1,m
682213,33.9070176,-118.1770919,360,40428.48,W1-m-RES1-DF,06037553701,RES,RES1,W1,MC,RES1,m
682295,34.1213123,-118.2188456,360,55700.61,W1-m-RES1-DF,06037186201,RES,RES1,W1,MC,RES1,m
682379,34.6614867,-116.9072949,360,122170.1,W1-m-RES1-DF,06071012106,RES,RES1,W1,MC,RES1,m
682465,37.9011591,-121.5807088,360,9132.57,W1-m-RES1-DF,06013304003,RES,RES1,W1,MC,RES1,m
682514,34.4329753,-119.801634,360,486156.6,W1-m-RES1-DF,06083003004,RES,RES1,W1,MC,RES1,m
682561,32.7533388,-117.0247841,360,342788.8,W1-m-RES1-DF,06073014602,RES,RES1,W1,MC,RES1,m
682755,33.8646765,-118.0150263,360,168456.8,W1-m-RES1-DF,06059110500,RES,RES1,W1,MC,RES1,m
682846,37.4439637,-122.1886855,360,475901.4,W1-m-RES1-DF,06081612700,RES,RES1,W1,MC,RES1,m
682888,32.6720618,-117.0643798,360,204506.4,W1-m-RES1-DF,06073003202,RES,RES1,W1,MC,RES1,m
682949,34.0437,-117.6751848,360,96252.71,W1-m-RES1-DF,06071001702,RES,RES1,W1,MC,RES1,m
683026,33.9274501,-118.4208606,360,393859.6,W1-m-RES1-DF,06037620101,RES,RES1,W1,MC,RES1,m
683119,33.9310496,-118.1901863,360,246548.6,W1-m-RES1-DF,06037540101,RES,RES1,W1,MC,RES1,m
683183,34.177348,-118.6541956,360,865733.1,W1-m-RES1-DF,06037137302,RES,RES1,W1,MC,RES1,m
683268,38.631336,-121.3149373,360,445271.3,W1-m-RES1-DF,06067007801,RES,RES1,W1,MC,RES1,m
683383,37.5693426,-122.0194346,360,549751.5,W1-m-RES1-DF,06001441302,RES,RES1,W1,MC,RES1,m
683421,36.9462467,-120.021853,360,115577.0,W1-m-RES1-DF,06039000518,RES,RES1,W1,MC,RES1,m
683526,33.734324,-117.8712799,360,215914.2,W1-m-RES1-DF,06059074601,RES,RES1,W1,MC,RES1,m
683666,34.1710001,-118.3112874,360,69130.48,W1-m-RES1-DF,06037311802,RES,RES1,W1,MC,RES1,m
683783,33.1050131,-117.1469842,360,327734.2,W1-m-RES1-DF,06073020311,RES,RES1,W1,MC,RES1,m
683835,33.27526,-115.8770315,360,13676.06,W1-m-RES1-DF,06025012302,RES,RES1,W1,MC,RES1,m
683946,40.536096,-122.2525158,360,682460.9,W1-m-RES1-DF,06089011900,RES,RES1,W1,MC,RES1,m
683968,34.253613,-118.5863726,360,11238.94,W1-m-RES1-DF,06037113324,RES,RES1,W1,MC,RES1,m
684008,33.8505828,-118.1612953,360,336348.7,W1-m-RES1-DF,06037570703,RES,RES1,W1,MC,RES1,m
684133,38.3110983,-122.3010928,360,207886.1,W1-m-RES1-DF,06055200501,RES,RES1,W1,MC,RES1,m
684204,34.2725022,-116.7541149,360,191343.4,W1-m-RES1-DF,06071011404,RES,RES1,W1,MC,RES1,m
684283,37.9610553,-122.3520991,360,93593.02,W1-m-RES1-DF,06013368002,RES,RES1,W1,MC,RES1,m
684361,34.0568668,-117.288612,360,8658.96,W1-m-RES1-DF,06071007110,RES,RES1,W1,MC,RES1,m
684476,36.8457094,-119.6754625,360,585699.0,W1-m-RES1-DF,06019005512,RES,RES1,W1,MC,RES1,m
684640,34.052707,-118.253084,360,2005.582,W1-m-RES1-DF,06037207502,RES,RES1,W1,MC,RES1,m
684721,39.7203605,-121.7616429,360,405771.9,W1-m-RES1-DF,06007000901,RES,RES1,W1,MC,RES1,m
684807,37.5425433,-122.045728,360,556959.2,W1-m-RES1-DF,06001444200,RES,RES1,W1,MC,RES1,m
684889,33.967557,-117.3889779,360,415341.8,W1-m-RES1-DF,06065030700,RES,RES1,W1,MC,RES1,m
685006,33.8628071,-118.3318539,360,508314.3,W1-m-RES1-DF,06037650200,RES,RES1,W1,MC,RES1,m
685085,34.0558599,-118.4327259,360,210855.7,W1-m-RES1-DF,06037265601,RES,RES1,W1,MC,RES1,m
685213,34.223963,-118.4493666,360,18940.68,W1-m-RES1-DF,06037120104,RES,RES1,W1,MC,RES1,m
685254,34.1242313,-117.3521023,360,232614.9,W1-m-RES1-DF,06071003804,RES,RES1,W1,MC,RES1,m
685298,37.3115146,-121.7792789,360,105161.3,W1-m-RES1-DF,06085503329,RES,RES1,W1,MC,RES1,m
685512,34.0511608,-117.796105,360,292482.1,W1-m-RES1-DF,06037409000,RES,RES1,W1,MC,RES1,m
685632,41.7792602,-123.2366787,360,238707.1,W1-m-RES1-DF,06093001300,RES,RES1,W1,MC,RES1,m
685706,37.6190827,-122.0284675,360,293114.9,W1-m-RES1-DF,06001438000,RES,RES1,W1,MC,RES1,m
685846,34.4465101,-119.7525796,360,177148.2,W1-m-RES1-DF,06083000102,RES,RES1,W1,MC,RES1,m
685922,33.9983026,-118.2761377,360,22252.86,W1-m-RES1-DF,06037231901,RES,RES1,W1,MC,RES1,m
685999,32.5653537,-117.1145672,360,121211.2,W1-m-RES1-DF,06073010201,RES,RES1,W1,MC,RES1,m
686116,38.668659,-121.3442773,360,269291.0,W1-m-RES1-DF,06067007501,RES,RES1,W1,MC,RES1,m
686198,34.0997191,-118.3467929,360,2949.465,W1-m-RES1-DF,06037189904,RES,RES1,W1,MC,RES1,m
686282,34.4035955,-117.1389945,360,193419.3,W1-m-RES1-DF,06071009708,RES,RES1,W1,MC,RES1,m
686359,33.8822626,-118.1456094,360,82942.76,W1-m-RES1-DF,06037554301,RES,RES1,W1,MC,RES1,m
686501,37.7541581,-122.1889463,360,75047.15,W1-m-RES1-DF,06001408900,RES,RES1,W1,MC,RES1,m
686579,34.0774343,-117.9798478,360,125312.4,W1-m-RES1-DF,06037404804,RES,RES1,W1,MC,RES1,m
686712,34.1367194,-118.2088736,360,117851.4,W1-m-RES1-DF,06037181400,RES,RES1,W1,MC,RES1,m
686773,33.6435634,-116.2590657,360,27795.88,W1-m-RES1-DF,06065045613,RES,RES1,W1,MC,RES1,m
686820,32.8698489,-117.2243086,360,20816.04,W1-m-RES1-DF,06073008377,RES,RES1,W1,MC,RES1,m
686967,38.8063897,-121.2959512,360,565748.0,W1-m-RES1-DF,06061023000,RES,RES1,W1,MC,RES1,m
687015,38.6479246,-121.2083958,360,843318.0,W1-m-RES1-DF,06067008005,RES,RES1,W1,MC,RES1,m
687089,37.7879458,-122.2024901,360,184491.9,W1-m-RES1-DF,06001407000,RES,RES1,W1,MC,RES1,m
687173,36.7759632,-119.7793001,360,111713.0,W1-m-RES1-DF,06019003402,RES,RES1,W1,MC,RES1,m
687258,32.8134192,-116.9558816,360,65195.57,W1-m-RES1-DF,06073016504,RES,RES1,W1,MC,RES1,m
687314,33.8022017,-116.2439847,360,53520.42,W1-m-RES1-DF,06065045228,RES,RES1,W1,MC,RES1,m
687375,39.8276931,-121.6190201,360,231793.5,W1-m-RES1-DF,06007001702,RES,RES1,W1,MC,RES1,m
687452,34.1033944,-117.9126784,360,288293.3,W1-m-RES1-DF,06037405800,RES,RES1,W1,MC,RES1,m
687530,34.0886826,-118.2248083,360,49848.0,W1-m-RES1-DF,06037185320,RES,RES1,W1,MC,RES1,m
687582,33.2392234,-117.3005136,360,40381.77,W1-m-RES1-DF,06073018520,RES,RES1,W1,MC,RES1,m
687640,35.3510055,-119.0582925,360,11681.9,W1-m-RES1-DF,06029002824,RES,RES1,W1,MC,RES1,m
687750,38.5331684,-121.4883176,360,186765.5,W1-m-RES1-DF,06067003501,RES,RES1,W1,MC,RES1,m
687851,39.123665,-121.6114867,360,243616.3,W1-m-RES1-DF,06101050302,RES,RES1,W1,MC,RES1,m
687915,37.231499,-121.8102325,360,600952.2,W1-m-RES1-DF,06085512031,RES,RES1,W1,MC,RES1,m
687948,37.2822302,-121.9693427,360,611945.3,W1-m-RES1-DF,06085506603,RES,RES1,W1,MC,RES1,m
688004,34.081365,-118.2961539,360,17236.0,W1-m-RES1-DF,06037192610,RES,RES1,W1,MC,RES1,m
688106,33.926218,-117.0605348,360,149553.5,W1-m-RES1-DF,06065043822,RES,RES1,W1,MC,RES1,m
688234,33.776873,-118.1401379,360,135270.6,W1-m-RES1-DF,06037577000,RES,RES1,W1,MC,RES1,m
688350,34.1856903,-118.3546268,360,314776.0,W1-m-RES1-DF,06037311100,RES,RES1,W1,MC,RES1,m
688449,34.2314005,-119.0079238,360,83716.32,W1-m-RES1-DF,06111005307,RES,RES1,W1,MC,RES1,m
688562,33.6829143,-117.6498082,360,27748.6,W1-m-RES1-DF,06059052427,RES,RES1,W1,MC,RES1,m
688643,38.8666317,-120.9225285,360,388776.5,W1-m-RES1-DF,06017030606,RES,RES1,W1,MC,RES1,m
688701,34.0612027,-118.2448177,360,2974.023,W1-m-RES1-DF,06037207101,RES,RES1,W1,MC,RES1,m
688809,38.6961984,-121.0417409,360,1199671.0,W1-m-RES1-DF,06017030709,RES,RES1,W1,MC,RES1,m
689037,34.1384568,-118.0267442,360,147633.4,W1-m-RES1-DF,06037430801,RES,RES1,W1,MC,RES1,m
689167,38.922173,-121.0568294,360,458034.0,W1-m-RES1-DF,06061021502,RES,RES1,W1,MC,RES1,m
689388,37.856434,-122.478445,360,182871.0,W1-m-RES1-DF,06041130204,RES,RES1,W1,MC,RES1,m
689473,33.778974,-118.1785058,360,21773.64,W1-m-RES1-DF,06037576401,RES,RES1,W1,MC,RES1,m
689556,32.7297628,-117.0732171,360,230403.5,W1-m-RES1-DF,06073002712,RES,RES1,W1,MC,RES1,m
689617,36.7496019,-119.5876378,360,415853.2,W1-m-RES1-DF,06019005916,RES,RES1,W1,MC,RES1,m
689674,34.1276025,-118.296381,360,377.5,W1-m-RES1-DF,06037980009,RES,RES1,W1,MC,RES1,m
689706,36.8046677,-121.3600183,360,25955.6,W1-m-RES1-DF,06069000801,RES,RES1,W1,MC,RES1,m
689764,37.6181753,-122.0389678,360,558122.3,W1-m-RES1-DF,06001438100,RES,RES1,W1,MC,RES1,m
689804,32.6945179,-117.020195,360,12130.92,W1-m-RES1-DF,06073003214,RES,RES1,W1,MC,RES1,m
689837,32.7840225,-116.9579853,360,146967.1,W1-m-RES1-DF,06073015301,RES,RES1,W1,MC,RES1,m
689917,34.1142493,-117.6606628,360,468964.6,W1-m-RES1-DF,06071000818,RES,RES1,W1,MC,RES1,m
690018,38.0068733,-121.8786584,360,96481.26,W1-m-RES1-DF,06013313105,RES,RES1,W1,MC,RES1,m
690150,36.7444099,-119.7815454,360,79663.0,W1-m-RES1-DF,06019000502,RES,RES1,W1,MC,RES1,m
690212,34.1855233,-119.2015114,360,268992.8,W1-m-RES1-DF,06111008800,RES,RES1,W1,MC,RES1,m
690297,33.8013114,-118.0632114,360,40464.79,W1-m-RES1-DF,06059110014,RES,RES1,W1,MC,RES1,m
690427,39.7212958,-122.0413986,360,167204.5,W1-m-RES1-DF,06021010501,RES,RES1,W1,MC,RES1,m
690491,34.0885258,-117.4270031,360,176495.6,W1-m-RES1-DF,06071003202,RES,RES1,W1,MC,RES1,m
690538,38.663527,-121.489582,360,955790.0,W1-m-RES1-DF,06067007106,RES,RES1,W1,MC,RES1,m
690572,32.8253212,-117.2633257,360,498528.0,W1-m-RES1-DF,06073008311,RES,RES1,W1,MC,RES1,m
690597,32.6961875,-117.0644788,360,124528.7,W1-m-RES1-DF,06073003113,RES,RES1,W1,MC,RES1,m
690653,37.8682136,-122.1047907,360,1106047.0,W1-m-RES1-DF,06013351200,RES,RES1,W1,MC,RES1,m
690672,37.7164934,-122.4034909,360,309373.1,W1-m-RES1-DF,06075026402,RES,RES1,W1,MC,RES1,m
690715,33.9654794,-118.3221115,360,332090.0,W1-m-RES1-DF,06037600801,RES,RES1,W1,MC,RES1,m
690934,34.1316143,-118.2597447,360,65132.95,W1-m-RES1-DF,06037302401,RES,RES1,W1,MC,RES1,m
691019,33.956751,-118.4214686,360,137036.3,W1-m-RES1-DF,06037276607,RES,RES1,W1,MC,RES1,m
691083,37.5424223,-121.9678076,360,196422.8,W1-m-RES1-DF,06001441921,RES,RES1,W1,MC,RES1,m
691169,34.020019,-118.1126395,360,75564.16,W1-m-RES1-DF,06037530006,RES,RES1,W1,MC,RES1,m
691249,33.9857805,-118.2771699,360,28173.12,W1-m-RES1-DF,06037239201,RES,RES1,W1,MC,RES1,m
691427,37.0634742,-120.8585279,360,204849.8,W1-m-RES1-DF,06047002201,RES,RES1,W1,MC,RES1,m
691526,36.0251523,-118.9520315,360,238142.8,W1-m-RES1-DF,06107003402,RES,RES1,W1,MC,RES1,m
691659,32.9900018,-117.2679956,360,201105.0,W1-m-RES1-DF,06073017307,RES,RES1,W1,MC,RES1,m
691713,33.7255006,-117.7556906,360,147517.6,W1-m-RES1-DF,06059052436,RES,RES1,W1,MC,RES1,m
691783,34.125033,-117.8360111,360,364346.4,W1-m-RES1-DF,06037401201,RES,RES1,W1,MC,RES1,m
691901,33.8873664,-118.3699983,360,337119.4,W1-m-RES1-DF,06037620501,RES,RES1,W1,MC,RES1,m
691981,37.8450705,-122.095332,360,490056.8,W1-m-RES1-DF,06013352101,RES,RES1,W1,MC,RES1,m
692090,33.5874295,-117.6925474,360,133460.0,W1-m-RES1-DF,06059042327,RES,RES1,W1,MC,RES1,m
692172,34.1768361,-119.1686398,360,115871.1,W1-m-RES1-DF,06111003902,RES,RES1,W1,MC,RES1,m
692269,34.1193308,-118.161353,360,319327.3,W1-m-RES1-DF,06037480602,RES,RES1,W1,MC,RES1,m
692376,37.9701324,-122.1123948,360,517014.3,W1-m-RES1-DF,06013321103,RES,RES1,W1,MC,RES1,m
692467,37.4714067,-122.2091124,360,90422.2,W1-m-RES1-DF,06081610601,RES,RES1,W1,MC,RES1,m
692579,36.3542967,-121.2461093,360,101637.9,W1-m-RES1-DF,06053011204,RES,RES1,W1,MC,RES1,m
692642,33.8984772,-118.091192,360,301668.1,W1-m-RES1-DF,06037552800,RES,RES1,W1,MC,RES1,m
692770,34.5147771,-117.287959,360,156626.1,W1-m-RES1-DF,06071009913,RES,RES1,W1,MC,RES1,m
692862,34.9440423,-117.0754815,360,217465.9,W1-m-RES1-DF,06071011900,RES,RES1,W1,MC,RES1,m
692917,33.6498576,-117.3608432,360,128687.8,W1-m-RES1-DF,06065046402,RES,RES1,W1,MC,RES1,m
692963,34.0209191,-118.3405648,360,142691.0,W1-m-RES1-DF,06037219500,RES,RES1,W1,MC,RES1,m
693009,32.7537863,-116.9177769,360,47999.52,W1-m-RES1-DF,06073013604,RES,RES1,W1,MC,RES1,m
693090,34.2394391,-118.5112304,360,770869.1,W1-m-RES1-DF,06037115101,RES,RES1,W1,MC,RES1,m
693150,37.4524963,-121.8635532,360,121801.9,W1-m-RES1-DF,06085504424,RES,RES1,W1,MC,RES1,m
693204,37.3336993,-121.7916431,360,288804.6,W1-m-RES1-DF,06085503323,RES,RES1,W1,MC,RES1,m
693246,37.7235502,-122.4322434,360,267208.8,W1-m-RES1-DF,06075026001,RES,RES1,W1,MC,RES1,m
693310,37.8838858,-122.216677,360,386423.1,W1-m-RES1-DF,06013354001,RES,RES1,W1,MC,RES1,m
693402,37.7867618,-122.4393346,360,112105.4,W1-m-RES1-DF,06075015300,RES,RES1,W1,MC,RES1,m
693524,36.3386062,-119.6485563,360,217110.0,W1-m-RES1-DF,06031000901,RES,RES1,W1,MC,RES1,m
693605,34.1132006,-118.4248437,360,1102704.0,W1-m-RES1-DF,06037261102,RES,RES1,W1,MC,RES1,m
693624,33.9585722,-118.1740888,360,14763.12,W1-m-RES1-DF,06037534302,RES,RES1,W1,MC,RES1,m
693758,36.5557769,-120.234647,360,319009.0,W1-m-RES1-DF,06019008200,RES,RES1,W1,MC,RES1,m
693816,33.8716329,-118.1556129,360,91185.93,W1-m-RES1-DF,06037570204,RES,RES1,W1,MC,RES1,m
693865,33.9275276,-118.1366232,360,121444.0,W1-m-RES1-DF,06037551204,RES,RES1,W1,MC,RES1,m
694034,38.1257461,-120.4761869,360,423786.1,W1-m-RES1-DF,06009000122,RES,RES1,W1,MC,RES1,m
694257,37.344548,-122.0178787,360,483312.7,W1-m-RES1-DF,06085508204,RES,RES1,W1,MC,RES1,m
694339,32.9312875,-116.8539095,360,143610.8,W1-m-RES1-DF,06073016902,RES,RES1,W1,MC,RES1,m
694407,38.5786079,-123.3140349,360,103567.4,W1-m-RES1-DF,06097154307,RES,RES1,W1,MC,RES1,m
694512,34.0503509,-118.5202383,360,720217.8,W1-m-RES1-DF,06037262501,RES,RES1,W1,MC,RES1,m
694569,33.7934864,-118.1850191,360,95454.84,W1-m-RES1-DF,06037573202,RES,RES1,W1,MC,RES1,m
694645,37.3358272,-121.8341637,360,300943.5,W1-m-RES1-DF,06085503504,RES,RES1,W1,MC,RES1,m
694692,34.1583127,-118.1655566,360,243408.8,W1-m-RES1-DF,06037461700,RES,RES1,W1,MC,RES1,m
694779,33.8401305,-118.360106,360,38573.76,W1-m-RES1-DF,06037650606,RES,RES1,W1,MC,RES1,m
694939,34.2440457,-118.5583038,360,364083.2,W1-m-RES1-DF,06037113301,RES,RES1,W1,MC,RES1,m
695012,32.746819,-117.1052234,360,35604.7,W1-m-RES1-DF,06073002402,RES,RES1,W1,MC,RES1,m
695089,33.7680073,-116.2948487,360,163498.5,W1-m-RES1-DF,06065051402,RES,RES1,W1,MC,RES1,m
695177,34.0075611,-117.4773709,360,131052.5,W1-m-RES1-DF,06065040501,RES,RES1,W1,MC,RES1,m
695329,33.7530974,-117.8244625,360,348079.5,W1-m-RES1-DF,06059075504,RES,RES1,W1,MC,RES1,m
695396,37.4463,-122.2147667,360,985044.8,W1-m-RES1-DF,06081611400,RES,RES1,W1,MC,RES1,m
695440,33.9252619,-118.2614024,360,91912.5,W1-m-RES1-DF,06037241002,RES,RES1,W1,MC,RES1,m
695499,36.8804762,-119.6918669,360,212091.3,W1-m-RES1-DF,06019005525,RES,RES1,W1,MC,RES1,m
695542,33.8406807,-117.7923531,360,136294.7,W1-m-RES1-DF,06059021916,RES,RES1,W1,MC,RES1,m
695617,36.3027673,-119.2038681,360,193608.0,W1-m-RES1-DF,06107001601,RES,RES1,W1,MC,RES1,m
695704,33.9782832,-118.3110714,360,237170.3,W1-m-RES1-DF,06037237300,RES,RES1,W1,MC,RES1,m
695836,34.0430987,-117.9982628,360,196262.4,W1-m-RES1-DF,06037408301,RES,RES1,W1,MC,RES1,m
695943,34.0621454,-118.2786688,360,3370.878,W1-m-RES1-DF,06037208802,RES,RES1,W1,MC,RES1,m
696055,38.1712166,-122.260628,360,186696.7,W1-m-RES1-DF,06055201006,RES,RES1,W1,MC,RES1,m
696093,33.9614982,-118.2153145,360,62496.72,W1-m-RES1-DF,06037535502,RES,RES1,W1,MC,RES1,m
696177,37.8194973,-121.9505957,360,217823.8,W1-m-RES1-DF,06013346204,RES,RES1,W1,MC,RES1,m
696286,33.9650177,-118.1032467,360,183276.7,W1-m-RES1-DF,06037502602,RES,RES1,W1,MC,RES1,m
696399,34.0277561,-118.3490693,360,96293.84,W1-m-RES1-DF,06037219700,RES,RES1,W1,MC,RES1,m
696490,33.1719287,-117.2369047,360,56706.0,W1-m-RES1-DF,06073019904,RES,RES1,W1,MC,RES1,m
696550,34.029939,-118.3547601,360,35079.36,W1-m-RES1-DF,06037219800,RES,RES1,W1,MC,RES1,m
696927,34.001123,-118.2108689,360,800.8504,W1-m-RES1-DF,06037980016,RES,RES1,W1,MC,RES1,m
697080,34.6639325,-118.102603,360,125520.3,W1-m-RES1-DF,06037900504,RES,RES1,W1,MC,RES1,m
697150,33.7661851,-118.0205288,360,269755.6,W1-m-RES1-DF,06059099902,RES,RES1,W1,MC,RES1,m
697236,33.9472557,-116.5281762,360,126739.0,W1-m-RES1-DF,06065044507,RES,RES1,W1,MC,RES1,m
697349,33.7875282,-116.9662949,360,106325.5,W1-m-RES1-DF,06065043602,RES,RES1,W1,MC,RES1,m
697453,33.9390062,-117.5475302,360,215347.2,W1-m-RES1-DF,06065040702,RES,RES1,W1,MC,RES1,m
697603,37.4219633,-121.8902996,360,138382.5,W1-m-RES1-DF,06085504509,RES,RES1,W1,MC,RES1,m
697683,35.2604928,-118.910156,360,110607.2,W1-m-RES1-DF,06029006406,RES,RES1,W1,MC,RES1,m
697849,34.0505183,-118.4624275,360,22779.63,W1-m-RES1-DF,06037264304,RES,RES1,W1,MC,RES1,m
697948,32.7400397,-117.1096437,360,91948.87,W1-m-RES1-DF,06073002501,RES,RES1,W1,MC,RES1,m
698036,34.0543037,-118.3193139,360,106849.1,W1-m-RES1-DF,06037212701,RES,RES1,W1,MC,RES1,m
698099,34.3826426,-118.5490972,360,255134.0,W1-m-RES1-DF,06037920322,RES,RES1,W1,MC,RES1,m
698142,37.7402533,-122.4392771,360,489588.3,W1-m-RES1-DF,06075021700,RES,RES1,W1,MC,RES1,m
698266,37.9762076,-122.01211,360,453217.7,W1-m-RES1-DF,06013331000,RES,RES1,W1,MC,RES1,m
698403,38.9228425,-120.0111283,360,290827.8,W1-m-RES1-DF,06017030404,RES,RES1,W1,MC,RES1,m
698529,34.4595671,-118.6222783,360,7962.65,W1-m-RES1-DF,06037920118,RES,RES1,W1,MC,RES1,m
698611,37.7515888,-122.4228445,360,116868.1,W1-m-RES1-DF,06075021000,RES,RES1,W1,MC,RES1,m
698698,33.9773986,-118.2408235,360,33556.05,W1-m-RES1-DF,06037533002,RES,RES1,W1,MC,RES1,m
698847,33.4320655,-117.621785,360,84745.43,W1-m-RES1-DF,06059042107,RES,RES1,W1,MC,RES1,m
698935,37.2712569,-122.0526822,360,1147230.0,W1-m-RES1-DF,06085507600,RES,RES1,W1,MC,RES1,m
698988,34.0776717,-118.2960541,360,3765.0,W1-m-RES1-DF,06037192620,RES,RES1,W1,MC,RES1,m
699091,38.7028825,-121.2827534,360,140879.9,W1-m-RES1-DF,06067008142,RES,RES1,W1,MC,RES1,m
699209,35.3907585,-118.9903908,360,99509.85,W1-m-RES1-DF,06029001401,RES,RES1,W1,MC,RES1,m
699309,38.8499796,-121.2813029,360,1044730.0,W1-m-RES1-DF,06061023502,RES,RES1,W1,MC,RES1,m
699351,37.2767906,-121.7696638,360,133317.8,W1-m-RES1-DF,06085503338,RES,RES1,W1,MC,RES1,m
699388,32.9493739,-117.1190339,360,117408.2,W1-m-RES1-DF,06073017037,RES,RES1,W1,MC,RES1,m
699427,37.7323419,-122.1834828,360,109506.2,W1-m-RES1-DF,06001409100,RES,RES1,W1,MC,RES1,m
699486,33.204411,-117.343109,360,141879.4,W1-m-RES1-DF,06073018511,RES,RES1,W1,MC,RES1,m
699551,32.8387275,-116.9369684,360,154215.3,W1-m-RES1-DF,06073016706,RES,RES1,W1,MC,RES1,m
699640,36.119739,-119.5542173,360,160774.0,W1-m-RES1-DF,06031001300,RES,RES1,W1,MC,RES1,m
699712,32.802253,-117.2428699,360,48794.76,W1-m-RES1-DF,06073007912,RES,RES1,W1,MC,RES1,m
699768,34.1077046,-118.3240616,360,30997.66,W1-m-RES1-DF,06037189502,RES,RES1,W1,MC,RES1,m
699950,33.7772554,-118.0221376,360,526196.8,W1-m-RES1-DF,06059110004,RES,RES1,W1,MC,RES1,m
700017,38.5303294,-121.5186401,360,335776.2,W1-m-RES1-DF,06067003900,RES,RES1,W1,MC,RES1,m
700082,33.4547692,-117.1565512,360,24064.9,W1-m-RES1-DF,06065043254,RES,RES1,W1,MC,RES1,m
700117,37.4698593,-122.150592,360,178178.2,W1-m-RES1-DF,06081612001,RES,RES1,W1,MC,RES1,m
700270,37.6055826,-118.9701024,360,441466.2,W1-m-RES1-DF,06051000201,RES,RES1,W1,MC,RES1,m
700385,37.8870576,-121.9236623,360,407590.0,W1-m-RES1-DF,06013355306,RES,RES1,W1,MC,RES1,m
700470,33.866679,-117.553333,360,166196.5,W1-m-RES1-DF,06065041813,RES,RES1,W1,MC,RES1,m
700608,37.7702373,-122.4201473,360,75072.69,W1-m-RES1-DF,06075020101,RES,RES1,W1,MC,RES1,m
700680,38.0933279,-122.2138367,360,189357.2,W1-m-RES1-DF,06095250501,RES,RES1,W1,MC,RES1,m
700834,36.7590503,-119.8157425,360,337428.0,W1-m-RES1-DF,06019002100,RES,RES1,W1,MC,RES1,m
700976,32.696749,-117.1263197,360,42245.11,W1-m-RES1-DF,06073003902,RES,RES1,W1,MC,RES1,m
701057,37.2902566,-121.9687321,360,281733.1,W1-m-RES1-DF,06085506606,RES,RES1,W1,MC,RES1,m
701156,37.9292989,-120.0887219,360,503651.0,W1-m-RES1-DF,06109003200,RES,RES1,W1,MC,RES1,m
701257,38.393171,-120.6610538,360,572575.7,W1-m-RES1-DF,06005000402,RES,RES1,W1,MC,RES1,m
701291,34.0421526,-117.9301339,360,267670.3,W1-m-RES1-DF,06037407901,RES,RES1,W1,MC,RES1,m
701656,34.0105697,-117.9354578,360,56922.27,W1-m-RES1-DF,06037980035,RES,RES1,W1,MC,RES1,m
701713,33.8984626,-118.4050812,360,543235.4,W1-m-RES1-DF,06037620301,RES,RES1,W1,MC,RES1,m
701761,37.2779339,-121.9050522,360,918254.1,W1-m-RES1-DF,06085502903,RES,RES1,W1,MC,RES1,m
701822,32.7518453,-117.1444293,360,21919.48,W1-m-RES1-DF,06073000902,RES,RES1,W1,MC,RES1,m
701934,38.6225203,-121.4292379,360,212799.2,W1-m-RES1-DF,06067006300,RES,RES1,W1,MC,RES1,m
702028,33.9713675,-118.4003336,360,738992.8,W1-m-RES1-DF,06037277000,RES,RES1,W1,MC,RES1,m
702124,32.7631982,-117.1221303,360,47123.86,W1-m-RES1-DF,06073001802,RES,RES1,W1,MC,RES1,m
702187,34.0081367,-117.5757482,360,206106.7,W1-m-RES1-DF,06071001906,RES,RES1,W1,MC,RES1,m
702256,38.034898,-120.248074,360,397996.6,W1-m-RES1-DF,06109003101,RES,RES1,W1,MC,RES1,m
702358,36.204892,-119.1293382,360,349117.4,W1-m-RES1-DF,06107002500,RES,RES1,W1,MC,RES1,m
702415,38.4232615,-121.4774471,360,594651.0,W1-m-RES1-DF,06067009645,RES,RES1,W1,MC,RES1,m
702792,33.7791915,-118.336844,360,774409.4,W1-m-RES1-DF,06037670201,RES,RES1,W1,MC,RES1,m
702899,33.6091503,-117.6853284,360,609156.9,W1-m-RES1-DF,06059032015,RES,RES1,W1,MC,RES1,m
702998,32.8465152,-116.9900899,360,233667.6,W1-m-RES1-DF,06073016614,RES,RES1,W1,MC,RES1,m
703060,34.040449,-118.4574873,360,36274.39,W1-m-RES1-DF,06037267504,RES,RES1,W1,MC,RES1,m
703323,34.2375131,-118.3842789,360,149701.0,W1-m-RES1-DF,06037121102,RES,RES1,W1,MC,RES1,m
703356,38.284796,-121.2798018,360,535662.0,W1-m-RES1-DF,06067009409,RES,RES1,W1,MC,RES1,m
703471,37.3046221,-121.8289144,360,199192.5,W1-m-RES1-DF,06085503212,RES,RES1,W1,MC,RES1,m
703500,37.3271563,-122.0672795,360,268430.6,W1-m-RES1-DF,06085507704,RES,RES1,W1,MC,RES1,m
703605,34.2536518,-118.4654157,360,210009.0,W1-m-RES1-DF,06037109603,RES,RES1,W1,MC,RES1,m
703667,36.8844436,-121.6811787,360,120283.5,W1-m-RES1-DF,06053010102,RES,RES1,W1,MC,RES1,m
703704,38.7738705,-120.0111576,360,181776.1,W1-m-RES1-DF,06017030506,RES,RES1,W1,MC,RES1,m
703783,34.037622,-118.1397485,360,220454.9,W1-m-RES1-DF,06037482701,RES,RES1,W1,MC,RES1,m
703840,37.7782559,-122.4840627,360,157315.7,W1-m-RES1-DF,06075047701,RES,RES1,W1,MC,RES1,m
703938,37.3374972,-121.8644026,360,153685.5,W1-m-RES1-DF,06085501502,RES,RES1,W1,MC,RES1,m
704018,33.719172,-117.980803,360,261804.1,W1-m-RES1-DF,06059099242,RES,RES1,W1,MC,RES1,m
704084,37.9775022,-121.6879255,360,171917.2,W1-m-RES1-DF,06013302012,RES,RES1,W1,MC,RES1,m
704128,38.7391442,-121.3640005,360,1086094.0,W1-m-RES1-DF,06061022500,RES,RES1,W1,MC,RES1,m
704189,39.5954699,-121.2958394,360,283755.4,W1-m-RES1-DF,06007002402,RES,RES1,W1,MC,RES1,m
704227,32.7645657,-117.0929102,360,243586.9,W1-m-RES1-DF,06073002002,RES,RES1,W1,MC,RES1,m
704340,33.6760101,-118.0028204,360,374975.9,W1-m-RES1-DF,06059099309,RES,RES1,W1,MC,RES1,m
704417,35.3874473,-118.9720353,360,89763.1,W1-m-RES1-DF,06029001201,RES,RES1,W1,MC,RES1,m
704499,36.8157672,-119.6728792,360,701500.0,W1-m-RES1-DF,06019005703,RES,RES1,W1,MC,RES1,m
704548,34.1321599,-117.2108868,360,80930.5,W1-m-RES1-DF,06071007410,RES,RES1,W1,MC,RES1,m
704633,34.0433912,-118.464012,360,23636.11,W1-m-RES1-DF,06037267406,RES,RES1,W1,MC,RES1,m
704795,34.1816823,-118.8679497,360,96367.92,W1-m-RES1-DF,06111007000,RES,RES1,W1,MC,RES1,m
704903,32.9865083,-117.2594187,360,75723.56,W1-m-RES1-DF,06073017308,RES,RES1,W1,MC,RES1,m
704973,38.4580232,-120.949858,360,209726.8,W1-m-RES1-DF,06005000301,RES,RES1,W1,MC,RES1,m
705083,36.0326293,-119.0935672,360,219092.0,W1-m-RES1-DF,06107003401,RES,RES1,W1,MC,RES1,m
705215,35.2706134,-120.6621728,360,102427.3,W1-m-RES1-DF,06079011105,RES,RES1,W1,MC,RES1,m
705341,33.0592874,-116.8598141,360,55614.87,W1-m-RES1-DF,06073020812,RES,RES1,W1,MC,RES1,m
705510,33.9283058,-118.3567384,360,52469.69,W1-m-RES1-DF,06037602103,RES,RES1,W1,MC,RES1,m
705615,33.7834486,-116.9530306,360,94174.87,W1-m-RES1-DF,06065043601,RES,RES1,W1,MC,RES1,m
705682,37.31332,-121.92366,360,95552.03,W1-m-RES1-DF,06085502103,RES,RES1,W1,MC,RES1,m
705771,32.7537922,-116.9758102,360,421241.0,W1-m-RES1-DF,06073013601,RES,RES1,W1,MC,RES1,m
705843,34.2334793,-118.8552008,360,646742.6,W1-m-RES1-DF,06111006400,RES,RES1,W1,MC,RES1,m
705946,38.0234307,-121.9514739,360,111953.3,W1-m-RES1-DF,06013314105,RES,RES1,W1,MC,RES1,m
706026,33.1994127,-117.2642201,360,198485.2,W1-m-RES1-DF,06073019406,RES,RES1,W1,MC,RES1,m
706176,39.3274339,-120.2668468,360,546541.0,W1-m-RES1-DF,06057001209,RES,RES1,W1,MC,RES1,m
706255,34.1977455,-117.2141269,360,219752.0,W1-m-RES1-DF,06071011002,RES,RES1,W1,MC,RES1,m
706310,34.0281954,-118.3132805,360,108782.0,W1-m-RES1-DF,06037222001,RES,RES1,W1,MC,RES1,m
706471,37.6888372,-121.9106075,360,652138.1,W1-m-RES1-DF,06001450603,RES,RES1,W1,MC,RES1,m
706552,33.743555,-117.8891783,360,157564.0,W1-m-RES1-DF,06059074801,RES,RES1,W1,MC,RES1,m
706620,34.1812199,-118.4263255,360,174573.9,W1-m-RES1-DF,06037123602,RES,RES1,W1,MC,RES1,m
706664,37.3426023,-121.8140638,360,152415.0,W1-m-RES1-DF,06085503511,RES,RES1,W1,MC,RES1,m
706794,33.6198996,-117.7457069,360,493538.5,W1-m-RES1-DF,06059062652,RES,RES1,W1,MC,RES1,m
706878,34.6350153,-120.4658965,360,88620.84,W1-m-RES1-DF,06083002707,RES,RES1,W1,MC,RES1,m
706945,33.4742547,-117.1109103,360,59892.42,W1-m-RES1-DF,06065043207,RES,RES1,W1,MC,RES1,m
707028,37.8547209,-122.2441397,360,628710.1,W1-m-RES1-DF,06001423800,RES,RES1,W1,MC,RES1,m
707129,34.4352997,-119.7418912,360,104429.6,W1-m-RES1-DF,06083000202,RES,RES1,W1,MC,RES1,m
707217,33.1575865,-117.2317328,360,24952.74,W1-m-RES1-DF,06073019905,RES,RES1,W1,MC,RES1,m
707260,34.1564204,-117.6587047,360,306105.5,W1-m-RES1-DF,06071000804,RES,RES1,W1,MC,RES1,m
707300,35.7695493,-119.2298421,360,131826.8,W1-m-RES1-DF,06029005006,RES,RES1,W1,MC,RES1,m
707387,34.0522392,-118.5493086,360,1219550.0,W1-m-RES1-DF,06037262604,RES,RES1,W1,MC,RES1,m
707455,33.7807787,-118.1567668,360,30489.15,W1-m-RES1-DF,06037576903,RES,RES1,W1,MC,RES1,m
707529,34.0316495,-118.2769038,360,7338.88,W1-m-RES1-DF,06037224420,RES,RES1,W1,MC,RES1,m
707730,39.7262122,-121.7982634,360,277317.0,W1-m-RES1-DF,06007000903,RES,RES1,W1,MC,RES1,m
707800,37.1330765,-121.6430656,360,34316.15,W1-m-RES1-DF,06085512312,RES,RES1,W1,MC,RES1,m
707826,33.8730771,-117.467839,360,36424.6,W1-m-RES1-DF,06065041414,RES,RES1,W1,MC,RES1,m
707881,37.3252966,-120.4601195,360,524438.0,W1-m-RES1-DF,06047001101,RES,RES1,W1,MC,RES1,m
708012,34.1546148,-117.9217301,360,176102.6,W1-m-RES1-DF,06037400603,RES,RES1,W1,MC,RES1,m
708073,33.7465581,-118.3038513,360,256612.9,W1-m-RES1-DF,06037296402,RES,RES1,W1,MC,RES1,m
708160,35.2596885,-118.9232651,360,83801.19,W1-m-RES1-DF,06029006403,RES,RES1,W1,MC,RES1,m
708225,33.9343496,-118.3393882,360,64475.54,W1-m-RES1-DF,06037602003,RES,RES1,W1,MC,RES1,m
708296,34.0971903,-117.977077,360,181735.2,W1-m-RES1-DF,06037404901,RES,RES1,W1,MC,RES1,m
708384,32.7398041,-116.3278053,360,72698.73,W1-m-RES1-DF,06073021102,RES,RES1,W1,MC,RES1,m
708468,34.1124928,-118.3410239,360,197869.4,W1-m-RES1-DF,06037189702,RES,RES1,W1,MC,RES1,m
708584,35.3231961,-118.9590308,360,74291.75,W1-m-RES1-DF,06029002403,RES,RES1,W1,MC,RES1,m
708648,37.3640803,-121.8149359,360,323897.2,W1-m-RES1-DF,06085504102,RES,RES1,W1,MC,RES1,m
708877,38.2336159,-122.6301845,360,274061.9,W1-m-RES1-DF,06097150701,RES,RES1,W1,MC,RES1,m
708957,32.9272107,-117.1381437,360,203364.8,W1-m-RES1-DF,06073008352,RES,RES1,W1,MC,RES1,m
708993,33.9693296,-118.2630441,360,44279.34,W1-m-RES1-DF,06037239502,RES,RES1,W1,MC,RES1,m
709090,37.7976627,-122.4272277,360,75038.84,W1-m-RES1-DF,06075013001,RES,RES1,W1,MC,RES1,m
709249,34.0293136,-118.5076229,360,745519.1,W1-m-RES1-DF,06037701304,RES,RES1,W1,MC,RES1,m
709363,37.7687818,-122.4242369,360,67579.38,W1-m-RES1-DF,06075020202,RES,RES1,W1,MC,RES1,m
709568,34.1382818,-118.0776335,360,606670.2,W1-m-RES1-DF,06037463103,RES,RES1,W1,MC,RES1,m
709654,38.3858209,-121.1689727,360,922574.6,W1-m-RES1-DF,06067009404,RES,RES1,W1,MC,RES1,m
709864,33.2305021,-117.0966995,360,176367.1,W1-m-RES1-DF,06073019105,RES,RES1,W1,MC,RES1,m
709987,37.6782568,-122.4497356,360,79179.41,W1-m-RES1-DF,06081601601,RES,RES1,W1,MC,RES1,m
710056,33.901222,-118.196493,360,95726.4,W1-m-RES1-DF,06037542103,RES,RES1,W1,MC,RES1,m
710149,34.0943767,-118.3244586,360,13363.0,W1-m-RES1-DF,06037190801,RES,RES1,W1,MC,RES1,m
710280,34.0153528,-118.1154765,360,204809.1,W1-m-RES1-DF,06037530102,RES,RES1,W1,MC,RES1,m
710390,34.0984761,-118.3613392,360,116978.9,W1-m-RES1-DF,06037189801,RES,RES1,W1,MC,RES1,m
710460,34.2312155,-119.187345,360,6101.02,W1-m-RES1-DF,06111003013,RES,RES1,W1,MC,RES1,m
710536,34.2809054,-118.566704,360,23972.97,W1-m-RES1-DF,06037108204,RES,RES1,W1,MC,RES1,m
710570,34.0573727,-118.4568915,360,1816.0,W1-m-RES1-DF,06037980017,RES,RES1,W1,MC,RES1,m
710608,33.9381423,-117.4393372,360,248765.2,W1-m-RES1-DF,06065031503,RES,RES1,W1,MC,RES1,m
710657,38.1315685,-122.5915685,360,131289.1,W1-m-RES1-DF,06041102100,RES,RES1,W1,MC,RES1,m
710796,36.894676,-120.228364,360,1052806.0,W1-m-RES1-DF,06039001100,RES,RES1,W1,MC,RES1,m
710884,36.8592568,-119.7567596,360,772202.0,W1-m-RES1-DF,06019005507,RES,RES1,W1,MC,RES1,m
710998,37.5479521,-122.0150386,360,228936.5,W1-m-RES1-DF,06001441701,RES,RES1,W1,MC,RES1,m
711153,33.9420607,-118.1289738,360,88101.65,W1-m-RES1-DF,06037550901,RES,RES1,W1,MC,RES1,m
711247,33.0328513,-116.8936084,360,106760.7,W1-m-RES1-DF,06073020805,RES,RES1,W1,MC,RES1,m
711340,34.4297662,-118.5230964,360,340845.0,W1-m-RES1-DF,06037920013,RES,RES1,W1,MC,RES1,m
711408,37.7270704,-122.1428436,360,329633.8,W1-m-RES1-DF,06001432700,RES,RES1,W1,MC,RES1,m
711469,33.9618209,-118.0198835,360,319257.2,W1-m-RES1-DF,06037501700,RES,RES1,W1,MC,RES1,m
711530,33.8291436,-117.8794687,360,415137.9,W1-m-RES1-DF,06059086305,RES,RES1,W1,MC,RES1,m
711539,33.7630528,-118.3853125,360,105118.6,W1-m-RES1-DF,06037670406,RES,RES1,W1,MC,RES1,m
711600,36.8321013,-119.8702212,360,222438.0,W1-m-RES1-DF,06019004210,RES,RES1,W1,MC,RES1,m
711633,35.3053938,-119.0303474,360,32844.57,W1-m-RES1-DF,06029003136,RES,RES1,W1,MC,RES1,m
711671,33.8111773,-118.3038284,360,246959.5,W1-m-RES1-DF,06037293301,RES,RES1,W1,MC,RES1,m
711731,33.7973502,-117.7954088,360,324102.3,W1-m-RES1-DF,06059021918,RES,RES1,W1,MC,RES1,m
711814,34.1291288,-117.5519608,360,8613.43,W1-m-RES1-DF,06071002031,RES,RES1,W1,MC,RES1,m
711886,38.7246552,-121.2750015,360,483647.0,W1-m-RES1-DF,06061020714,RES,RES1,W1,MC,RES1,m
711927,33.966092,-118.2752631,360,36470.4,W1-m-RES1-DF,06037239701,RES,RES1,W1,MC,RES1,m
711975,33.8913016,-118.0776264,360,210348.4,W1-m-RES1-DF,06037552601,RES,RES1,W1,MC,RES1,m
712023,32.9987163,-117.1245578,360,116153.3,W1-m-RES1-DF,06073017061,RES,RES1,W1,MC,RES1,m
712092,38.577774,-121.5324593,360,224254.0,W1-m-RES1-DF,06113010204,RES,RES1,W1,MC,RES1,m
712213,37.7654975,-120.8661414,360,559249.0,W1-m-RES1-DF,06099000201,RES,RES1,W1,MC,RES1,m
712268,33.9324918,-118.0266537,360,329771.7,W1-m-RES1-DF,06037503201,RES,RES1,W1,MC,RES1,m
712375,34.0642016,-117.1891623,360,98886.4,W1-m-RES1-DF,06071008004,RES,RES1,W1,MC,RES1,m
712455,38.4655736,-122.6567894,360,291227.3,W1-m-RES1-DF,06097152501,RES,RES1,W1,MC,RES1,m
712571,38.1513389,-122.1368881,360,115652.9,W1-m-RES1-DF,06095252205,RES,RES1,W1,MC,RES1,m
712771,34.1408642,-118.1368374,360,165152.5,W1-m-RES1-DF,06037463601,RES,RES1,W1,MC,RES1,m
712913,34.6604382,-118.2101153,360,204521.6,W1-m-RES1-DF,06037901102,RES,RES1,W1,MC,RES1,m
712962,33.651764,-117.6288906,360,107477.9,W1-m-RES1-DF,06059032048,RES,RES1,W1,MC,RES1,m
713010,34.0345437,-117.9014171,360,1335.18,W1-m-RES1-DF,06037408006,RES,RES1,W1,MC,RES1,m
713153,34.2028188,-119.1860286,360,217204.8,W1-m-RES1-DF,06111008700,RES,RES1,W1,MC,RES1,m
713249,34.0050155,-118.4222404,360,166742.3,W1-m-RES1-DF,06037272301,RES,RES1,W1,MC,RES1,m
713291,34.4968183,-117.267587,360,20142.04,W1-m-RES1-DF,06071010040,RES,RES1,W1,MC,RES1,m
713387,37.5161592,-120.8771501,360,189966.0,W1-m-RES1-DF,06099003805,RES,RES1,W1,MC,RES1,m
713547,34.1813842,-118.3309896,360,520147.4,W1-m-RES1-DF,06037310900,RES,RES1,W1,MC,RES1,m
713602,33.9323798,-118.2603545,360,49048.44,W1-m-RES1-DF,06037240901,RES,RES1,W1,MC,RES1,m
713684,35.3457339,-119.0117158,360,133687.7,W1-m-RES1-DF,06029002600,RES,RES1,W1,MC,RES1,m
713733,33.912654,-118.3371732,360,19849.4,W1-m-RES1-DF,06037602511,RES,RES1,W1,MC,RES1,m
713921,33.4881154,-117.2137878,360,49847.39,W1-m-RES1-DF,06065051200,RES,RES1,W1,MC,RES1,m
714013,33.9805469,-117.8965408,360,375873.1,W1-m-RES1-DF,06037408725,RES,RES1,W1,MC,RES1,m
714052,33.8135353,-118.0775765,360,368797.0,W1-m-RES1-DF,06037573902,RES,RES1,W1,MC,RES1,m
714137,34.0124336,-118.3860791,360,292237.4,W1-m-RES1-DF,06037702502,RES,RES1,W1,MC,RES1,m
714230,35.3761948,-119.1190021,360,135988.4,W1-m-RES1-DF,06029003811,RES,RES1,W1,MC,RES1,m
714354,35.6484899,-120.6938589,360,38334.6,W1-m-RES1-DF,06079010104,RES,RES1,W1,MC,RES1,m
714510,37.6602378,-121.8650769,360,400676.8,W1-m-RES1-DF,06001450741,RES,RES1,W1,MC,RES1,m
714567,34.2111048,-118.538247,360,78176.34,W1-m-RES1-DF,06037131022,RES,RES1,W1,MC,RES1,m
714747,33.7195629,-117.811026,360,661621.1,W1-m-RES1-DF,06059052502,RES,RES1,W1,MC,RES1,m
714867,38.3562805,-122.6998518,360,100216.5,W1-m-RES1-DF,06097151308,RES,RES1,W1,MC,RES1,m
714958,38.6804424,-121.1501743,360,635893.0,W1-m-RES1-DF,06067008402,RES,RES1,W1,MC,RES1,m
715077,33.0526794,-116.6289158,360,201769.2,W1-m-RES1-DF,06073020904,RES,RES1,W1,MC,RES1,m
715122,38.7763331,-121.347341,360,572441.0,W1-m-RES1-DF,06061021040,RES,RES1,W1,MC,RES1,m
715190,33.0510925,-117.264585,360,148320.1,W1-m-RES1-DF,06073017606,RES,RES1,W1,MC,RES1,m
715250,32.6353161,-116.9622981,360,183562.0,W1-m-RES1-DF,06073013316,RES,RES1,W1,MC,RES1,m
715277,33.6929269,-116.2077696,360,43281.63,W1-m-RES1-DF,06065045226,RES,RES1,W1,MC,RES1,m
715307,34.5463872,-118.0731854,360,29836.1,W1-m-RES1-DF,06037910716,RES,RES1,W1,MC,RES1,m
715596,33.9394609,-118.0581548,360,184257.8,W1-m-RES1-DF,06037504200,RES,RES1,W1,MC,RES1,m
715736,34.1551566,-118.0752072,360,328532.8,W1-m-RES1-DF,06037463000,RES,RES1,W1,MC,RES1,m
715878,36.3026577,-119.7910257,360,553053.0,W1-m-RES1-DF,06031000407,RES,RES1,W1,MC,RES1,m
715932,37.2057326,-121.8341741,360,290559.3,W1-m-RES1-DF,06085511912,RES,RES1,W1,MC,RES1,m
715989,36.6950956,-121.6225012,360,95288.2,W1-m-RES1-DF,06053010608,RES,RES1,W1,MC,RES1,m
716063,36.956224,-120.0662401,360,95819.0,W1-m-RES1-DF,06039000801,RES,RES1,W1,MC,RES1,m
716119,37.6691797,-122.4783648,360,55922.4,W1-m-RES1-DF,06081601502,RES,RES1,W1,MC,RES1,m
716210,33.9108604,-117.3206859,360,95638.26,W1-m-RES1-DF,06065042012,RES,RES1,W1,MC,RES1,m
716339,38.6380828,-120.9369393,360,916864.4,W1-m-RES1-DF,06017030804,RES,RES1,W1,MC,RES1,m
716566,34.0577434,-117.7503192,360,54758.44,W1-m-RES1-DF,06037408800,RES,RES1,W1,MC,RES1,m
716654,37.601283,-121.0075115,360,195113.0,W1-m-RES1-DF,06099002402,RES,RES1,W1,MC,RES1,m
716850,34.064565,-118.3853968,360,296874.5,W1-m-RES1-DF,06037700901,RES,RES1,W1,MC,RES1,m
716961,33.7944957,-118.3132363,360,131254.5,W1-m-RES1-DF,06037670002,RES,RES1,W1,MC,RES1,m
717077,37.9088884,-122.3116766,360,399300.6,W1-m-RES1-DF,06013383000,RES,RES1,W1,MC,RES1,m
717152,34.5307267,-117.2473358,360,273314.5,W1-m-RES1-DF,06071009722,RES,RES1,W1,MC,RES1,m
717227,36.5459628,-119.2843587,360,197379.0,W1-m-RES1-DF,06107000203,RES,RES1,W1,MC,RES1,m
717289,38.1227208,-121.3017171,360,364480.8,W1-m-RES1-DF,06077004310,RES,RES1,W1,MC,RES1,m
717344,37.80469,-122.4139437,360,10351.43,W1-m-RES1-DF,06075010102,RES,RES1,W1,MC,RES1,m
717531,37.7017249,-122.1470315,360,301671.0,W1-m-RES1-DF,06001433200,RES,RES1,W1,MC,RES1,m
717586,38.5377249,-121.5329667,360,320018.5,W1-m-RES1-DF,06113010314,RES,RES1,W1,MC,RES1,m
717663,33.7523664,-117.9332194,360,167751.0,W1-m-RES1-DF,06059089001,RES,RES1,W1,MC,RES1,m
717725,34.1428645,-118.5563557,360,820997.3,W1-m-RES1-DF,06037139802,RES,RES1,W1,MC,RES1,m
717780,33.8982866,-118.0035625,360,356335.1,W1-m-RES1-DF,06037503802,RES,RES1,W1,MC,RES1,m
717831,34.0762772,-118.0825326,360,148703.3,W1-m-RES1-DF,06037481300,RES,RES1,W1,MC,RES1,m
717880,38.0168819,-122.2866998,360,31054.28,W1-m-RES1-DF,06013359105,RES,RES1,W1,MC,RES1,m
717938,32.6795484,-117.0869279,360,65027.82,W1-m-RES1-DF,06073022000,RES,RES1,W1,MC,RES1,m
717995,33.8975222,-118.3302073,360,12134.61,W1-m-RES1-DF,06037603706,RES,RES1,W1,MC,RES1,m
718074,38.883438,-121.0643371,360,480923.0,W1-m-RES1-DF,06061020402,RES,RES1,W1,MC,RES1,m
718151,37.3486522,-120.6046693,360,140388.0,W1-m-RES1-DF,06047000701,RES,RES1,W1,MC,RES1,m
718199,36.7104696,-119.804301,360,79634.0,W1-m-RES1-DF,06019000901,RES,RES1,W1,MC,RES1,m
718228,38.3896194,-121.4434159,360,619162.0,W1-m-RES1-DF,06067009647,RES,RES1,W1,MC,RES1,m
718285,33.9601821,-118.2041472,360,118891.1,W1-m-RES1-DF,06037535701,RES,RES1,W1,MC,RES1,m
718339,34.1979561,-118.91597,360,17768.52,W1-m-RES1-DF,06111006101,RES,RES1,W1,MC,RES1,m
718435,36.8446768,-119.7018656,360,486627.0,W1-m-RES1-DF,06019005513,RES,RES1,W1,MC,RES1,m
718515,34.0605164,-118.0484418,360,86934.75,W1-m-RES1-DF,06037433505,RES,RES1,W1,MC,RES1,m
718589,33.7654065,-118.1205075,360,418057.7,W1-m-RES1-DF,06037577605,RES,RES1,W1,MC,RES1,m
718832,33.8382367,-118.3181299,360,246897.0,W1-m-RES1-DF,06037650901,RES,RES1,W1,MC,RES1,m
718929,33.1900717,-117.0398385,360,314835.6,W1-m-RES1-DF,06073020110,RES,RES1,W1,MC,RES1,m
718977,34.4146348,-117.353108,360,4509.23,W1-m-RES1-DF,06071010031,RES,RES1,W1,MC,RES1,m
719008,36.2182393,-119.3755911,360,340954.0,W1-m-RES1-DF,06107002203,RES,RES1,W1,MC,RES1,m
719168,38.7956517,-121.2279757,360,403520.0,W1-m-RES1-DF,06061021103,RES,RES1,W1,MC,RES1,m
719277,37.7898365,-122.4189044,360,4465.5,W1-m-RES1-DF,06075011102,RES,RES1,W1,MC,RES1,m
719342,34.0516727,-118.2082016,360,17543.0,W1-m-RES1-DF,06037203601,RES,RES1,W1,MC,RES1,m
719530,34.1535332,-118.334357,360,119774.2,W1-m-RES1-DF,06037311601,RES,RES1,W1,MC,RES1,m
719689,37.8752396,-122.2695878,360,48533.83,W1-m-RES1-DF,06001422400,RES,RES1,W1,MC,RES1,m
719822,32.5982825,-117.0637049,360,47433.08,W1-m-RES1-DF,06073013204,RES,RES1,W1,MC,RES1,m
719865,34.0478489,-117.7453051,360,64172.79,W1-m-RES1-DF,06037402803,RES,RES1,W1,MC,RES1,m
719943,34.4230589,-119.7755258,360,605900.4,W1-m-RES1-DF,06083003007,RES,RES1,W1,MC,RES1,m
720030,33.6940852,-117.9499072,360,446585.7,W1-m-RES1-DF,06059099230,RES,RES1,W1,MC,RES1,m
720127,36.9737665,-120.1811155,360,388965.9,W1-m-RES1-DF,06039000513,RES,RES1,W1,MC,RES1,m
720339,34.0659535,-117.9382452,360,285705.0,W1-m-RES1-DF,06037406702,RES,RES1,W1,MC,RES1,m
720423,39.960108,-121.5013525,360,154879.1,W1-m-RES1-DF,06007001704,RES,RES1,W1,MC,RES1,m
720517,33.811026,-117.6969462,360,6287.61,W1-m-RES1-DF,06059021924,RES,RES1,W1,MC,RES1,m
720616,38.5058699,-122.6643077,360,530069.8,W1-m-RES1-DF,06097152601,RES,RES1,W1,MC,RES1,m
720703,34.44598,-119.823124,360,358787.5,W1-m-RES1-DF,06083002914,RES,RES1,W1,MC,RES1,m
720826,33.7496311,-118.0061611,360,235197.5,W1-m-RES1-DF,06059099601,RES,RES1,W1,MC,RES1,m
720875,33.9091527,-118.2322807,360,98365.4,W1-m-RES1-DF,06037541402,RES,RES1,W1,MC,RES1,m
720942,33.879429,-118.1785084,360,204303.5,W1-m-RES1-DF,06037570202,RES,RES1,W1,MC,RES1,m
721035,32.7540028,-117.1733775,360,146400.7,W1-m-RES1-DF,06073000201,RES,RES1,W1,MC,RES1,m
721102,32.9071751,-117.1501108,360,174149.2,W1-m-RES1-DF,06073008351,RES,RES1,W1,MC,RES1,m
721281,33.6171634,-117.9357308,360,275487.4,W1-m-RES1-DF,06059063500,RES,RES1,W1,MC,RES1,m
721363,34.1914626,-118.5803105,360,220927.4,W1-m-RES1-DF,06037134904,RES,RES1,W1,MC,RES1,m
721420,34.2539438,-118.5351373,360,286432.0,W1-m-RES1-DF,06037111205,RES,RES1,W1,MC,RES1,m
721458,38.6982473,-121.3576571,360,200816.0,W1-m-RES1-DF,06067007429,RES,RES1,W1,MC,RES1,m
721534,38.877146,-120.430395,360,409301.8,W1-m-RES1-DF,06017030603,RES,RES1,W1,MC,RES1,m
721626,38.3261142,-122.4927508,360,146497.3,W1-m-RES1-DF,06097150305,RES,RES1,W1,MC,RES1,m
721742,33.5911983,-117.224956,360,80333.68,W1-m-RES1-DF,06065043227,RES,RES1,W1,MC,RES1,m
721996,37.0180768,-121.5244138,360,330813.0,W1-m-RES1-DF,06085512602,RES,RES1,W1,MC,RES1,m
722062,33.7377201,-117.9503795,360,282974.5,W1-m-RES1-DF,06059099204,RES,RES1,W1,MC,RES1,m
722138,33.9243441,-118.0508252,360,114314.8,W1-m-RES1-DF,06037503000,RES,RES1,W1,MC,RES1,m
722231,33.5222902,-117.6458826,360,560121.4,W1-m-RES1-DF,06059032061,RES,RES1,W1,MC,RES1,m
722306,33.7606739,-117.9622131,360,275541.1,W1-m-RES1-DF,06059088901,RES,RES1,W1,MC,RES1,m
722481,34.1634518,-118.5976927,360,430608.6,W1-m-RES1-DF,06037137502,RES,RES1,W1,MC,RES1,m
722592,37.9808644,-121.036745,360,728560.2,W1-m-RES1-DF,06077004800,RES,RES1,W1,MC,RES1,m
722626,33.8674156,-117.576529,360,264831.3,W1-m-RES1-DF,06065041702,RES,RES1,W1,MC,RES1,m
722665,34.0704075,-117.6895559,360,257051.5,W1-m-RES1-DF,06071000208,RES,RES1,W1,MC,RES1,m
722744,33.79116,-117.2279728,360,42932.76,W1-m-RES1-DF,06065042801,RES,RES1,W1,MC,RES1,m
722874,36.5908571,-119.4402309,360,170271.0,W1-m-RES1-DF,06019006602,RES,RES1,W1,MC,RES1,m
722935,37.3242017,-121.8329376,360,116537.5,W1-m-RES1-DF,06085503402,RES,RES1,W1,MC,RES1,m
723027,34.403245,-116.9358916,360,145882.7,W1-m-RES1-DF,06071012103,RES,RES1,W1,MC,RES1,m
723117,32.8129716,-115.5677698,360,68198.06,W1-m-RES1-DF,06025011201,RES,RES1,W1,MC,RES1,m
723166,34.519993,-117.2616723,360,67489.66,W1-m-RES1-DF,06071009717,RES,RES1,W1,MC,RES1,m
723211,40.7741121,-124.1720457,360,411726.8,W1-m-RES1-DF,06023000300,RES,RES1,W1,MC,RES1,m
723374,38.2205759,-122.0685278,360,107034.1,W1-m-RES1-DF,06095252402,RES,RES1,W1,MC,RES1,m
723485,38.4154723,-121.398898,360,305088.0,W1-m-RES1-DF,06067009611,RES,RES1,W1,MC,RES1,m
723534,37.6845055,-122.155317,360,411054.2,W1-m-RES1-DF,06001433500,RES,RES1,W1,MC,RES1,m
723577,33.7789718,-118.1828489,360,14361.93,W1-m-RES1-DF,06037576302,RES,RES1,W1,MC,RES1,m
723637,34.1752845,-118.2869812,360,166816.2,W1-m-RES1-DF,06037301501,RES,RES1,W1,MC,RES1,m
723700,33.215823,-117.2372592,360,142328.9,W1-m-RES1-DF,06073019206,RES,RES1,W1,MC,RES1,m
723754,34.0368402,-118.1815816,360,22081.54,W1-m-RES1-DF,06037531102,RES,RES1,W1,MC,RES1,m
723796,34.2094121,-118.8065374,360,28680.0,W1-m-RES1-DF,06111007509,RES,RES1,W1,MC,RES1,m
723848,38.5863007,-121.3743962,360,925677.3,W1-m-RES1-DF,06067005702,RES,RES1,W1,MC,RES1,m
723887,33.976834,-116.9469611,360,137084.3,W1-m-RES1-DF,06065043809,RES,RES1,W1,MC,RES1,m
723953,34.1974925,-118.4618228,360,112724.1,W1-m-RES1-DF,06037127804,RES,RES1,W1,MC,RES1,m
724004,37.6428175,-122.0876396,360,249506.7,W1-m-RES1-DF,06001437400,RES,RES1,W1,MC,RES1,m
724021,33.1874151,-115.462864,360,53893.95,W1-m-RES1-DF,06025010101,RES,RES1,W1,MC,RES1,m
724051,37.3869267,-121.8708177,360,276142.7,W1-m-RES1-DF,06085504316,RES,RES1,W1,MC,RES1,m
724144,34.1292278,-117.916183,360,135603.0,W1-m-RES1-DF,06037404401,RES,RES1,W1,MC,RES1,m
724268,34.0351983,-118.5245644,360,599901.8,W1-m-RES1-DF,06037262706,RES,RES1,W1,MC,RES1,m
724395,34.3709658,-118.5071739,360,1238.9,W1-m-RES1-DF,06037920343,RES,RES1,W1,MC,RES1,m
724467,37.7996811,-122.4109547,360,7549.805,W1-m-RES1-DF,06075010702,RES,RES1,W1,MC,RES1,m
724563,37.95982,-121.9580843,360,335626.3,W1-m-RES1-DF,06013333102,RES,RES1,W1,MC,RES1,m
724601,37.7616792,-122.4993329,360,293145.0,W1-m-RES1-DF,06075035101,RES,RES1,W1,MC,RES1,m
724641,34.1750805,-118.2714599,360,382570.2,W1-m-RES1-DF,06037301300,RES,RES1,W1,MC,RES1,m
724676,34.7113055,-118.1615957,360,87430.32,W1-m-RES1-DF,06037900807,RES,RES1,W1,MC,RES1,m
724701,33.8269186,-116.4711902,360,50761.2,W1-m-RES1-DF,06065044925,RES,RES1,W1,MC,RES1,m
724834,34.0924899,-118.365303,360,88018.06,W1-m-RES1-DF,06037700200,RES,RES1,W1,MC,RES1,m
725087,37.6012643,-122.0427413,360,446258.9,W1-m-RES1-DF,06001440301,RES,RES1,W1,MC,RES1,m
725173,33.8414725,-118.2732944,360,211263.8,W1-m-RES1-DF,06037543801,RES,RES1,W1,MC,RES1,m
725287,32.8315365,-116.9929402,360,125310.5,W1-m-RES1-DF,06073016616,RES,RES1,W1,MC,RES1,m
725347,37.751201,-122.4139445,360,62209.4,W1-m-RES1-DF,06075022901,RES,RES1,W1,MC,RES1,m
725462,37.7698045,-122.2582454,360,294864.1,W1-m-RES1-DF,06001427900,RES,RES1,W1,MC,RES1,m
725583,37.6385144,-122.0388422,360,110960.5,W1-m-RES1-DF,06001435104,RES,RES1,W1,MC,RES1,m
725814,34.056456,-118.4137158,360,39735.88,W1-m-RES1-DF,06037267901,RES,RES1,W1,MC,RES1,m
725895,37.7952617,-122.4199592,360,48454.4,W1-m-RES1-DF,06075011002,RES,RES1,W1,MC,RES1,m
725979,40.8108091,-124.0303663,360,494406.0,W1-m-RES1-DF,06023000900,RES,RES1,W1,MC,RES1,m
726091,38.6823047,-120.9567607,360,816714.9,W1-m-RES1-DF,06017030812,RES,RES1,W1,MC,RES1,m
726239,34.1199537,-117.9259181,360,173863.2,W1-m-RES1-DF,06037404402,RES,RES1,W1,MC,RES1,m
726308,37.8653197,-122.5026377,360,110935.8,W1-m-RES1-DF,06041130203,RES,RES1,W1,MC,RES1,m
726367,33.8113912,-118.3878823,360,490677.9,W1-m-RES1-DF,06037651304,RES,RES1,W1,MC,RES1,m
726441,37.2293395,-121.7707429,360,297942.3,W1-m-RES1-DF,06085512034,RES,RES1,W1,MC,RES1,m
726532,32.717207,-117.2390182,360,698023.7,W1-m-RES1-DF,06073007100,RES,RES1,W1,MC,RES1,m
726601,34.0860496,-117.7337464,360,192689.0,W1-m-RES1-DF,06037402101,RES,RES1,W1,MC,RES1,m
726730,33.6558262,-116.1220454,360,8914.785,W1-m-RES1-DF,06065045616,RES,RES1,W1,MC,RES1,m
726873,34.0350094,-118.4754273,360,137505.9,W1-m-RES1-DF,06037701602,RES,RES1,W1,MC,RES1,m
726978,38.6720661,-121.5127952,360,510226.0,W1-m-RES1-DF,06067007110,RES,RES1,W1,MC,RES1,m
727093,34.1492141,-118.2597025,360,65836.56,W1-m-RES1-DF,06037301802,RES,RES1,W1,MC,RES1,m
727231,34.2329792,-119.1371737,360,32433.04,W1-m-RES1-DF,06111005002,RES,RES1,W1,MC,RES1,m
727326,33.7948377,-118.2693892,360,188669.1,W1-m-RES1-DF,06037294200,RES,RES1,W1,MC,RES1,m
727390,34.7040799,-118.0992696,360,12985.36,W1-m-RES1-DF,06037900609,RES,RES1,W1,MC,RES1,m
727485,33.8703829,-117.8729876,360,50815.5,W1-m-RES1-DF,06059011721,RES,RES1,W1,MC,RES1,m
727606,33.6627696,-117.8194404,360,692960.3,W1-m-RES1-DF,06059062650,RES,RES1,W1,MC,RES1,m
727709,38.0600944,-122.5064097,360,140844.3,W1-m-RES1-DF,06041105002,RES,RES1,W1,MC,RES1,m
727787,33.8815373,-117.1813749,360,14755.4,W1-m-RES1-DF,06065049002,RES,RES1,W1,MC,RES1,m
727837,37.744794,-122.1335017,360,468457.1,W1-m-RES1-DF,06001410000,RES,RES1,W1,MC,RES1,m
727869,38.4163489,-121.3439362,360,1078504.0,W1-m-RES1-DF,06067009331,RES,RES1,W1,MC,RES1,m
727884,38.0403551,-121.3565447,360,380874.0,W1-m-RES1-DF,06077003214,RES,RES1,W1,MC,RES1,m
727956,34.1448378,-118.8170419,360,752309.1,W1-m-RES1-DF,06037800325,RES,RES1,W1,MC,RES1,m
728017,34.0384097,-117.9461731,360,92136.42,W1-m-RES1-DF,06037407601,RES,RES1,W1,MC,RES1,m
728130,34.1338831,-118.3743634,360,414741.6,W1-m-RES1-DF,06037143802,RES,RES1,W1,MC,RES1,m
728226,32.6028981,-116.994166,360,1276406.0,W1-m-RES1-DF,06073013317,RES,RES1,W1,MC,RES1,m
728318,33.9230881,-118.3160924,360,373231.8,W1-m-RES1-DF,06037602700,RES,RES1,W1,MC,RES1,m
728350,34.0437456,-117.9767958,360,215269.7,W1-m-RES1-DF,06037407102,RES,RES1,W1,MC,RES1,m
728468,34.1416432,-118.0114568,360,107700.8,W1-m-RES1-DF,06037430901,RES,RES1,W1,MC,RES1,m
728537,38.571953,-120.9940149,360,454043.3,W1-m-RES1-DF,06017030712,RES,RES1,W1,MC,RES1,m
728620,34.2633843,-118.3073883,360,297619.2,W1-m-RES1-DF,06037103102,RES,RES1,W1,MC,RES1,m
728671,33.8201839,-116.9596802,360,46942.0,W1-m-RES1-DF,06065051302,RES,RES1,W1,MC,RES1,m
728744,38.238606,-120.3528535,360,399054.1,W1-m-RES1-DF,06009000505,RES,RES1,W1,MC,RES1,m
728819,35.5639468,-120.3006504,360,157222.0,W1-m-RES1-DF,06079010301,RES,RES1,W1,MC,RES1,m
728948,33.6313438,-117.9133067,360,287515.3,W1-m-RES1-DF,06059063302,RES,RES1,W1,MC,RES1,m
729068,34.07715,-118.1678921,360,100204.4,W1-m-RES1-DF,06037201602,RES,RES1,W1,MC,RES1,m
729147,37.8583735,-122.275884,360,196584.1,W1-m-RES1-DF,06001423400,RES,RES1,W1,MC,RES1,m
729247,34.2046283,-118.5952099,360,23104.9,W1-m-RES1-DF,06037134521,RES,RES1,W1,MC,RES1,m
729317,37.9754057,-122.0929416,360,431117.6,W1-m-RES1-DF,06013321102,RES,RES1,W1,MC,RES1,m
729355,34.1272028,-117.6804248,360,106191.4,W1-m-RES1-DF,06071000815,RES,RES1,W1,MC,RES1,m
729492,33.7840999,-117.8916633,360,39764.31,W1-m-RES1-DF,06059076102,RES,RES1,W1,MC,RES1,m
729566,37.4946511,-122.2631297,360,614266.2,W1-m-RES1-DF,06081609400,RES,RES1,W1,MC,RES1,m
729662,34.1450296,-118.3855058,360,348982.1,W1-m-RES1-DF,06037143602,RES,RES1,W1,MC,RES1,m
729804,37.1886009,-120.8961062,360,157076.4,W1-m-RES1-DF,06047002001,RES,RES1,W1,MC,RES1,m
729905,36.530241,-119.4734244,360,391479.0,W1-m-RES1-DF,06107000303,RES,RES1,W1,MC,RES1,m
729947,34.048523,-117.7141754,360,48335.55,W1-m-RES1-DF,06071000308,RES,RES1,W1,MC,RES1,m
729976,38.6209692,-121.452212,360,71471.0,W1-m-RES1-DF,06067006801,RES,RES1,W1,MC,RES1,m
730200,37.5092723,-122.2562667,360,147917.6,W1-m-RES1-DF,06081609100,RES,RES1,W1,MC,RES1,m
730425,37.6739167,-122.08317,360,113938.8,W1-m-RES1-DF,06001435400,RES,RES1,W1,MC,RES1,m
730518,33.9155373,-118.2347634,360,63819.23,W1-m-RES1-DF,06037541401,RES,RES1,W1,MC,RES1,m
730610,38.2534089,-122.0580589,360,262047.0,W1-m-RES1-DF,06095252401,RES,RES1,W1,MC,RES1,m
730627,34.0089074,-117.8755523,360,266618.0,W1-m-RES1-DF,06037408136,RES,RES1,W1,MC,RES1,m
730816,37.4990214,-121.9388552,360,3918.68,W1-m-RES1-DF,06001441525,RES,RES1,W1,MC,RES1,m
730992,34.1321312,-118.4000525,360,871705.4,W1-m-RES1-DF,06037143901,RES,RES1,W1,MC,RES1,m
731024,34.0742469,-118.3891907,360,48372.32,W1-m-RES1-DF,06037214903,RES,RES1,W1,MC,RES1,m
731111,35.4044901,-119.1173012,360,159388.9,W1-m-RES1-DF,06029003817,RES,RES1,W1,MC,RES1,m
731148,38.582703,-121.357377,360,736425.1,W1-m-RES1-DF,06067005803,RES,RES1,W1,MC,RES1,m
731184,33.8453408,-118.3504673,360,118511.0,W1-m-RES1-DF,06037650605,RES,RES1,W1,MC,RES1,m
731312,37.4011514,-122.0743742,360,239972.9,W1-m-RES1-DF,06085509201,RES,RES1,W1,MC,RES1,m
731414,34.8686385,-120.4436472,360,211685.2,W1-m-RES1-DF,06083002012,RES,RES1,W1,MC,RES1,m
731516,34.1054563,-118.2468522,360,88143.66,W1-m-RES1-DF,06037187200,RES,RES1,W1,MC,RES1,m
731551,38.4601607,-121.3889396,360,519042.0,W1-m-RES1-DF,06067009321,RES,RES1,W1,MC,RES1,m
731636,34.4040807,-118.4945381,360,209708.4,W1-m-RES1-DF,06037920031,RES,RES1,W1,MC,RES1,m
731807,34.0782038,-117.2648616,360,75976.66,W1-m-RES1-DF,06071007202,RES,RES1,W1,MC,RES1,m
731868,36.7540333,-119.7262741,360,92673.0,W1-m-RES1-DF,06019002905,RES,RES1,W1,MC,RES1,m
731971,34.1008082,-117.6718364,360,94827.14,W1-m-RES1-DF,06071000823,RES,RES1,W1,MC,RES1,m
732160,34.1986115,-118.9349149,360,123719.1,W1-m-RES1-DF,06111006102,RES,RES1,W1,MC,RES1,m
732344,36.4818749,-121.6894397,360,428720.3,W1-m-RES1-DF,06053011001,RES,RES1,W1,MC,RES1,m
732456,37.6020228,-120.9421042,360,226494.0,W1-m-RES1-DF,06099002605,RES,RES1,W1,MC,RES1,m
732562,33.7636581,-117.9089192,360,242922.9,W1-m-RES1-DF,06059089102,RES,RES1,W1,MC,RES1,m
732646,38.5922351,-121.3922567,360,169085.1,W1-m-RES1-DF,06067005605,RES,RES1,W1,MC,RES1,m
732717,33.9420596,-117.5346297,360,264450.1,W1-m-RES1-DF,06065040703,RES,RES1,W1,MC,RES1,m
732813,35.1478612,-115.8783789,360,246839.2,W1-m-RES1-DF,06071010300,RES,RES1,W1,MC,RES1,m
732890,34.8901434,-117.0371355,360,138410.0,W1-m-RES1-DF,06071009502,RES,RES1,W1,MC,RES1,m
732938,34.0907632,-118.2343586,360,88111.55,W1-m-RES1-DF,06037197200,RES,RES1,W1,MC,RES1,m
733045,37.550978,-122.0361606,360,862994.9,W1-m-RES1-DF,06001444100,RES,RES1,W1,MC,RES1,m
733095,32.7582434,-117.1207284,360,120846.8,W1-m-RES1-DF,06073001700,RES,RES1,W1,MC,RES1,m
733145,33.1879914,-117.3027414,360,190562.8,W1-m-RES1-DF,06073018517,RES,RES1,W1,MC,RES1,m
733194,37.6492106,-120.9430457,360,317828.0,W1-m-RES1-DF,06099002004,RES,RES1,W1,MC,RES1,m
733282,32.9099606,-117.1335089,360,377841.8,W1-m-RES1-DF,06073008358,RES,RES1,W1,MC,RES1,m
733374,38.0131208,-121.31597,360,123831.4,W1-m-RES1-DF,06077003307,RES,RES1,W1,MC,RES1,m
733465,33.6137829,-114.609989,360,51748.29,W1-m-RES1-DF,06065046102,RES,RES1,W1,MC,RES1,m
733533,34.0808488,-117.9632,360,142377.2,W1-m-RES1-DF,06037405202,RES,RES1,W1,MC,RES1,m
733606,33.9631765,-118.0393768,360,112662.8,W1-m-RES1-DF,06037502003,RES,RES1,W1,MC,RES1,m
733695,33.9118184,-117.9677188,360,97644.24,W1-m-RES1-DF,06059001709,RES,RES1,W1,MC,RES1,m
733733,35.4041112,-118.9759714,360,362885.0,W1-m-RES1-DF,06029000800,RES,RES1,W1,MC,RES1,m
733788,34.2261475,-118.7738076,360,409230.4,W1-m-RES1-DF,06111007506,RES,RES1,W1,MC,RES1,m
733833,34.2196215,-117.3854467,360,93293.05,W1-m-RES1-DF,06071004503,RES,RES1,W1,MC,RES1,m
733866,37.2832604,-121.8775331,360,208192.7,W1-m-RES1-DF,06085503125,RES,RES1,W1,MC,RES1,m
733985,33.1726793,-117.3606216,360,135923.2,W1-m-RES1-DF,06073018102,RES,RES1,W1,MC,RES1,m
734124,33.8056408,-117.8401794,360,355522.5,W1-m-RES1-DF,06059076206,RES,RES1,W1,MC,RES1,m
734183,37.7381305,-122.4812569,360,510525.2,W1-m-RES1-DF,06075033002,RES,RES1,W1,MC,RES1,m
734256,33.5469795,-117.6966091,360,14438.0,W1-m-RES1-DF,06059042336,RES,RES1,W1,MC,RES1,m
734440,36.7971891,-119.8544515,360,244006.0,W1-m-RES1-DF,06019004205,RES,RES1,W1,MC,RES1,m
734536,37.3206524,-121.98293,360,86126.74,W1-m-RES1-DF,06085506203,RES,RES1,W1,MC,RES1,m
734604,33.9847965,-118.0855627,360,287182.2,W1-m-RES1-DF,06037500800,RES,RES1,W1,MC,RES1,m
734664,34.0931674,-118.2939076,360,12574.08,W1-m-RES1-DF,06037191203,RES,RES1,W1,MC,RES1,m
734726,34.032045,-118.3968111,360,110137.3,W1-m-RES1-DF,06037269800,RES,RES1,W1,MC,RES1,m
734815,34.1294228,-117.5930105,360,16635.6,W1-m-RES1-DF,06071002023,RES,RES1,W1,MC,RES1,m
734892,34.0801578,-117.6870214,360,239125.3,W1-m-RES1-DF,06071000205,RES,RES1,W1,MC,RES1,m
734958,37.3694638,-122.0863812,360,347265.0,W1-m-RES1-DF,06085509901,RES,RES1,W1,MC,RES1,m
735019,34.1667044,-118.3650522,360,28567.62,W1-m-RES1-DF,06037125321,RES,RES1,W1,MC,RES1,m
735202,36.8150842,-119.8690146,360,615256.0,W1-m-RES1-DF,06019004212,RES,RES1,W1,MC,RES1,m
735290,33.8134162,-118.2813181,360,430728.3,W1-m-RES1-DF,06037543607,RES,RES1,W1,MC,RES1,m
735336,34.2111369,-118.8593832,360,206094.6,W1-m-RES1-DF,06111006500,RES,RES1,W1,MC,RES1,m
735357,40.5489013,-122.335701,360,366423.0,W1-m-RES1-DF,06089011401,RES,RES1,W1,MC,RES1,m
735418,34.1566283,-118.3655444,360,110117.6,W1-m-RES1-DF,06037125502,RES,RES1,W1,MC,RES1,m
735535,33.7098214,-117.1785991,360,16714.28,W1-m-RES1-DF,06065042751,RES,RES1,W1,MC,RES1,m
735657,39.0025535,-122.016575,360,349489.1,W1-m-RES1-DF,06011000100,RES,RES1,W1,MC,RES1,m
735745,35.7468952,-119.2676544,360,140789.8,W1-m-RES1-DF,06029004607,RES,RES1,W1,MC,RES1,m
735813,32.7840087,-116.9696965,360,145220.7,W1-m-RES1-DF,06073015902,RES,RES1,W1,MC,RES1,m
735898,34.1516786,-116.08907,360,182329.4,W1-m-RES1-DF,06071010415,RES,RES1,W1,MC,RES1,m
736052,35.0138709,-120.5630558,360,458899.0,W1-m-RES1-DF,06079012306,RES,RES1,W1,MC,RES1,m
736153,34.9515107,-120.4449965,360,38113.89,W1-m-RES1-DF,06083002408,RES,RES1,W1,MC,RES1,m
736262,37.3759323,-122.0410019,360,352994.0,W1-m-RES1-DF,06085508601,RES,RES1,W1,MC,RES1,m
736334,38.9311924,-120.0077675,360,703745.8,W1-m-RES1-DF,06017030403,RES,RES1,W1,MC,RES1,m
736400,33.0807361,-117.2525982,360,122307.6,W1-m-RES1-DF,06073020035,RES,RES1,W1,MC,RES1,m
736462,38.6395899,-121.1274845,360,1282466.0,W1-m-RES1-DF,06067008508,RES,RES1,W1,MC,RES1,m
736499,34.0072782,-118.2937148,360,30399.05,W1-m-RES1-DF,06037231603,RES,RES1,W1,MC,RES1,m
736613,37.6798635,-121.0032915,360,539466.0,W1-m-RES1-DF,06099000801,RES,RES1,W1,MC,RES1,m
736771,34.4257895,-118.5500603,360,5495.48,W1-m-RES1-DF,06037920115,RES,RES1,W1,MC,RES1,m
736831,38.4168544,-121.4258928,360,682724.0,W1-m-RES1-DF,06067009616,RES,RES1,W1,MC,RES1,m
736911,37.9631644,-122.0017469,360,289222.3,W1-m-RES1-DF,06013334001,RES,RES1,W1,MC,RES1,m
736998,33.2349615,-117.2024693,360,204692.4,W1-m-RES1-DF,06073019209,RES,RES1,W1,MC,RES1,m
737112,34.515942,-118.3096339,360,150112.7,W1-m-RES1-DF,06037910814,RES,RES1,W1,MC,RES1,m
737180,34.1114179,-117.3460627,360,169797.7,W1-m-RES1-DF,06071004301,RES,RES1,W1,MC,RES1,m
737262,36.8193465,-119.8284236,360,880822.8,W1-m-RES1-DF,06019004303,RES,RES1,W1,MC,RES1,m
737360,38.2655914,-122.039698,360,136059.8,W1-m-RES1-DF,06095252605,RES,RES1,W1,MC,RES1,m
737448,33.9397208,-116.9742932,360,256065.3,W1-m-RES1-DF,06065043900,RES,RES1,W1,MC,RES1,m
737633,33.546201,-117.1978916,360,137299.0,W1-m-RES1-DF,06065049800,RES,RES1,W1,MC,RES1,m
737753,38.1017927,-122.259038,360,31486.14,W1-m-RES1-DF,06095250900,RES,RES1,W1,MC,RES1,m
737852,37.2478128,-121.9014134,360,346498.6,W1-m-RES1-DF,06085502906,RES,RES1,W1,MC,RES1,m
737961,34.3623765,-119.3512684,360,253474.6,W1-m-RES1-DF,06111009500,RES,RES1,W1,MC,RES1,m
738080,37.3430271,-121.9443826,360,281819.2,W1-m-RES1-DF,06085505700,RES,RES1,W1,MC,RES1,m
738174,34.408525,-118.4091281,360,266833.0,W1-m-RES1-DF,06037910809,RES,RES1,W1,MC,RES1,m
738271,38.4198882,-121.7998024,360,396708.0,W1-m-RES1-DF,06095253300,RES,RES1,W1,MC,RES1,m
738310,37.7811411,-122.4129545,360,2601.245,W1-m-RES1-DF,06075012504,RES,RES1,W1,MC,RES1,m
738359,34.0436195,-118.2050757,360,15784.86,W1-m-RES1-DF,06037204200,RES,RES1,W1,MC,RES1,m
738473,33.530692,-117.762767,360,626757.3,W1-m-RES1-DF,06059062620,RES,RES1,W1,MC,RES1,m
738579,32.8262504,-117.1737801,360,376651.2,W1-m-RES1-DF,06073008507,RES,RES1,W1,MC,RES1,m
738681,34.1853923,-118.312844,360,31555.16,W1-m-RES1-DF,06037310701,RES,RES1,W1,MC,RES1,m
738789,34.0396389,-118.0443414,360,163147.0,W1-m-RES1-DF,06037433803,RES,RES1,W1,MC,RES1,m
738842,34.5690669,-118.1046034,360,100951.8,W1-m-RES1-DF,06037910504,RES,RES1,W1,MC,RES1,m
738901,33.8142493,-117.9414133,360,165709.8,W1-m-RES1-DF,06059087601,RES,RES1,W1,MC,RES1,m
738977,32.8522157,-117.2118141,360,459245.2,W1-m-RES1-DF,06073008307,RES,RES1,W1,MC,RES1,m
739048,32.7864962,-117.0489529,360,1159668.0,W1-m-RES1-DF,06073009706,RES,RES1,W1,MC,RES1,m
739113,32.6978493,-117.0900849,360,106259.2,W1-m-RES1-DF,06073003305,RES,RES1,W1,MC,RES1,m
739220,33.9331435,-117.9434406,360,164781.7,W1-m-RES1-DF,06059001202,RES,RES1,W1,MC,RES1,m
739276,34.6822442,-118.1080488,360,64806.87,W1-m-RES1-DF,06037900505,RES,RES1,W1,MC,RES1,m
739330,32.7439931,-117.0896386,360,56591.55,W1-m-RES1-DF,06073002709,RES,RES1,W1,MC,RES1,m
739512,34.1009548,-118.3216769,360,54856.7,W1-m-RES1-DF,06037191000,RES,RES1,W1,MC,RES1,m
739636,37.9683314,-120.4721113,360,187254.7,W1-m-RES1-DF,06109005102,RES,RES1,W1,MC,RES1,m
739673,34.0010705,-118.375497,360,6927.13,W1-m-RES1-DF,06037980038,RES,RES1,W1,MC,RES1,m
739743,36.3946939,-119.0868717,360,165560.2,W1-m-RES1-DF,06107000701,RES,RES1,W1,MC,RES1,m
739806,34.224417,-118.3654293,360,76260.5,W1-m-RES1-DF,06037121101,RES,RES1,W1,MC,RES1,m
739852,38.5536342,-121.7633229,360,228036.0,W1-m-RES1-DF,06113010703,RES,RES1,W1,MC,RES1,m
739961,34.0155079,-117.6893011,360,102848.5,W1-m-RES1-DF,06071000605,RES,RES1,W1,MC,RES1,m
740101,33.4726083,-117.6384355,360,480170.0,W1-m-RES1-DF,06059042205,RES,RES1,W1,MC,RES1,m
740158,36.3580162,-119.6393197,360,579296.0,W1-m-RES1-DF,06031000701,RES,RES1,W1,MC,RES1,m
740212,34.1376048,-118.2473422,360,27970.95,W1-m-RES1-DF,06037302503,RES,RES1,W1,MC,RES1,m
740313,36.9564718,-121.9752387,360,238101.8,W1-m-RES1-DF,06087121601,RES,RES1,W1,MC,RES1,m
740400,33.9403266,-117.4871242,360,153983.3,W1-m-RES1-DF,06065041102,RES,RES1,W1,MC,RES1,m
740488,37.4225313,-122.2858204,360,848134.6,W1-m-RES1-DF,06081613400,RES,RES1,W1,MC,RES1,m
740539,33.7247349,-118.2990073,360,111489.0,W1-m-RES1-DF,06037297202,RES,RES1,W1,MC,RES1,m
740620,34.1029542,-117.4469078,360,68048.99,W1-m-RES1-DF,06071002803,RES,RES1,W1,MC,RES1,m
740768,38.5814083,-122.5826961,360,233235.4,W1-m-RES1-DF,06055202000,RES,RES1,W1,MC,RES1,m
740922,34.0760667,-117.358974,360,25418.88,W1-m-RES1-DF,06071003612,RES,RES1,W1,MC,RES1,m
741038,33.8214013,-117.958885,360,346615.2,W1-m-RES1-DF,06059087701,RES,RES1,W1,MC,RES1,m
741128,38.1083885,-122.2622993,360,68829.26,W1-m-RES1-DF,06095251600,RES,RES1,W1,MC,RES1,m
741296,34.203248,-118.611899,360,412499.8,W1-m-RES1-DF,06037134303,RES,RES1,W1,MC,RES1,m
741310,37.9647246,-122.5035931,360,31311.0,W1-m-RES1-DF,06041112203,RES,RES1,W1,MC,RES1,m
741462,32.6407694,-117.080367,360,31717.56,W1-m-RES1-DF,06073012302,RES,RES1,W1,MC,RES1,m
741517,38.6306876,-121.2455336,360,838232.0,W1-m-RES1-DF,06067008702,RES,RES1,W1,MC,RES1,m
741614,37.9825777,-122.2872266,360,380648.3,W1-m-RES1-DF,06013360101,RES,RES1,W1,MC,RES1,m
741662,34.0289616,-117.3029787,360,152692.4,W1-m-RES1-DF,06071007104,RES,RES1,W1,MC,RES1,m
741719,34.0896162,-118.2093313,360,57242.72,W1-m-RES1-DF,06037199400,RES,RES1,W1,MC,RES1,m
741843,34.0387491,-118.2078724,360,44497.53,W1-m-RES1-DF,06037204300,RES,RES1,W1,MC,RES1,m
741881,34.1026294,-118.0443582,360,205684.2,W1-m-RES1-DF,06037432001,RES,RES1,W1,MC,RES1,m
741916,33.9921082,-118.3023519,360,34692.0,W1-m-RES1-DF,06037232601,RES,RES1,W1,MC,RES1,m
742031,37.7215886,-122.3900583,360,138037.7,W1-m-RES1-DF,06075023400,RES,RES1,W1,MC,RES1,m
742104,33.9470153,-118.2593919,360,207690.1,W1-m-RES1-DF,06037240700,RES,RES1,W1,MC,RES1,m
742168,33.9931522,-118.079233,360,243476.4,W1-m-RES1-DF,06037500900,RES,RES1,W1,MC,RES1,m
742288,38.1343905,-121.2597113,360,9025.153,W1-m-RES1-DF,06077004502,RES,RES1,W1,MC,RES1,m
742454,37.3185985,-122.0493596,360,404705.7,W1-m-RES1-DF,06085507701,RES,RES1,W1,MC,RES1,m
742493,34.5742111,-118.2180443,360,8016.44,W1-m-RES1-DF,06037910217,RES,RES1,W1,MC,RES1,m
742603,34.0817769,-118.0898121,360,112967.4,W1-m-RES1-DF,06037481403,RES,RES1,W1,MC,RES1,m
742685,33.096997,-117.0804431,360,211153.9,W1-m-RES1-DF,06073020403,RES,RES1,W1,MC,RES1,m
742781,33.8038178,-116.6792727,360,317693.3,W1-m-RES1-DF,06065044405,RES,RES1,W1,MC,RES1,m
742986,33.7046746,-117.9372009,360,515790.6,W1-m-RES1-DF,06059099229,RES,RES1,W1,MC,RES1,m
743075,34.2798973,-119.2288045,360,390218.5,W1-m-RES1-DF,06111001801,RES,RES1,W1,MC,RES1,m
743190,33.8183565,-118.3038904,360,21386.84,W1-m-RES1-DF,06037293205,RES,RES1,W1,MC,RES1,m
743295,33.1335058,-117.064014,360,133081.0,W1-m-RES1-DF,06073020211,RES,RES1,W1,MC,RES1,m
743432,35.1074659,-120.6240989,360,90061.56,W1-m-RES1-DF,06079012201,RES,RES1,W1,MC,RES1,m
743499,38.7139046,-121.3948906,360,348197.0,W1-m-RES1-DF,06067007417,RES,RES1,W1,MC,RES1,m
743540,33.7064714,-118.0126393,360,444701.4,W1-m-RES1-DF,06059099412,RES,RES1,W1,MC,RES1,m
743578,37.4364465,-122.1923294,360,661864.0,W1-m-RES1-DF,06081612800,RES,RES1,W1,MC,RES1,m
743629,33.9393721,-116.4759837,360,67626.56,W1-m-RES1-DF,06065044516,RES,RES1,W1,MC,RES1,m
743678,34.2892496,-118.460655,360,128349.3,W1-m-RES1-DF,06037106649,RES,RES1,W1,MC,RES1,m
743744,37.6018515,-120.9088941,360,863127.1,W1-m-RES1-DF,06099003003,RES,RES1,W1,MC,RES1,m
743819,38.6485991,-121.4650243,360,250323.0,W1-m-RES1-DF,06067006703,RES,RES1,W1,MC,RES1,m
743863,37.9103775,-121.309714,360,601739.0,W1-m-RES1-DF,06077003804,RES,RES1,W1,MC,RES1,m
744023,35.2582904,-119.5019126,360,158081.5,W1-m-RES1-DF,06029003304,RES,RES1,W1,MC,RES1,m
744155,33.5987527,-117.6918666,360,520572.2,W1-m-RES1-DF,06059042307,RES,RES1,W1,MC,RES1,m
744222,34.0336601,-117.1610389,360,487233.3,W1-m-RES1-DF,06071008501,RES,RES1,W1,MC,RES1,m
744305,37.8740722,-122.2779151,360,159931.5,W1-m-RES1-DF,06001422300,RES,RES1,W1,MC,RES1,m
744365,34.4848042,-117.5382975,360,13025.71,W1-m-RES1-DF,06071009122,RES,RES1,W1,MC,RES1,m
744463,38.5214525,-122.9160376,360,349416.8,W1-m-RES1-DF,06097153705,RES,RES1,W1,MC,RES1,m
744522,37.301126,-121.7886395,360,140687.4,W1-m-RES1-DF,06085503333,RES,RES1,W1,MC,RES1,m
744636,35.2643638,-120.6960711,360,325585.4,W1-m-RES1-DF,06079011300,RES,RES1,W1,MC,RES1,m
744746,38.0084765,-122.2564015,360,16217.9,W1-m-RES1-DF,06013359203,RES,RES1,W1,MC,RES1,m
744936,33.6933666,-117.9102462,360,343641.9,W1-m-RES1-DF,06059063910,RES,RES1,W1,MC,RES1,m
744978,34.1250568,-117.8857418,360,136535.8,W1-m-RES1-DF,06037404203,RES,RES1,W1,MC,RES1,m
745046,34.3867094,-118.5394175,360,108007.0,W1-m-RES1-DF,06037920340,RES,RES1,W1,MC,RES1,m
745122,33.0998057,-117.0388233,360,383542.6,W1-m-RES1-DF,06073020706,RES,RES1,W1,MC,RES1,m
745216,34.0922258,-117.9014277,360,330902.4,W1-m-RES1-DF,06037406000,RES,RES1,W1,MC,RES1,m
745342,37.1495734,-121.6601298,360,136918.3,W1-m-RES1-DF,06085512311,RES,RES1,W1,MC,RES1,m
745432,38.9862696,-122.7824591,360,170809.2,W1-m-RES1-DF,06033000902,RES,RES1,W1,MC,RES1,m
745527,37.5053439,-120.8421217,360,104662.0,W1-m-RES1-DF,06099003906,RES,RES1,W1,MC,RES1,m
745607,34.4240676,-117.4554664,360,48074.24,W1-m-RES1-DF,06071009119,RES,RES1,W1,MC,RES1,m
745641,34.4303366,-118.486524,360,183373.2,W1-m-RES1-DF,06037920029,RES,RES1,W1,MC,RES1,m
745734,32.7987225,-117.0846348,360,337092.4,W1-m-RES1-DF,06073009602,RES,RES1,W1,MC,RES1,m
745777,33.8997851,-118.2183077,360,27075.66,W1-m-RES1-DF,06037541606,RES,RES1,W1,MC,RES1,m
745856,34.1756961,-118.5246446,360,395086.6,W1-m-RES1-DF,06037139200,RES,RES1,W1,MC,RES1,m
745974,39.2475277,-120.0199033,360,223544.6,W1-m-RES1-DF,06061020107,RES,RES1,W1,MC,RES1,m
746070,37.3988343,-121.8810513,360,235731.2,W1-m-RES1-DF,06085504323,RES,RES1,W1,MC,RES1,m
746113,34.2820993,-118.3925764,360,205018.5,W1-m-RES1-DF,06037104103,RES,RES1,W1,MC,RES1,m
746193,38.2599906,-122.0011886,360,73277.04,W1-m-RES1-DF,06095252707,RES,RES1,W1,MC,RES1,m
746250,34.0918093,-118.508627,360,932127.8,W1-m-RES1-DF,06037262400,RES,RES1,W1,MC,RES1,m
746309,34.041585,-118.2808542,360,6782.82,W1-m-RES1-DF,06037224320,RES,RES1,W1,MC,RES1,m
746462,36.9511694,-120.0873976,360,600753.8,W1-m-RES1-DF,06039000702,RES,RES1,W1,MC,RES1,m
746537,32.7498572,-117.0553352,360,231570.9,W1-m-RES1-DF,06073002903,RES,RES1,W1,MC,RES1,m
746685,38.3806559,-122.7996795,360,324708.5,W1-m-RES1-DF,06097153403,RES,RES1,W1,MC,RES1,m
746759,36.923156,-119.6923076,360,296976.1,W1-m-RES1-DF,06019005515,RES,RES1,W1,MC,RES1,m
746802,34.2293596,-119.0450209,360,360652.4,W1-m-RES1-DF,06111005504,RES,RES1,W1,MC,RES1,m
746868,32.7598645,-117.0458989,360,286666.5,W1-m-RES1-DF,06073014702,RES,RES1,W1,MC,RES1,m
746902,37.7569391,-122.4692332,360,600613.9,W1-m-RES1-DF,06075030301,RES,RES1,W1,MC,RES1,m
747000,37.9853105,-121.299006,360,72508.75,W1-m-RES1-DF,06077001400,RES,RES1,W1,MC,RES1,m
747056,37.746019,-122.4804356,360,382035.0,W1-m-RES1-DF,06075032801,RES,RES1,W1,MC,RES1,m
747105,37.4137914,-121.9573012,360,3947.64,W1-m-RES1-DF,06085505014,RES,RES1,W1,MC,RES1,m
747160,33.9459765,-118.0409409,360,353672.6,W1-m-RES1-DF,06037502901,RES,RES1,W1,MC,RES1,m
747295,40.7846083,-124.1798708,360,390845.6,W1-m-RES1-DF,06023000200,RES,RES1,W1,MC,RES1,m
747508,37.8181386,-122.2667055,360,13720.15,W1-m-RES1-DF,06001401300,RES,RES1,W1,MC,RES1,m
747604,32.758151,-117.1345126,360,62009.64,W1-m-RES1-DF,06073001202,RES,RES1,W1,MC,RES1,m
747669,33.6278555,-117.2176981,360,16325.62,W1-m-RES1-DF,06065043279,RES,RES1,W1,MC,RES1,m
747688,35.3272161,-119.0959308,360,48578.3,W1-m-RES1-DF,06029002823,RES,RES1,W1,MC,RES1,m
747766,35.0194456,-120.5127436,360,78522.3,W1-m-RES1-DF,06079012403,RES,RES1,W1,MC,RES1,m
747829,33.4917233,-117.0839947,360,204153.8,W1-m-RES1-DF,06065043265,RES,RES1,W1,MC,RES1,m
747925,34.1273015,-118.0983767,360,1005953.0,W1-m-RES1-DF,06037464200,RES,RES1,W1,MC,RES1,m
747970,37.6298655,-122.1002746,360,245243.0,W1-m-RES1-DF,06001437102,RES,RES1,W1,MC,RES1,m
748078,37.647144,-122.1015751,360,253590.5,W1-m-RES1-DF,06001437000,RES,RES1,W1,MC,RES1,m
748166,36.2136987,-119.1045232,360,164489.0,W1-m-RES1-DF,06107002601,RES,RES1,W1,MC,RES1,m
748220,38.6137442,-121.3506354,360,64357.0,W1-m-RES1-DF,06067005903,RES,RES1,W1,MC,RES1,m
748266,33.714291,-117.1236656,360,54977.0,W1-m-RES1-DF,06065042726,RES,RES1,W1,MC,RES1,m
748303,34.0780753,-117.6369026,360,273016.2,W1-m-RES1-DF,06071001310,RES,RES1,W1,MC,RES1,m
748357,37.3030351,-120.4432482,360,350109.0,W1-m-RES1-DF,06047001402,RES,RES1,W1,MC,RES1,m
748491,35.5917343,-119.3337642,360,80549.73,W1-m-RES1-DF,06029004402,RES,RES1,W1,MC,RES1,m
748555,37.6833516,-121.7291862,360,141090.5,W1-m-RES1-DF,06001451506,RES,RES1,W1,MC,RES1,m
748628,34.1657154,-117.347706,360,139711.3,W1-m-RES1-DF,06071004101,RES,RES1,W1,MC,RES1,m
748663,34.1510661,-119.180831,360,6219.72,W1-m-RES1-DF,06111004508,RES,RES1,W1,MC,RES1,m
748732,37.9403403,-121.8011252,360,42956.05,W1-m-RES1-DF,06013355119,RES,RES1,W1,MC,RES1,m
748811,37.9691106,-122.0203707,360,356498.9,W1-m-RES1-DF,06013335000,RES,RES1,W1,MC,RES1,m
748884,39.0907287,-121.6619764,360,662238.9,W1-m-RES1-DF,06101050504,RES,RES1,W1,MC,RES1,m
748940,32.717631,-117.1381733,360,39090.54,W1-m-RES1-DF,06073004501,RES,RES1,W1,MC,RES1,m
749110,38.8133955,-123.0170717,360,176553.4,W1-m-RES1-DF,06097154201,RES,RES1,W1,MC,RES1,m
749255,38.5549366,-122.4312603,360,515877.3,W1-m-RES1-DF,06055201700,RES,RES1,W1,MC,RES1,m
749359,37.7778323,-122.2835979,360,38197.7,W1-m-RES1-DF,06001427600,RES,RES1,W1,MC,RES1,m
749462,33.8282532,-117.914757,360,355626.4,W1-m-RES1-DF,06059087401,RES,RES1,W1,MC,RES1,m
749603,32.9125345,-117.1878012,360,114608.2,W1-m-RES1-DF,06073008346,RES,RES1,W1,MC,RES1,m
749721,32.6770025,-116.5411958,360,128419.2,W1-m-RES1-DF,06073021101,RES,RES1,W1,MC,RES1,m
749954,37.6619708,-122.1005195,360,145846.2,W1-m-RES1-DF,06001436700,RES,RES1,W1,MC,RES1,m
750021,33.8538097,-118.3586745,360,348175.0,W1-m-RES1-DF,06037650501,RES,RES1,W1,MC,RES1,m
750100,35.394333,-119.0146151,360,21325.02,W1-m-RES1-DF,06029000602,RES,RES1,W1,MC,RES1,m
750215,37.7068496,-121.9419577,360,236881.1,W1-m-RES1-DF,06001450501,RES,RES1,W1,MC,RES1,m
750453,38.7523489,-121.2454992,360,745168.9,W1-m-RES1-DF,06061020717,RES,RES1,W1,MC,RES1,m
750526,33.9567675,-118.1550245,360,15059.7,W1-m-RES1-DF,06037534203,RES,RES1,W1,MC,RES1,m
750617,38.3935118,-122.3655355,360,65695.74,W1-m-RES1-DF,06055201300,RES,RES1,W1,MC,RES1,m
750709,39.1620236,-122.7065788,360,143382.4,W1-m-RES1-DF,06033000501,RES,RES1,W1,MC,RES1,m
750756,35.3035181,-119.1234186,360,24377.05,W1-m-RES1-DF,06029003135,RES,RES1,W1,MC,RES1,m
750833,32.8226369,-117.195777,360,492637.8,W1-m-RES1-DF,06073008504,RES,RES1,W1,MC,RES1,m
750939,34.1655638,-118.1005901,360,454821.4,W1-m-RES1-DF,06037462500,RES,RES1,W1,MC,RES1,m
751098,37.7821241,-122.4070181,360,12643.75,W1-m-RES1-DF,06075017602,RES,RES1,W1,MC,RES1,m
751220,33.7861755,-118.153488,360,52302.39,W1-m-RES1-DF,06037575103,RES,RES1,W1,MC,RES1,m
751324,33.88346,-117.9820593,360,820572.8,W1-m-RES1-DF,06059110604,RES,RES1,W1,MC,RES1,m
751472,34.0918484,-118.3720584,360,163406.4,W1-m-RES1-DF,06037700300,RES,RES1,W1,MC,RES1,m
751634,35.5387479,-117.3220048,360,152490.1,W1-m-RES1-DF,06071008901,RES,RES1,W1,MC,RES1,m
751700,38.5499802,-121.7836865,360,136046.0,W1-m-RES1-DF,06113010513,RES,RES1,W1,MC,RES1,m
751785,32.7531727,-117.0830585,360,37802.95,W1-m-RES1-DF,06073002708,RES,RES1,W1,MC,RES1,m
751825,33.8965004,-117.2043216,360,110045.5,W1-m-RES1-DF,06065051100,RES,RES1,W1,MC,RES1,m
751877,38.6950515,-121.3319913,360,262199.0,W1-m-RES1-DF,06067008130,RES,RES1,W1,MC,RES1,m
751961,37.4995558,-120.8633794,360,285072.0,W1-m-RES1-DF,06099003804,RES,RES1,W1,MC,RES1,m
752058,38.7794828,-121.2860177,360,470385.0,W1-m-RES1-DF,06061022600,RES,RES1,W1,MC,RES1,m
752108,39.1205322,-121.5518813,360,556554.8,W1-m-RES1-DF,06115040304,RES,RES1,W1,MC,RES1,m
752177,33.6777922,-117.1883297,360,110504.9,W1-m-RES1-DF,06065042742,RES,RES1,W1,MC,RES1,m
752292,37.6736928,-121.8685808,360,207601.4,W1-m-RES1-DF,06001450746,RES,RES1,W1,MC,RES1,m
752342,34.2407445,-117.1996441,360,245473.1,W1-m-RES1-DF,06071011003,RES,RES1,W1,MC,RES1,m
752375,40.9377433,-124.1181345,360,154654.5,W1-m-RES1-DF,06023010504,RES,RES1,W1,MC,RES1,m
752429,37.402805,-121.8713866,360,229871.0,W1-m-RES1-DF,06085504320,RES,RES1,W1,MC,RES1,m
752453,34.0871531,-118.2791664,360,60131.2,W1-m-RES1-DF,06037195902,RES,RES1,W1,MC,RES1,m
752628,34.0188907,-118.4789709,360,49700.05,W1-m-RES1-DF,06037701802,RES,RES1,W1,MC,RES1,m
753019,35.3769582,-119.0153949,360,36777.35,W1-m-RES1-DF,06029001600,RES,RES1,W1,MC,RES1,m
753126,38.5552363,-121.5350372,360,76534.0,W1-m-RES1-DF,06113010315,RES,RES1,W1,MC,RES1,m
753263,34.4273594,-119.6856662,360,91485.59,W1-m-RES1-DF,06083000801,RES,RES1,W1,MC,RES1,m
753341,33.9397051,-118.261893,360,88003.52,W1-m-RES1-DF,06037240800,RES,RES1,W1,MC,RES1,m
753403,34.2238449,-118.8199928,360,41652.36,W1-m-RES1-DF,06111007510,RES,RES1,W1,MC,RES1,m
753504,34.0678503,-118.2202429,360,30648.85,W1-m-RES1-DF,06037199700,RES,RES1,W1,MC,RES1,m
753577,37.6786744,-122.1161142,360,313273.6,W1-m-RES1-DF,06001435700,RES,RES1,W1,MC,RES1,m
753632,34.0100779,-118.4473997,360,523768.0,W1-m-RES1-DF,06037271400,RES,RES1,W1,MC,RES1,m
753665,32.5727786,-117.1057141,360,80269.2,W1-m-RES1-DF,06073010402,RES,RES1,W1,MC,RES1,m
753790,34.4430508,-118.1682734,360,125541.3,W1-m-RES1-DF,06037910815,RES,RES1,W1,MC,RES1,m
753858,34.1808243,-118.9022654,360,152138.6,W1-m-RES1-DF,06111005909,RES,RES1,W1,MC,RES1,m
753953,37.7681553,-122.2868948,360,235140.2,W1-m-RES1-DF,06001427700,RES,RES1,W1,MC,RES1,m
754056,34.1685095,-118.3921314,360,90764.47,W1-m-RES1-DF,06037125101,RES,RES1,W1,MC,RES1,m
754384,37.2876026,-121.9272392,360,450839.6,W1-m-RES1-DF,06085502603,RES,RES1,W1,MC,RES1,m
754538,37.2711908,-121.9382471,360,354539.8,W1-m-RES1-DF,06085502701,RES,RES1,W1,MC,RES1,m
754644,33.911833,-118.2410907,360,240016.7,W1-m-RES1-DF,06037541300,RES,RES1,W1,MC,RES1,m
754725,37.2009977,-121.8180552,360,412310.0,W1-m-RES1-DF,06085511911,RES,RES1,W1,MC,RES1,m
754842,36.6646451,-121.6493229,360,262847.8,W1-m-RES1-DF,06053001200,RES,RES1,W1,MC,RES1,m
754899,34.1405622,-118.4787549,360,899020.6,W1-m-RES1-DF,06037141500,RES,RES1,W1,MC,RES1,m
754947,37.6552995,-122.4460522,360,612935.1,W1-m-RES1-DF,06081601800,RES,RES1,W1,MC,RES1,m
755052,34.1012449,-118.1218022,360,243671.8,W1-m-RES1-DF,06037480302,RES,RES1,W1,MC,RES1,m
755139,36.9413199,-120.106564,360,492778.4,W1-m-RES1-DF,06039000512,RES,RES1,W1,MC,RES1,m
755193,33.7372031,-118.0199636,360,353595.8,W1-m-RES1-DF,06059099604,RES,RES1,W1,MC,RES1,m
755231,32.7306387,-115.5258769,360,11016.66,W1-m-RES1-DF,06025011301,RES,RES1,W1,MC,RES1,m
755391,36.5622513,-121.8056041,360,475320.7,W1-m-RES1-DF,06053013200,RES,RES1,W1,MC,RES1,m
755508,38.4641357,-122.7310534,360,5542.4,W1-m-RES1-DF,06097152804,RES,RES1,W1,MC,RES1,m
755625,37.8503694,-122.2746228,360,91046.9,W1-m-RES1-DF,06001424001,RES,RES1,W1,MC,RES1,m
755774,36.3197803,-119.2516331,360,833834.0,W1-m-RES1-DF,06107001703,RES,RES1,W1,MC,RES1,m
755863,34.0980812,-118.081648,360,262825.5,W1-m-RES1-DF,06037481203,RES,RES1,W1,MC,RES1,m
755917,34.1609655,-118.1135074,360,335789.2,W1-m-RES1-DF,06037462600,RES,RES1,W1,MC,RES1,m
755985,34.1016712,-118.3875194,360,872709.8,W1-m-RES1-DF,06037194300,RES,RES1,W1,MC,RES1,m
756107,34.0145909,-118.0024823,360,568029.6,W1-m-RES1-DF,06037408402,RES,RES1,W1,MC,RES1,m
756185,34.2820947,-119.1878275,360,597599.3,W1-m-RES1-DF,06111001202,RES,RES1,W1,MC,RES1,m
756207,38.4270799,-121.4220371,360,120938.0,W1-m-RES1-DF,06067009642,RES,RES1,W1,MC,RES1,m
756264,34.1739658,-118.4114177,360,265322.3,W1-m-RES1-DF,06037124400,RES,RES1,W1,MC,RES1,m
756334,35.423065,-119.0298635,360,171059.6,W1-m-RES1-DF,06029000103,RES,RES1,W1,MC,RES1,m
756447,34.0598448,-118.3138698,360,67137.93,W1-m-RES1-DF,06037212610,RES,RES1,W1,MC,RES1,m
756533,33.8438163,-117.8762297,360,142253.1,W1-m-RES1-DF,06059086406,RES,RES1,W1,MC,RES1,m
756560,38.6296865,-121.5032958,360,116449.0,W1-m-RES1-DF,06067007022,RES,RES1,W1,MC,RES1,m
756646,37.5702636,-122.330426,360,29770.65,W1-m-RES1-DF,06081605902,RES,RES1,W1,MC,RES1,m
756767,37.9394176,-122.3414882,360,274340.3,W1-m-RES1-DF,06013374000,RES,RES1,W1,MC,RES1,m
756887,34.0149343,-117.1307107,360,659415.5,W1-m-RES1-DF,06071008502,RES,RES1,W1,MC,RES1,m
756934,34.2677213,-118.2901465,360,381091.5,W1-m-RES1-DF,06037101122,RES,RES1,W1,MC,RES1,m
756995,37.5293619,-121.9931002,360,307338.0,W1-m-RES1-DF,06001442800,RES,RES1,W1,MC,RES1,m
757013,37.7214949,-122.4018971,360,94870.44,W1-m-RES1-DF,06075025800,RES,RES1,W1,MC,RES1,m
757053,33.6902035,-117.8137796,360,17418.35,W1-m-RES1-DF,06059052530,RES,RES1,W1,MC,RES1,m
757184,33.8305661,-118.0297412,360,284270.4,W1-m-RES1-DF,06059110110,RES,RES1,W1,MC,RES1,m
757352,33.8081618,-118.0666483,360,215102.7,W1-m-RES1-DF,06059110108,RES,RES1,W1,MC,RES1,m
757458,37.0781624,-122.0154263,360,211112.1,W1-m-RES1-DF,06087120901,RES,RES1,W1,MC,RES1,m
757559,39.7639076,-121.849457,360,113636.2,W1-m-RES1-DF,06007000202,RES,RES1,W1,MC,RES1,m
757610,38.437264,-121.4319342,360,778330.0,W1-m-RES1-DF,06067009614,RES,RES1,W1,MC,RES1,m
757660,37.4216684,-121.9105196,360,175161.6,W1-m-RES1-DF,06085504508,RES,RES1,W1,MC,RES1,m
757968,37.6059048,-122.126873,360,412813.9,W1-m-RES1-DF,06001437101,RES,RES1,W1,MC,RES1,m
758080,36.2256444,-119.3438407,360,611798.3,W1-m-RES1-DF,06107002303,RES,RES1,W1,MC,RES1,m
758164,36.678845,-121.6692674,360,141155.6,W1-m-RES1-DF,06053001700,RES,RES1,W1,MC,RES1,m
758264,32.6814954,-115.4989928,360,43212.48,W1-m-RES1-DF,06025012102,RES,RES1,W1,MC,RES1,m
758435,33.8612644,-118.0792347,360,309220.6,W1-m-RES1-DF,06037554900,RES,RES1,W1,MC,RES1,m
758505,33.9374621,-116.9602337,360,33615.26,W1-m-RES1-DF,06065043821,RES,RES1,W1,MC,RES1,m
758666,34.0443021,-118.4402893,360,156599.2,W1-m-RES1-DF,06037267201,RES,RES1,W1,MC,RES1,m
758804,34.0505519,-118.2769503,360,2866.16,W1-m-RES1-DF,06037209520,RES,RES1,W1,MC,RES1,m
758957,34.2684432,-118.5148271,360,435275.6,W1-m-RES1-DF,06037111202,RES,RES1,W1,MC,RES1,m
759041,37.3775246,-121.8845878,360,101925.5,W1-m-RES1-DF,06085504311,RES,RES1,W1,MC,RES1,m
759169,34.2020968,-118.4973692,360,256959.2,W1-m-RES1-DF,06037132102,RES,RES1,W1,MC,RES1,m
759248,33.6757269,-117.9624687,360,562293.6,W1-m-RES1-DF,06059099215,RES,RES1,W1,MC,RES1,m
759290,38.1482702,-122.2443068,360,200779.8,W1-m-RES1-DF,06095251902,RES,RES1,W1,MC,RES1,m
759308,35.3671437,-118.9097512,360,118584.9,W1-m-RES1-DF,06029001002,RES,RES1,W1,MC,RES1,m
759351,34.2912875,-118.3931176,360,66521.6,W1-m-RES1-DF,06037104204,RES,RES1,W1,MC,RES1,m
759631,37.8833641,-121.2703008,360,195175.1,W1-m-RES1-DF,06077003803,RES,RES1,W1,MC,RES1,m
759836,33.7083357,-117.9977973,360,68518.44,W1-m-RES1-DF,06059099402,RES,RES1,W1,MC,RES1,m
759943,32.7897799,-117.1395049,360,350554.6,W1-m-RES1-DF,06073009204,RES,RES1,W1,MC,RES1,m
759998,37.7020062,-121.0378956,360,784142.0,W1-m-RES1-DF,06099000511,RES,RES1,W1,MC,RES1,m
760068,33.7715794,-118.1642807,360,101032.2,W1-m-RES1-DF,06037576801,RES,RES1,W1,MC,RES1,m
760205,34.0712362,-118.3578948,360,13345.54,W1-m-RES1-DF,06037214501,RES,RES1,W1,MC,RES1,m
760301,38.8479278,-121.2249758,360,1386682.0,W1-m-RES1-DF,06061021123,RES,RES1,W1,MC,RES1,m
760410,36.5699536,-119.608652,360,178749.0,W1-m-RES1-DF,06019007002,RES,RES1,W1,MC,RES1,m
760473,33.5264817,-117.6933882,360,10512.33,W1-m-RES1-DF,06059042330,RES,RES1,W1,MC,RES1,m
760621,40.8040475,-124.1718104,360,198881.9,W1-m-RES1-DF,06023000100,RES,RES1,W1,MC,RES1,m
760720,34.145671,-117.2514317,360,72441.37,W1-m-RES1-DF,06071006203,RES,RES1,W1,MC,RES1,m
760795,38.9236615,-119.9807492,360,190327.8,W1-m-RES1-DF,06017030301,RES,RES1,W1,MC,RES1,m
760878,34.4128199,-119.8560137,360,1103.3,W1-m-RES1-DF,06083002924,RES,RES1,W1,MC,RES1,m
760986,34.0417457,-118.3114921,360,41976.61,W1-m-RES1-DF,06037221302,RES,RES1,W1,MC,RES1,m
761078,36.717769,-119.8042772,360,133813.0,W1-m-RES1-DF,06019000902,RES,RES1,W1,MC,RES1,m
761127,35.288671,-119.0433872,360,61453.48,W1-m-RES1-DF,06029003217,RES,RES1,W1,MC,RES1,m
761187,38.714169,-121.2812589,360,230175.5,W1-m-RES1-DF,06067008143,RES,RES1,W1,MC,RES1,m
761267,34.1116649,-118.010701,360,297690.3,W1-m-RES1-DF,06037431400,RES,RES1,W1,MC,RES1,m
761367,33.7661681,-117.8739775,360,456012.4,W1-m-RES1-DF,06059075303,RES,RES1,W1,MC,RES1,m
761434,37.9374179,-122.088446,360,477168.1,W1-m-RES1-DF,06013326000,RES,RES1,W1,MC,RES1,m
761463,37.4806012,-121.153017,360,643184.0,W1-m-RES1-DF,06099003206,RES,RES1,W1,MC,RES1,m
761524,37.3540383,-121.8812234,360,273284.6,W1-m-RES1-DF,06085501102,RES,RES1,W1,MC,RES1,m
761601,37.3063756,-121.9180681,360,78160.28,W1-m-RES1-DF,06085502203,RES,RES1,W1,MC,RES1,m
761707,37.3433213,-120.4370181,360,416754.0,W1-m-RES1-DF,06047001801,RES,RES1,W1,MC,RES1,m
761808,33.7772572,-117.2325416,360,124418.8,W1-m-RES1-DF,06065042802,RES,RES1,W1,MC,RES1,m
761841,34.0703759,-117.7067716,360,186888.6,W1-m-RES1-DF,06071000207,RES,RES1,W1,MC,RES1,m
761899,34.0280469,-118.4067099,360,16998.37,W1-m-RES1-DF,06037269907,RES,RES1,W1,MC,RES1,m
762076,34.0678171,-118.0368622,360,159258.5,W1-m-RES1-DF,06037433200,RES,RES1,W1,MC,RES1,m
762185,36.2795602,-119.2187114,360,279472.0,W1-m-RES1-DF,06107001602,RES,RES1,W1,MC,RES1,m
762288,34.4143079,-117.5382646,360,42423.71,W1-m-RES1-DF,06071009109,RES,RES1,W1,MC,RES1,m
762390,39.1341611,-121.628638,360,97240.99,W1-m-RES1-DF,06101050201,RES,RES1,W1,MC,RES1,m
762483,33.7874758,-117.9397292,360,462070.2,W1-m-RES1-DF,06059088302,RES,RES1,W1,MC,RES1,m
762585,34.1567387,-117.4310596,360,90816.26,W1-m-RES1-DF,06071002709,RES,RES1,W1,MC,RES1,m
762627,33.9996748,-118.2839315,360,45833.28,W1-m-RES1-DF,06037232120,RES,RES1,W1,MC,RES1,m
762691,34.0661164,-118.1501366,360,135439.4,W1-m-RES1-DF,06037481902,RES,RES1,W1,MC,RES1,m
762875,34.0677859,-118.3317418,360,929074.4,W1-m-RES1-DF,06037211000,RES,RES1,W1,MC,RES1,m
762969,37.6746707,-122.1022676,360,103019.8,W1-m-RES1-DF,06001435601,RES,RES1,W1,MC,RES1,m
763133,34.1501314,-118.7797726,360,460096.7,W1-m-RES1-DF,06037800324,RES,RES1,W1,MC,RES1,m
763218,32.8524426,-116.9613512,360,241661.8,W1-m-RES1-DF,06073016607,RES,RES1,W1,MC,RES1,m
763291,33.7348325,-116.3868788,360,23595.82,W1-m-RES1-DF,06065045118,RES,RES1,W1,MC,RES1,m
763378,34.9494695,-120.4266148,360,136649.7,W1-m-RES1-DF,06083002101,RES,RES1,W1,MC,RES1,m
763457,38.4465455,-121.4005698,360,474221.0,W1-m-RES1-DF,06067009335,RES,RES1,W1,MC,RES1,m
763531,33.9324824,-117.9531628,360,133872.9,W1-m-RES1-DF,06059001201,RES,RES1,W1,MC,RES1,m
763596,32.8161877,-117.2324544,360,471112.5,W1-m-RES1-DF,06073008301,RES,RES1,W1,MC,RES1,m
763646,34.0668275,-118.4364091,360,261498.5,W1-m-RES1-DF,06037265201,RES,RES1,W1,MC,RES1,m
763693,33.5502749,-117.1501601,360,70979.0,W1-m-RES1-DF,06065050501,RES,RES1,W1,MC,RES1,m
763739,36.7266453,-119.8243614,360,110018.7,W1-m-RES1-DF,06019000701,RES,RES1,W1,MC,RES1,m
763776,33.998535,-118.3135729,360,99729.7,W1-m-RES1-DF,06037232402,RES,RES1,W1,MC,RES1,m
763835,33.7897486,-118.0344624,360,403335.4,W1-m-RES1-DF,06059110001,RES,RES1,W1,MC,RES1,m
763893,33.1371192,-117.0867396,360,111195.7,W1-m-RES1-DF,06073020108,RES,RES1,W1,MC,RES1,m
763945,34.0060455,-118.2513193,360,39020.19,W1-m-RES1-DF,06037228220,RES,RES1,W1,MC,RES1,m
763993,40.6519143,-122.0134946,360,278077.4,W1-m-RES1-DF,06089012605,RES,RES1,W1,MC,RES1,m
764157,32.7435166,-117.0341644,360,48268.17,W1-m-RES1-DF,06073014400,RES,RES1,W1,MC,RES1,m
764206,38.0687077,-122.2191793,360,9522.78,W1-m-RES1-DF,06095250604,RES,RES1,W1,MC,RES1,m
764262,37.5849957,-122.0683439,360,279938.4,W1-m-RES1-DF,06001440306,RES,RES1,W1,MC,RES1,m
764308,34.1784093,-118.0870401,360,310661.9,W1-m-RES1-DF,06037460001,RES,RES1,W1,MC,RES1,m
764458,37.3334224,-121.9145625,360,382569.7,W1-m-RES1-DF,06085500600,RES,RES1,W1,MC,RES1,m
764561,32.7430457,-117.221947,360,595462.6,W1-m-RES1-DF,06073006900,RES,RES1,W1,MC,RES1,m
764729,34.1491687,-118.2505278,360,62898.58,W1-m-RES1-DF,06037302002,RES,RES1,W1,MC,RES1,m
764793,33.7416391,-117.9330902,360,50786.61,W1-m-RES1-DF,06059099247,RES,RES1,W1,MC,RES1,m
764907,38.2787591,-120.9241264,360,447583.9,W1-m-RES1-DF,06005000304,RES,RES1,W1,MC,RES1,m
764979,33.7084651,-117.9760616,360,376996.6,W1-m-RES1-DF,06059099233,RES,RES1,W1,MC,RES1,m
765045,36.336005,-119.2386446,360,404830.8,W1-m-RES1-DF,06107001306,RES,RES1,W1,MC,RES1,m
765098,34.0595681,-118.2700929,360,1091.0,W1-m-RES1-DF,06037208904,RES,RES1,W1,MC,RES1,m
765177,36.8302613,-119.673098,360,672555.1,W1-m-RES1-DF,06019005702,RES,RES1,W1,MC,RES1,m
765293,38.4765085,-122.4672115,360,463001.2,W1-m-RES1-DF,06055201500,RES,RES1,W1,MC,RES1,m
765344,37.4953796,-122.2832578,360,365845.1,W1-m-RES1-DF,06081609601,RES,RES1,W1,MC,RES1,m
765462,35.3907396,-119.1188797,360,105300.3,W1-m-RES1-DF,06029003807,RES,RES1,W1,MC,RES1,m
765566,34.2106961,-119.2329126,360,238050.2,W1-m-RES1-DF,06111002905,RES,RES1,W1,MC,RES1,m
765665,33.7376034,-117.9590548,360,236164.3,W1-m-RES1-DF,06059099223,RES,RES1,W1,MC,RES1,m
765785,34.0495333,-118.3804933,360,182300.0,W1-m-RES1-DF,06037217002,RES,RES1,W1,MC,RES1,m
765911,33.7996822,-117.9195904,360,222957.9,W1-m-RES1-DF,06059087503,RES,RES1,W1,MC,RES1,m
766075,34.4205323,-119.1956252,360,171291.0,W1-m-RES1-DF,06111000902,RES,RES1,W1,MC,RES1,m
766152,39.2320185,-120.0963996,360,618024.3,W1-m-RES1-DF,06061020105,RES,RES1,W1,MC,RES1,m
766208,37.48254,-122.1915154,360,168272.3,W1-m-RES1-DF,06081610400,RES,RES1,W1,MC,RES1,m
766258,37.7001412,-122.4583264,360,192904.5,W1-m-RES1-DF,06081600501,RES,RES1,W1,MC,RES1,m
766339,38.6190156,-122.8569212,360,307566.5,W1-m-RES1-DF,06097153903,RES,RES1,W1,MC,RES1,m
766441,36.8689002,-120.6584593,360,38227.07,W1-m-RES1-DF,06019008402,RES,RES1,W1,MC,RES1,m
766529,34.0529626,-118.2819584,360,4895.355,W1-m-RES1-DF,06037209510,RES,RES1,W1,MC,RES1,m
766630,33.6185325,-117.6540509,360,477106.2,W1-m-RES1-DF,06059032036,RES,RES1,W1,MC,RES1,m
766716,38.0700922,-121.7093528,360,70303.8,W1-m-RES1-DF,06067009800,RES,RES1,W1,MC,RES1,m
766848,36.2075367,-119.3656637,360,198258.0,W1-m-RES1-DF,06107002202,RES,RES1,W1,MC,RES1,m
766995,33.6368927,-117.9169861,360,91308.58,W1-m-RES1-DF,06059063301,RES,RES1,W1,MC,RES1,m
767117,36.6765137,-121.7937321,360,280164.5,W1-m-RES1-DF,06053014201,RES,RES1,W1,MC,RES1,m
767196,33.0419435,-117.0109424,360,188549.0,W1-m-RES1-DF,06073017020,RES,RES1,W1,MC,RES1,m
767311,39.5769252,-120.5219926,360,485057.0,W1-m-RES1-DF,06091010000,RES,RES1,W1,MC,RES1,m
767491,38.0218058,-122.0963072,360,352477.6,W1-m-RES1-DF,06013320001,RES,RES1,W1,MC,RES1,m
767546,33.7383582,-117.7738553,360,228775.0,W1-m-RES1-DF,06059052434,RES,RES1,W1,MC,RES1,m
767649,34.2428521,-118.2941612,360,308699.2,W1-m-RES1-DF,06037101400,RES,RES1,W1,MC,RES1,m
767685,33.6997108,-117.2534257,360,101212.4,W1-m-RES1-DF,06065042717,RES,RES1,W1,MC,RES1,m
767718,33.9518517,-117.4237908,360,197817.4,W1-m-RES1-DF,06065031002,RES,RES1,W1,MC,RES1,m
767787,32.6804224,-117.1041616,360,70264.32,W1-m-RES1-DF,06073011801,RES,RES1,W1,MC,RES1,m
767874,34.1270542,-118.0591177,360,77271.01,W1-m-RES1-DF,06037430724,RES,RES1,W1,MC,RES1,m
768001,34.1622943,-118.2471275,360,547002.6,W1-m-RES1-DF,06037301100,RES,RES1,W1,MC,RES1,m
768149,37.5581261,-122.3066879,360,316457.5,W1-m-RES1-DF,06081607600,RES,RES1,W1,MC,RES1,m
768354,34.1126336,-118.7962735,360,252180.6,W1-m-RES1-DF,06037800335,RES,RES1,W1,MC,RES1,m
768418,37.8194204,-121.2797491,360,193042.6,W1-m-RES1-DF,06077005130,RES,RES1,W1,MC,RES1,m
768466,34.4161782,-119.733007,360,306936.0,W1-m-RES1-DF,06083001307,RES,RES1,W1,MC,RES1,m
768528,34.1087422,-118.2785167,360,116867.4,W1-m-RES1-DF,06037195201,RES,RES1,W1,MC,RES1,m
768623,36.0884494,-119.1856021,360,64191.96,W1-m-RES1-DF,06107003202,RES,RES1,W1,MC,RES1,m
768687,34.1271062,-117.6071663,360,222665.3,W1-m-RES1-DF,06071002015,RES,RES1,W1,MC,RES1,m
768758,34.0670821,-118.0761201,360,138672.4,W1-m-RES1-DF,06037433601,RES,RES1,W1,MC,RES1,m
768867,37.9354715,-122.0743431,360,586752.9,W1-m-RES1-DF,06013325000,RES,RES1,W1,MC,RES1,m
768918,34.0296989,-117.1899517,360,422787.3,W1-m-RES1-DF,06071008302,RES,RES1,W1,MC,RES1,m
769096,34.1853864,-118.9672017,360,90740.34,W1-m-RES1-DF,06111005803,RES,RES1,W1,MC,RES1,m
769138,34.0812616,-117.4269801,360,227711.1,W1-m-RES1-DF,06071003201,RES,RES1,W1,MC,RES1,m
769164,38.4655654,-121.2914003,360,960204.0,W1-m-RES1-DF,06067009326,RES,RES1,W1,MC,RES1,m
769195,36.1936316,-119.3044354,360,768944.0,W1-m-RES1-DF,06107002403,RES,RES1,W1,MC,RES1,m
769218,34.1266483,-117.7730491,360,30982.56,W1-m-RES1-DF,06037400208,RES,RES1,W1,MC,RES1,m
769231,34.0153549,-118.3020819,360,23253.81,W1-m-RES1-DF,06037231301,RES,RES1,W1,MC,RES1,m
769424,37.7126655,-121.9324172,360,685312.6,W1-m-RES1-DF,06001450400,RES,RES1,W1,MC,RES1,m
769535,34.8725903,-120.3430118,360,344614.1,W1-m-RES1-DF,06083002006,RES,RES1,W1,MC,RES1,m
769658,36.5384554,-119.3859443,360,259894.0,W1-m-RES1-DF,06107000501,RES,RES1,W1,MC,RES1,m
769748,37.9661183,-121.347405,360,283151.6,W1-m-RES1-DF,06077001000,RES,RES1,W1,MC,RES1,m
769799,37.7939452,-122.2330985,360,113588.6,W1-m-RES1-DF,06001405800,RES,RES1,W1,MC,RES1,m
769970,37.5467322,-122.2997355,360,199367.5,W1-m-RES1-DF,06081607500,RES,RES1,W1,MC,RES1,m
770058,34.6298162,-117.8431552,360,10993.17,W1-m-RES1-DF,06037900103,RES,RES1,W1,MC,RES1,m
770161,37.7927606,-121.1963115,360,230253.0,W1-m-RES1-DF,06077005140,RES,RES1,W1,MC,RES1,m
770245,33.210746,-117.2669438,360,114681.2,W1-m-RES1-DF,06073019403,RES,RES1,W1,MC,RES1,m
770354,33.878511,-117.5160215,360,117913.2,W1-m-RES1-DF,06065041411,RES,RES1,W1,MC,RES1,m
770451,32.7250255,-117.0950446,360,249389.9,W1-m-RES1-DF,06073003401,RES,RES1,W1,MC,RES1,m
770514,32.9217551,-117.1266053,360,230221.0,W1-m-RES1-DF,06073008355,RES,RES1,W1,MC,RES1,m
770592,38.4702327,-122.759351,360,12510.44,W1-m-RES1-DF,06097152905,RES,RES1,W1,MC,RES1,m
770664,37.3320024,-121.8050953,360,31605.8,W1-m-RES1-DF,06085503321,RES,RES1,W1,MC,RES1,m
770713,34.069709,-118.2779829,360,41780.69,W1-m-RES1-DF,06037208620,RES,RES1,W1,MC,RES1,m
770811,38.8821767,-122.7791923,360,98735.98,W1-m-RES1-DF,06033001101,RES,RES1,W1,MC,RES1,m
770865,33.9733424,-117.7236934,360,319136.4,W1-m-RES1-DF,06071000109,RES,RES1,W1,MC,RES1,m
770928,34.5311782,-117.2006679,360,266101.5,W1-m-RES1-DF,06071009714,RES,RES1,W1,MC,RES1,m
771019,33.9955625,-118.4722134,360,78318.45,W1-m-RES1-DF,06037273300,RES,RES1,W1,MC,RES1,m
771105,33.9058097,-118.2266176,360,41464.4,W1-m-RES1-DF,06037542601,RES,RES1,W1,MC,RES1,m
771155,34.128184,-117.4156002,360,10531.8,W1-m-RES1-DF,06071002306,RES,RES1,W1,MC,RES1,m
771202,37.3341512,-121.9845409,360,518726.9,W1-m-RES1-DF,06085506101,RES,RES1,W1,MC,RES1,m
771287,34.1126894,-118.2884455,360,176309.1,W1-m-RES1-DF,06037189102,RES,RES1,W1,MC,RES1,m
771397,36.9594832,-121.7817391,360,140455.0,W1-m-RES1-DF,06087123100,RES,RES1,W1,MC,RES1,m
771500,33.3428917,-116.9835674,360,54972.7,W1-m-RES1-DF,06073019108,RES,RES1,W1,MC,RES1,m
771555,33.9130459,-118.1541186,360,37492.19,W1-m-RES1-DF,06037553503,RES,RES1,W1,MC,RES1,m
771651,33.8847475,-118.1285839,360,43971.21,W1-m-RES1-DF,06037554204,RES,RES1,W1,MC,RES1,m
771708,33.7097314,-117.900654,360,245995.2,W1-m-RES1-DF,06059074110,RES,RES1,W1,MC,RES1,m
771801,35.3706406,-119.1027528,360,153267.4,W1-m-RES1-DF,06029003812,RES,RES1,W1,MC,RES1,m
771896,34.0724565,-118.3152596,360,339722.2,W1-m-RES1-DF,06037211500,RES,RES1,W1,MC,RES1,m
771964,37.7396295,-122.4224695,360,218665.6,W1-m-RES1-DF,06075025401,RES,RES1,W1,MC,RES1,m
772038,37.6668235,-122.0404127,360,480741.8,W1-m-RES1-DF,06001436402,RES,RES1,W1,MC,RES1,m
772083,33.8637759,-117.9637238,360,170658.3,W1-m-RES1-DF,06059001901,RES,RES1,W1,MC,RES1,m
772216,34.032337,-118.4722531,360,73061.8,W1-m-RES1-DF,06037701701,RES,RES1,W1,MC,RES1,m
772313,34.2264373,-118.4643776,360,84599.68,W1-m-RES1-DF,06037117530,RES,RES1,W1,MC,RES1,m
772429,34.0278406,-118.3401928,360,149231.6,W1-m-RES1-DF,06037220000,RES,RES1,W1,MC,RES1,m
772559,33.8485739,-117.9804657,360,214923.9,W1-m-RES1-DF,06059086801,RES,RES1,W1,MC,RES1,m
772659,34.2247342,-118.5317299,360,74882.28,W1-m-RES1-DF,06037115403,RES,RES1,W1,MC,RES1,m
772702,37.2411911,-121.8246191,360,418099.0,W1-m-RES1-DF,06085512037,RES,RES1,W1,MC,RES1,m
772728,39.9159943,-121.6670307,360,268895.9,W1-m-RES1-DF,06007001601,RES,RES1,W1,MC,RES1,m
772784,35.4069512,-119.0833307,360,64225.7,W1-m-RES1-DF,06029000505,RES,RES1,W1,MC,RES1,m
772837,32.6184034,-117.0338466,360,366687.4,W1-m-RES1-DF,06073013309,RES,RES1,W1,MC,RES1,m
772908,37.3573031,-122.0260531,360,270361.2,W1-m-RES1-DF,06085508503,RES,RES1,W1,MC,RES1,m
773051,36.8048592,-119.7159641,360,235741.0,W1-m-RES1-DF,06019003102,RES,RES1,W1,MC,RES1,m
773131,34.0994731,-117.413994,360,234488.3,W1-m-RES1-DF,06071003401,RES,RES1,W1,MC,RES1,m
773189,39.2246605,-120.7182112,360,385588.0,W1-m-RES1-DF,06061022013,RES,RES1,W1,MC,RES1,m
773299,37.2568596,-121.7680942,360,358603.7,W1-m-RES1-DF,06085512001,RES,RES1,W1,MC,RES1,m
